annotation_status,backend,bytes_shipped_p50,cardinality_candidates_p50,cardinality_predicate_matches_p50,cardinality_reached_p50,cardinality_seeds_p50,dataset,hit_at_1,hit_at_5,hops,is_default,k,latency_p50_ms,latency_p95_ms,latency_p99_ms,mrr,plan_id,predicate_placement,query_hop_limit,query_id,recall_at_20,repetitions,round_trips_p50,serialization_fraction_p50,shape,stage_ann_ms_p50,stage_filter_ms_p50,stage_merge_ms_p50,stage_traverse_ms_p50,template,valid_for_system_latency_claims
generated_exact_oracle,tridb_live,0.0,3.0,31.0,,20.0,openevolve,1.0,1.0,3,False,20,0.534216,0.661494,0.6728076000000001,1.0,filter_first-03c0190c958c,pre,2,oe-000,1.0,3,0.0,0.0,filter_first,0.103,0.0,0.41521600000000003,0.017,ancestor_reuse,True
generated_exact_oracle,tridb_live,0.0,0.0,31.0,,1.0,openevolve,0.0,0.0,5,False,1,0.57562,0.9287449,0.9601337799999999,0.0,filter_first-0b936184cc1f,pre,2,oe-000,0.0,3,0.0,0.0,filter_first,0.107,0.0,0.44662,0.022,ancestor_reuse,True
generated_exact_oracle,tridb_live,0.0,3.0,31.0,,10.0,openevolve,1.0,1.0,3,False,10,0.554528,0.554906,0.5549396,1.0,filter_first-100fc75abb62,pre,2,oe-000,1.0,3,0.0,0.0,filter_first,0.103,0.0,0.432528,0.016,ancestor_reuse,True
generated_exact_oracle,tridb_live,0.0,5.0,31.0,,31.0,openevolve,0.0,1.0,5,False,31,0.532079,0.5564024,0.5585644799999999,0.5,filter_first-18c5ab755e0f,pre,2,oe-000,1.0,3,0.0,0.0,filter_first,0.098,0.0,0.415079,0.02,ancestor_reuse,True
generated_exact_oracle,tridb_live,0.0,1.0,31.0,,5.0,openevolve,1.0,1.0,3,False,5,0.540451,0.5659309,0.56819578,1.0,filter_first-1bcb17c507ca,pre,2,oe-000,0.5,3,0.0,0.0,filter_first,0.105,0.0,0.421451,0.017,ancestor_reuse,True
generated_exact_oracle,tridb_live,0.0,1.0,31.0,,20.0,openevolve,1.0,1.0,1,False,20,0.529751,0.5352022999999999,0.53568686,1.0,filter_first-1cad3c1573b2,pre,2,oe-000,0.5,3,0.0,0.0,filter_first,0.097,0.0,0.41780799999999996,0.015,ancestor_reuse,True
generated_exact_oracle,tridb_live,0.0,2.0,31.0,,5.0,openevolve,0.0,1.0,5,False,5,0.550249,0.5583355,0.5590543,0.5,filter_first-31743712ac49,pre,2,oe-000,0.5,3,0.0,0.0,filter_first,0.105,0.0,0.423234,0.021,ancestor_reuse,True
generated_exact_oracle,tridb_live,0.0,0.0,31.0,,1.0,openevolve,0.0,0.0,2,False,1,0.614111,1.0523677999999999,1.09132396,0.0,filter_first-3a7f1025f729,pre,2,oe-000,0.0,3,0.0,0.0,filter_first,0.122,0.0,0.47411099999999995,0.019,ancestor_reuse,True
generated_exact_oracle,tridb_live,0.0,2.0,31.0,,20.0,openevolve,1.0,1.0,2,False,20,0.529555,0.5385711999999999,0.53937264,1.0,filter_first-46ec65dc7fea,pre,2,oe-000,1.0,3,0.0,0.0,filter_first,0.1,0.0,0.415222,0.015,ancestor_reuse,True
generated_exact_oracle,tridb_live,0.0,0.0,31.0,,1.0,openevolve,0.0,0.0,3,False,1,0.600654,0.6941307,0.70243974,0.0,filter_first-68e8f1c34182,pre,2,oe-000,0.0,3,0.0,0.0,filter_first,0.122,0.0,0.442654,0.02,ancestor_reuse,True
generated_exact_oracle,tridb_live,0.0,1.0,31.0,,10.0,openevolve,1.0,1.0,1,False,10,0.658793,0.7734314,0.78362148,1.0,filter_first-8532bb36e741,pre,2,oe-000,0.5,3,0.0,0.0,filter_first,0.107,0.0,0.533793,0.016,ancestor_reuse,True
generated_exact_oracle,tridb_live,0.0,0.0,31.0,,5.0,openevolve,0.0,0.0,1,False,5,0.583135,0.8025171999999999,0.82201784,0.0,filter_first-8699218b4a03,pre,2,oe-000,0.0,3,0.0,0.0,filter_first,0.121,0.0,0.44213499999999994,0.02,ancestor_reuse,True
generated_exact_oracle,tridb_live,0.0,2.0,31.0,,10.0,openevolve,1.0,1.0,2,False,10,0.552822,0.5675784,0.56889008,1.0,filter_first-88d1f0b4340a,pre,2,oe-000,1.0,3,0.0,0.0,filter_first,0.101,0.0,0.439415,0.016,ancestor_reuse,True
generated_exact_oracle,tridb_live,0.0,1.0,31.0,,5.0,openevolve,1.0,1.0,2,False,5,0.543059,0.5617898,0.56345476,1.0,filter_first-bb7c33f6d989,pre,2,oe-000,0.5,3,0.0,0.0,filter_first,0.103,0.0,0.42305899999999996,0.017,ancestor_reuse,True
generated_exact_oracle,tridb_live,0.0,1.0,31.0,,31.0,openevolve,1.0,1.0,1,False,31,0.553947,0.5789742,0.58119884,1.0,filter_first-be38ca0c5e18,pre,2,oe-000,0.5,3,0.0,0.0,filter_first,0.105,0.0,0.43912700000000005,0.015,ancestor_reuse,True
generated_exact_oracle,tridb_live,0.0,3.0,31.0,,31.0,openevolve,1.0,1.0,3,False,31,0.538561,0.5479696000000001,0.5488059200000001,1.0,filter_first-cd32452ab5b9,pre,2,oe-000,1.0,3,0.0,0.0,filter_first,0.106,0.0,0.41656099999999996,0.016,ancestor_reuse,True
generated_exact_oracle,tridb_live,0.0,2.0,31.0,,31.0,openevolve,1.0,1.0,2,False,31,0.622046,0.6532121,0.65598242,1.0,filter_first-ce8f691a5541,pre,2,oe-000,1.0,3,0.0,0.0,filter_first,0.108,0.0,0.46504599999999996,0.016,ancestor_reuse,True
generated_exact_oracle,tridb_live,0.0,4.0,31.0,,10.0,openevolve,0.0,1.0,5,False,10,0.544455,0.5510664,0.5516540799999999,0.5,filter_first-dac925d86324,pre,2,oe-000,1.0,3,0.0,0.0,filter_first,0.103,0.0,0.424801,0.019,ancestor_reuse,True
generated_exact_oracle,tridb_live,0.0,4.0,31.0,,20.0,openevolve,0.0,1.0,5,False,20,0.79441,0.8083852,0.8096274400000001,0.5,filter_first-dc7fbfdd08ef,pre,2,oe-000,1.0,3,0.0,0.0,filter_first,0.106,0.0,0.67341,0.02,ancestor_reuse,True
generated_exact_oracle,tridb_live,0.0,0.0,31.0,,1.0,openevolve,0.0,0.0,1,False,1,0.721502,0.8203148,0.82909816,0.0,filter_first-ef43b60e2e3b,pre,2,oe-000,0.0,3,0.0,0.0,filter_first,0.16,0.0,0.496502,0.021,ancestor_reuse,True
generated_exact_oracle,tridb_live,0.0,5.0,31.0,,,openevolve,0.0,1.0,5,False,31,0.538325,0.5463764,0.54709208,0.5,traverse_first-025d91062f7e,post,2,oe-000,1.0,3,0.0,0.0,traverse_first,0.01,0.083,0.42332500000000006,0.021,ancestor_reuse,True
generated_exact_oracle,tridb_live,0.0,5.0,31.0,,,openevolve,0.0,1.0,5,False,20,0.566216,0.5702921,0.57065442,0.5,traverse_first-08ab08ac3fd6,post,2,oe-000,1.0,3,0.0,0.0,traverse_first,0.011,0.092,0.44021600000000005,0.023,ancestor_reuse,True
generated_exact_oracle,tridb_live,0.0,3.0,31.0,,,openevolve,1.0,1.0,3,False,20,0.55603,0.5751433,0.5768422599999999,1.0,traverse_first-0ce2265627bb,during,2,oe-000,1.0,3,0.0,0.0,traverse_first,0.014,0.067,0.457117,0.023,ancestor_reuse,True
generated_exact_oracle,tridb_live,0.0,1.0,31.0,,,openevolve,1.0,1.0,1,False,1,0.467927,0.4837121,0.48511522,1.0,traverse_first-0e65f761853b,during,2,oe-000,0.5,3,0.0,0.0,traverse_first,0.003,0.025,0.426927,0.015,ancestor_reuse,True
generated_exact_oracle,tridb_live,0.0,1.0,31.0,,,openevolve,1.0,1.0,2,False,1,0.48617,0.4974911,0.49849742,1.0,traverse_first-1401f30333f9,post,2,oe-000,0.5,3,0.0,0.0,traverse_first,0.006,0.042,0.42117,0.016,ancestor_reuse,True
generated_exact_oracle,tridb_live,0.0,1.0,31.0,,,openevolve,1.0,1.0,1,False,31,0.476408,0.4887776,0.48987712,1.0,traverse_first-15ea918cf3ed,during,2,oe-000,0.5,3,0.0,0.0,traverse_first,0.003,0.022,0.436408,0.015,ancestor_reuse,True
generated_exact_oracle,tridb_live,0.0,2.0,31.0,,,openevolve,1.0,1.0,2,False,31,0.486616,0.4957879,0.49660318,1.0,traverse_first-181bab948b21,post,2,oe-000,1.0,3,0.0,0.0,traverse_first,0.005,0.049,0.414616,0.018,ancestor_reuse,True
generated_exact_oracle,tridb_live,0.0,1.0,31.0,,,openevolve,1.0,1.0,1,False,5,0.554926,0.8632947999999999,0.89070536,1.0,traverse_first-2ef9d31e2115,during,2,oe-000,0.5,3,0.0,0.0,traverse_first,0.002,0.02,0.518926,0.015,ancestor_reuse,True
generated_exact_oracle,tridb_live,0.0,1.0,31.0,,,openevolve,1.0,1.0,1,False,31,0.470124,0.4891311,0.49082062,1.0,traverse_first-337d9b2cc0f4,post,2,oe-000,0.5,3,0.0,0.0,traverse_first,0.003,0.032,0.42618300000000003,0.016,ancestor_reuse,True
generated_exact_oracle,tridb_live,0.0,3.0,31.0,,,openevolve,1.0,1.0,3,False,20,0.538093,0.5511331,0.55229222,1.0,traverse_first-488fa7065b52,post,2,oe-000,1.0,3,0.0,0.0,traverse_first,0.011,0.061,0.44258200000000003,0.022,ancestor_reuse,True
generated_exact_oracle,tridb_live,0.0,1.0,31.0,,,openevolve,0.0,0.0,5,False,1,0.588227,0.5963090000000001,0.5970274000000001,0.0,traverse_first-49ace1949b9b,during,2,oe-000,0.0,3,0.0,0.0,traverse_first,0.011,0.096,0.434207,0.024,ancestor_reuse,True
generated_exact_oracle,tridb_live,0.0,1.0,31.0,,,openevolve,1.0,1.0,3,False,1,0.523784,0.5267666,0.52703172,1.0,traverse_first-4ee862e3f54f,during,2,oe-000,0.5,3,0.0,0.0,traverse_first,0.014,0.066,0.41809799999999997,0.02,ancestor_reuse,True
generated_exact_oracle,tridb_live,0.0,3.0,31.0,,,openevolve,1.0,1.0,3,False,10,0.502917,0.5071739999999999,0.5075523999999999,1.0,traverse_first-520420e3895b,post,2,oe-000,1.0,3,0.0,0.0,traverse_first,0.011,0.051,0.42191699999999993,0.017,ancestor_reuse,True
generated_exact_oracle,tridb_live,0.0,5.0,31.0,,,openevolve,0.0,1.0,5,False,5,0.545807,0.5468213000000001,0.54691146,0.5,traverse_first-58584ddc9129,post,2,oe-000,1.0,3,0.0,0.0,traverse_first,0.01,0.08,0.42680700000000005,0.019,ancestor_reuse,True
generated_exact_oracle,tridb_live,0.0,2.0,31.0,,,openevolve,1.0,1.0,2,False,10,0.495279,0.5026986,0.50335812,1.0,traverse_first-5be44627d46d,post,2,oe-000,1.0,3,0.0,0.0,traverse_first,0.005,0.041,0.429279,0.017,ancestor_reuse,True
generated_exact_oracle,tridb_live,0.0,2.0,31.0,,,openevolve,1.0,1.0,2,False,20,0.547555,0.5898118,0.59356796,1.0,traverse_first-5dac164247a2,post,2,oe-000,1.0,3,0.0,0.0,traverse_first,0.013,0.064,0.44455500000000003,0.026,ancestor_reuse,True
generated_exact_oracle,tridb_live,0.0,5.0,31.0,,,openevolve,0.0,1.0,5,False,20,0.665631,0.9075842999999999,0.92909126,0.5,traverse_first-62b9b3f6c548,during,2,oe-000,1.0,3,0.0,0.0,traverse_first,0.014,0.121,0.483631,0.047,ancestor_reuse,True
generated_exact_oracle,tridb_live,0.0,1.0,31.0,,,openevolve,1.0,1.0,1,False,20,0.44933,0.4615412,0.46262664,1.0,traverse_first-6e5585f7fa7d,during,2,oe-000,0.5,3,0.0,0.0,traverse_first,0.002,0.019,0.41533,0.014,ancestor_reuse,True
generated_exact_oracle,tridb_live,0.0,1.0,31.0,,,openevolve,1.0,1.0,3,False,1,0.50151,0.5084687999999999,0.50908736,1.0,traverse_first-70d454e2e64f,post,2,oe-000,0.5,3,0.0,0.0,traverse_first,0.013,0.055,0.41751,0.016,ancestor_reuse,True
generated_exact_oracle,tridb_live,0.0,1.0,31.0,,,openevolve,1.0,1.0,1,False,20,0.582286,0.9171003999999999,0.9468616799999999,1.0,traverse_first-76359c42693a,post,2,oe-000,0.5,3,0.0,0.0,traverse_first,0.005,0.055,0.501286,0.021,ancestor_reuse,True
generated_exact_oracle,tridb_live,0.0,3.0,31.0,,,openevolve,1.0,1.0,3,False,31,0.517775,0.5415700999999999,0.54368522,1.0,traverse_first-782e67473b54,during,2,oe-000,1.0,3,0.0,0.0,traverse_first,0.014,0.063,0.420775,0.02,ancestor_reuse,True
generated_exact_oracle,tridb_live,0.0,3.0,31.0,,,openevolve,1.0,1.0,3,False,5,0.528316,0.5415721,0.54275042,1.0,traverse_first-79ee91cd021b,post,2,oe-000,1.0,3,0.0,0.0,traverse_first,0.011,0.054,0.44231600000000004,0.017,ancestor_reuse,True
generated_exact_oracle,tridb_live,0.0,1.0,31.0,,,openevolve,1.0,1.0,1,False,10,0.455125,0.4703782,0.47173404,1.0,traverse_first-7e45a5be9de9,post,2,oe-000,0.5,3,0.0,0.0,traverse_first,0.002,0.026,0.41944499999999996,0.014,ancestor_reuse,True
generated_exact_oracle,tridb_live,0.0,1.0,31.0,,,openevolve,0.0,0.0,5,False,1,0.529267,0.5456578000000001,0.54711476,0.0,traverse_first-83bddfb7afc0,post,2,oe-000,0.0,3,0.0,0.0,traverse_first,0.011,0.083,0.41726700000000005,0.021,ancestor_reuse,True
generated_exact_oracle,tridb_live,0.0,3.0,31.0,,,openevolve,1.0,1.0,3,False,10,0.51196,0.8445883,0.87415526,1.0,traverse_first-85c5a61d5cac,during,2,oe-000,1.0,3,0.0,0.0,traverse_first,0.013,0.059,0.43095999999999995,0.02,ancestor_reuse,True
generated_exact_oracle,tridb_live,0.0,5.0,31.0,,,openevolve,0.0,1.0,5,False,5,0.573634,1.315504,1.381448,0.5,traverse_first-8601c73b4d10,during,2,oe-000,1.0,3,0.0,0.0,traverse_first,0.01,0.09,0.451634,0.022,ancestor_reuse,True
generated_exact_oracle,tridb_live,0.0,3.0,31.0,,,openevolve,1.0,1.0,3,False,5,0.530294,0.549311,0.5510014,1.0,traverse_first-89a453d84bbf,during,2,oe-000,1.0,3,0.0,0.0,traverse_first,0.012,0.059,0.43729400000000007,0.017,ancestor_reuse,True
generated_exact_oracle,tridb_live,0.0,1.0,31.0,,,openevolve,1.0,1.0,1,False,10,0.475601,0.48730009999999996,0.48834002,1.0,traverse_first-8d055dcb7096,during,2,oe-000,0.5,3,0.0,0.0,traverse_first,0.003,0.021,0.436601,0.015,ancestor_reuse,True
generated_exact_oracle,tridb_live,0.0,2.0,31.0,,,openevolve,1.0,1.0,2,False,31,0.495044,0.4994153,0.49980386,1.0,traverse_first-90c6f45e3991,during,2,oe-000,1.0,3,0.0,0.0,traverse_first,0.006,0.047,0.41504399999999997,0.019,ancestor_reuse,True
generated_exact_oracle,tridb_live,0.0,1.0,31.0,,,openevolve,1.0,1.0,2,False,1,0.485347,0.4855027,0.48551654,1.0,traverse_first-92d6d9491887,during,2,oe-000,0.5,3,0.0,0.0,traverse_first,0.006,0.047,0.41434699999999997,0.018,ancestor_reuse,True
generated_exact_oracle,tridb_live,0.0,1.0,31.0,,,openevolve,1.0,1.0,1,False,1,0.458054,0.5283791,0.53463022,1.0,traverse_first-a6e5d14e469b,post,2,oe-000,0.5,3,0.0,0.0,traverse_first,0.002,0.026,0.41405400000000003,0.013,ancestor_reuse,True
generated_exact_oracle,tridb_live,0.0,2.0,31.0,,,openevolve,1.0,1.0,2,False,5,0.52167,0.6118698,0.61988756,1.0,traverse_first-b279d6126ea0,post,2,oe-000,1.0,3,0.0,0.0,traverse_first,0.006,0.046,0.44866999999999996,0.017,ancestor_reuse,True
generated_exact_oracle,tridb_live,0.0,3.0,31.0,,,openevolve,1.0,1.0,3,False,31,0.49605,0.5255844,0.5282096799999999,1.0,traverse_first-b8c2c2ac41e4,post,2,oe-000,1.0,3,0.0,0.0,traverse_first,0.012,0.054,0.413691,0.018,ancestor_reuse,True
generated_exact_oracle,tridb_live,0.0,2.0,31.0,,,openevolve,1.0,1.0,2,False,5,0.498005,0.5056847,0.50636734,1.0,traverse_first-cccdd3ed958f,during,2,oe-000,1.0,3,0.0,0.0,traverse_first,0.007,0.041,0.43253800000000003,0.015,ancestor_reuse,True
generated_exact_oracle,tridb_live,0.0,5.0,31.0,,,openevolve,0.0,1.0,5,False,31,0.559709,0.5755679,0.57697758,0.5,traverse_first-d56cf7e61a35,during,2,oe-000,1.0,3,0.0,0.0,traverse_first,0.014,0.091,0.435709,0.02,ancestor_reuse,True
generated_exact_oracle,tridb_live,0.0,5.0,31.0,,,openevolve,0.0,1.0,5,False,10,0.561274,0.5690527,0.56974414,0.5,traverse_first-df19a1a33fe5,during,2,oe-000,1.0,3,0.0,0.0,traverse_first,0.014,0.089,0.42827400000000004,0.022,ancestor_reuse,True
generated_exact_oracle,tridb_live,0.0,5.0,31.0,,,openevolve,0.0,1.0,5,False,10,0.527378,0.5335664,0.53411648,0.5,traverse_first-e036b666ccda,post,2,oe-000,1.0,3,0.0,0.0,traverse_first,0.01,0.081,0.415378,0.02,ancestor_reuse,True
generated_exact_oracle,tridb_live,0.0,2.0,31.0,,,openevolve,1.0,1.0,2,False,20,0.506333,0.5229794,0.52445908,1.0,traverse_first-e4d7ef105a79,during,2,oe-000,1.0,3,0.0,0.0,traverse_first,0.006,0.054,0.426829,0.025,ancestor_reuse,True
generated_exact_oracle,tridb_live,0.0,1.0,31.0,,,openevolve,1.0,1.0,1,False,5,0.481841,0.5453944999999999,0.5510436999999999,1.0,traverse_first-f0fdb2bba196,post,2,oe-000,0.5,3,0.0,0.0,traverse_first,0.002,0.024,0.43984100000000004,0.013,ancestor_reuse,True
generated_exact_oracle,tridb_live,0.0,2.0,31.0,,,openevolve,1.0,1.0,2,False,10,0.485711,0.5022565999999999,0.50372732,1.0,traverse_first-f9b36ac9da92,during,2,oe-000,1.0,3,0.0,0.0,traverse_first,0.006,0.045,0.421711,0.014,ancestor_reuse,True
generated_exact_oracle,tridb_live,0.0,2.0,31.0,,5.0,openevolve,0.0,1.0,5,False,5,0.643396,0.6574729,0.65872418,0.5,vector_first-022628fa8c07,during,2,oe-000,0.5,3,0.0,0.0,vector_first,0.092,0.08,0.44339599999999996,0.025,ancestor_reuse,True
generated_exact_oracle,tridb_live,0.0,3.0,31.0,,31.0,openevolve,1.0,1.0,3,False,31,0.663898,1.1201377,1.16069234,1.0,vector_first-02563f96566e,post,2,oe-000,1.0,3,0.0,0.0,vector_first,0.131,0.049,0.461898,0.022,ancestor_reuse,True
generated_exact_oracle,tridb_live,0.0,2.0,31.0,,31.0,openevolve,1.0,1.0,2,False,31,0.803432,0.9047611999999999,0.9137682399999999,1.0,vector_first-0d6433b7dd6b,during,2,oe-000,1.0,3,0.0,0.0,vector_first,0.157,0.149,0.475432,0.025,ancestor_reuse,True
generated_exact_oracle,tridb_live,0.0,0.0,31.0,,1.0,openevolve,0.0,0.0,3,False,1,0.519484,0.5789245,0.5842081,0.0,vector_first-17479e220710,post,2,oe-000,0.0,3,0.0,0.0,vector_first,0.07,0.0,0.430233,0.024,ancestor_reuse,True
generated_exact_oracle,tridb_live,0.0,3.0,31.0,,20.0,openevolve,1.0,1.0,3,False,20,0.73873,1.5177196,1.58696312,1.0,vector_first-181f342b270a,post,2,oe-000,1.0,3,0.0,0.0,vector_first,0.117,0.052,0.5467299999999999,0.024,ancestor_reuse,True
generated_exact_oracle,tridb_live,0.0,0.0,31.0,,1.0,openevolve,0.0,0.0,3,False,1,0.556243,0.8647881999999999,0.8922144399999999,0.0,vector_first-1af22faa6077,during,2,oe-000,0.0,3,0.0,0.0,vector_first,0.083,0.024,0.42824300000000004,0.02,ancestor_reuse,True
generated_exact_oracle,tridb_live,0.0,3.0,31.0,,10.0,openevolve,1.0,1.0,3,False,10,0.644862,0.8151590999999999,0.8302966199999999,1.0,vector_first-1f98d69fd4bb,during,2,oe-000,1.0,3,0.0,0.0,vector_first,0.091,0.098,0.4368620000000001,0.022,ancestor_reuse,True
generated_exact_oracle,tridb_live,0.0,2.0,31.0,,20.0,openevolve,1.0,1.0,2,False,20,0.693893,0.7076783,0.70890366,1.0,vector_first-27d19d1f923e,during,2,oe-000,1.0,3,0.0,0.0,vector_first,0.116,0.123,0.43021,0.023,ancestor_reuse,True
generated_exact_oracle,tridb_live,0.0,4.0,31.0,,10.0,openevolve,0.0,1.0,5,False,10,0.602577,0.6270021,0.6291732200000001,0.5,vector_first-3b5ba3173bf9,post,2,oe-000,1.0,3,0.0,0.0,vector_first,0.083,0.06,0.436577,0.023,ancestor_reuse,True
generated_exact_oracle,tridb_live,0.0,1.0,31.0,,10.0,openevolve,1.0,1.0,1,False,10,0.572356,0.5780404,0.57854568,1.0,vector_first-404f84e6a5f4,post,2,oe-000,0.5,3,0.0,0.0,vector_first,0.087,0.021,0.44510800000000006,0.017,ancestor_reuse,True
generated_exact_oracle,tridb_live,0.0,1.0,31.0,,20.0,openevolve,1.0,1.0,1,False,20,0.688593,0.7017771,0.70294902,1.0,vector_first-4c96de282a3c,during,2,oe-000,0.5,3,0.0,0.0,vector_first,0.117,0.122,0.42410000000000003,0.019,ancestor_reuse,True
generated_exact_oracle,tridb_live,0.0,0.0,31.0,,5.0,openevolve,0.0,0.0,1,False,5,0.628907,0.6303038,0.63042796,0.0,vector_first-539cd672e6b6,post,2,oe-000,0.0,3,0.0,0.0,vector_first,0.076,0.0,0.517907,0.015,ancestor_reuse,True
generated_exact_oracle,tridb_live,0.0,3.0,31.0,,31.0,openevolve,1.0,1.0,3,False,31,0.80333,1.0332134,1.05364748,1.0,vector_first-55a4789c3974,during,2,oe-000,1.0,3,0.0,0.0,vector_first,0.148,0.148,0.47637500000000005,0.031,ancestor_reuse,True
generated_exact_oracle,tridb_live,0.0,1.0,31.0,,5.0,openevolve,1.0,1.0,2,False,5,0.643124,0.6536828,0.65462136,1.0,vector_first-7462d459aaf5,during,2,oe-000,0.5,3,0.0,0.0,vector_first,0.083,0.076,0.452124,0.019,ancestor_reuse,True
generated_exact_oracle,tridb_live,0.0,4.0,31.0,,20.0,openevolve,0.0,1.0,5,False,20,0.646893,0.6506145000000001,0.6509453000000001,0.5,vector_first-769ad60b254f,post,2,oe-000,1.0,3,0.0,0.0,vector_first,0.12,0.062,0.4408930000000001,0.023,ancestor_reuse,True
generated_exact_oracle,tridb_live,0.0,0.0,31.0,,1.0,openevolve,0.0,0.0,2,False,1,0.515571,0.5235081,0.52421362,0.0,vector_first-79d7f13154dd,post,2,oe-000,0.0,3,0.0,0.0,vector_first,0.074,0.0,0.42357100000000003,0.018,ancestor_reuse,True
generated_exact_oracle,tridb_live,0.0,3.0,31.0,,20.0,openevolve,1.0,1.0,3,False,20,0.739674,0.9718722,0.99251204,1.0,vector_first-7a75fc9fb9ab,during,2,oe-000,1.0,3,0.0,0.0,vector_first,0.113,0.12,0.43867400000000006,0.023,ancestor_reuse,True
generated_exact_oracle,tridb_live,0.0,1.0,31.0,,31.0,openevolve,1.0,1.0,1,False,31,0.609286,0.6241063,0.62542366,1.0,vector_first-7e723fa35fd9,post,2,oe-000,0.5,3,0.0,0.0,vector_first,0.131,0.022,0.427286,0.019,ancestor_reuse,True
generated_exact_oracle,tridb_live,0.0,0.0,31.0,,1.0,openevolve,0.0,0.0,5,False,1,0.532219,0.5479258,0.54932196,0.0,vector_first-8549959dfc39,during,2,oe-000,0.0,3,0.0,0.0,vector_first,0.071,0.021,0.423219,0.019,ancestor_reuse,True
generated_exact_oracle,tridb_live,0.0,0.0,31.0,,1.0,openevolve,0.0,0.0,2,False,1,0.561261,0.5801754,0.58185668,0.0,vector_first-8735078935c5,during,2,oe-000,0.0,3,0.0,0.0,vector_first,0.082,0.025,0.429261,0.021,ancestor_reuse,True
generated_exact_oracle,tridb_live,0.0,1.0,31.0,,5.0,openevolve,1.0,1.0,3,False,5,0.605783,0.6210785000000001,0.6224381000000001,1.0,vector_first-8773821ec9c7,during,2,oe-000,0.5,3,0.0,0.0,vector_first,0.08,0.073,0.4370529999999999,0.018,ancestor_reuse,True
generated_exact_oracle,tridb_live,0.0,1.0,31.0,,10.0,openevolve,1.0,1.0,1,False,10,0.677893,0.6874888,0.68834176,1.0,vector_first-879c2f5ec6a7,during,2,oe-000,0.5,3,0.0,0.0,vector_first,0.104,0.103,0.43840100000000004,0.02,ancestor_reuse,True
generated_exact_oracle,tridb_live,0.0,2.0,31.0,,10.0,openevolve,1.0,1.0,2,False,10,0.660523,0.6718666,0.67287492,1.0,vector_first-9e027ae921ee,during,2,oe-000,1.0,3,0.0,0.0,vector_first,0.1,0.1,0.432834,0.023,ancestor_reuse,True
generated_exact_oracle,tridb_live,0.0,0.0,31.0,,1.0,openevolve,0.0,0.0,1,False,1,0.595949,0.6126385999999999,0.61412212,0.0,vector_first-9f2a495d4986,during,2,oe-000,0.0,3,0.0,0.0,vector_first,0.079,0.022,0.43393000000000004,0.018,ancestor_reuse,True
generated_exact_oracle,tridb_live,0.0,1.0,31.0,,5.0,openevolve,1.0,1.0,2,False,5,0.532734,0.5397782999999999,0.54040446,1.0,vector_first-a5b8d6da0107,post,2,oe-000,0.5,3,0.0,0.0,vector_first,0.07,0.019,0.42356099999999997,0.017,ancestor_reuse,True
generated_exact_oracle,tridb_live,0.0,1.0,31.0,,5.0,openevolve,1.0,1.0,3,False,5,0.565016,0.6212002999999999,0.62619446,1.0,vector_first-a6608b0002af,post,2,oe-000,0.5,3,0.0,0.0,vector_first,0.087,0.02,0.44001599999999996,0.018,ancestor_reuse,True
generated_exact_oracle,tridb_live,0.0,2.0,31.0,,10.0,openevolve,1.0,1.0,2,False,10,0.560372,0.5882980999999999,0.59078042,1.0,vector_first-a802c228be07,post,2,oe-000,1.0,3,0.0,0.0,vector_first,0.079,0.034,0.4324009999999999,0.019,ancestor_reuse,True
generated_exact_oracle,tridb_live,0.0,5.0,31.0,,31.0,openevolve,0.0,1.0,5,False,31,0.757413,0.7719992999999999,0.77329586,0.5,vector_first-a9f78619c4c5,during,2,oe-000,1.0,3,0.0,0.0,vector_first,0.136,0.148,0.43761999999999995,0.027,ancestor_reuse,True
generated_exact_oracle,tridb_live,0.0,1.0,31.0,,31.0,openevolve,1.0,1.0,1,False,31,0.81756,0.8206605,0.8209361,1.0,vector_first-ae5e5305d255,during,2,oe-000,0.5,3,0.0,0.0,vector_first,0.158,0.155,0.45955999999999997,0.023,ancestor_reuse,True
generated_exact_oracle,tridb_live,0.0,0.0,31.0,,1.0,openevolve,0.0,0.0,5,False,1,0.502756,0.5935372,0.6016066400000001,0.0,vector_first-bbed0b0c4edb,post,2,oe-000,0.0,3,0.0,0.0,vector_first,0.063,0.0,0.42175599999999996,0.019,ancestor_reuse,True
generated_exact_oracle,tridb_live,0.0,0.0,31.0,,1.0,openevolve,0.0,0.0,1,False,1,0.51897,0.5269674,0.5276782799999999,0.0,vector_first-c1efa57fb2c2,post,2,oe-000,0.0,3,0.0,0.0,vector_first,0.066,0.0,0.435856,0.015,ancestor_reuse,True
generated_exact_oracle,tridb_live,0.0,3.0,31.0,,10.0,openevolve,1.0,1.0,3,False,10,0.588246,0.5919801,0.59231202,1.0,vector_first-c254a691f33b,post,2,oe-000,1.0,3,0.0,0.0,vector_first,0.084,0.049,0.433246,0.02,ancestor_reuse,True
generated_exact_oracle,tridb_live,0.0,2.0,31.0,,20.0,openevolve,1.0,1.0,2,False,20,0.585978,0.6100494000000001,0.61218908,1.0,vector_first-c9c7dff0ae35,post,2,oe-000,1.0,3,0.0,0.0,vector_first,0.102,0.034,0.42729799999999996,0.018,ancestor_reuse,True
generated_exact_oracle,tridb_live,0.0,1.0,31.0,,20.0,openevolve,1.0,1.0,1,False,20,0.562067,0.5796998,0.58126716,1.0,vector_first-ce905df43902,post,2,oe-000,0.5,3,0.0,0.0,vector_first,0.099,0.02,0.427659,0.016,ancestor_reuse,True
generated_exact_oracle,tridb_live,0.0,2.0,31.0,,5.0,openevolve,0.0,1.0,5,False,5,0.570153,0.5761533,0.57668666,0.5,vector_first-d746def0ad41,post,2,oe-000,0.5,3,0.0,0.0,vector_first,0.082,0.034,0.426909,0.023,ancestor_reuse,True
generated_exact_oracle,tridb_live,0.0,2.0,31.0,,31.0,openevolve,1.0,1.0,2,False,31,0.681872,1.0429358,1.07503036,1.0,vector_first-e1291c2e8845,post,2,oe-000,1.0,3,0.0,0.0,vector_first,0.138,0.037,0.486872,0.023,ancestor_reuse,True
generated_exact_oracle,tridb_live,0.0,4.0,31.0,,20.0,openevolve,0.0,1.0,5,False,20,0.725358,0.7627197,0.76604074,0.5,vector_first-e83511f32e02,during,2,oe-000,1.0,3,0.0,0.0,vector_first,0.122,0.132,0.45015499999999997,0.026,ancestor_reuse,True
generated_exact_oracle,tridb_live,0.0,1.0,31.0,,8.0,openevolve,1.0,1.0,2,True,8,0.543128,0.5456624,0.54588768,1.0,vector_first-ebaeb868fc9b,post,2,oe-000,0.5,3,0.0,0.0,vector_first,0.083,0.021,0.42212800000000006,0.017,ancestor_reuse,True
generated_exact_oracle,tridb_live,0.0,0.0,31.0,,5.0,openevolve,0.0,0.0,1,False,5,0.624112,0.6461431,0.64810142,0.0,vector_first-f0a58d413e0f,during,2,oe-000,0.0,3,0.0,0.0,vector_first,0.082,0.074,0.437112,0.016,ancestor_reuse,True
generated_exact_oracle,tridb_live,0.0,5.0,31.0,,31.0,openevolve,0.0,1.0,5,False,31,0.686004,0.6886644,0.68890088,0.5,vector_first-f0db45cb5ec3,post,2,oe-000,1.0,3,0.0,0.0,vector_first,0.137,0.077,0.440229,0.024,ancestor_reuse,True
generated_exact_oracle,tridb_live,0.0,4.0,31.0,,10.0,openevolve,0.0,1.0,5,False,10,0.642001,0.6534949,0.65451658,0.5,vector_first-f99672c00fed,during,2,oe-000,1.0,3,0.0,0.0,vector_first,0.089,0.1,0.42677200000000004,0.023,ancestor_reuse,True
generated_exact_oracle,tridb_live,0.0,1.0,1.0,,1.0,openevolve,1.0,1.0,3,False,20,0.517517,0.5657129,0.56999698,1.0,filter_first-03c0190c958c,pre,2,oe-001,1.0,3,0.0,0.0,filter_first,0.06,0.0,0.441517,0.016,sibling_comparison,True
generated_exact_oracle,tridb_live,0.0,1.0,1.0,,1.0,openevolve,1.0,1.0,5,False,1,0.524173,0.529366,0.5298276000000001,1.0,filter_first-0b936184cc1f,pre,2,oe-001,1.0,3,0.0,0.0,filter_first,0.064,0.0,0.441173,0.017,sibling_comparison,True
generated_exact_oracle,tridb_live,0.0,1.0,1.0,,1.0,openevolve,1.0,1.0,3,False,10,0.530705,0.9342533,0.97012426,1.0,filter_first-100fc75abb62,pre,2,oe-001,1.0,3,0.0,0.0,filter_first,0.075,0.0,0.437705,0.02,sibling_comparison,True
generated_exact_oracle,tridb_live,0.0,1.0,1.0,,1.0,openevolve,1.0,1.0,5,False,31,0.519499,0.5289309999999999,0.5297694,1.0,filter_first-18c5ab755e0f,pre,2,oe-001,1.0,3,0.0,0.0,filter_first,0.067,0.0,0.435499,0.017,sibling_comparison,True
generated_exact_oracle,tridb_live,0.0,1.0,1.0,,1.0,openevolve,1.0,1.0,3,False,5,0.543813,0.5612712,0.56282304,1.0,filter_first-1bcb17c507ca,pre,2,oe-001,1.0,3,0.0,0.0,filter_first,0.079,0.0,0.444813,0.02,sibling_comparison,True
generated_exact_oracle,tridb_live,0.0,0.0,1.0,,1.0,openevolve,0.0,0.0,1,False,20,0.564787,0.7487497000000001,0.7651019400000001,0.0,filter_first-1cad3c1573b2,pre,2,oe-001,0.0,3,0.0,0.0,filter_first,0.082,0.0,0.46178700000000006,0.021,sibling_comparison,True
generated_exact_oracle,tridb_live,0.0,1.0,1.0,,1.0,openevolve,1.0,1.0,5,False,5,0.496025,0.5129477,0.5144519399999999,1.0,filter_first-31743712ac49,pre,2,oe-001,1.0,3,0.0,0.0,filter_first,0.061,0.0,0.419025,0.016,sibling_comparison,True
generated_exact_oracle,tridb_live,0.0,1.0,1.0,,1.0,openevolve,1.0,1.0,2,False,1,0.516454,0.5642926,0.56854492,1.0,filter_first-3a7f1025f729,pre,2,oe-001,1.0,3,0.0,0.0,filter_first,0.064,0.0,0.43617900000000004,0.02,sibling_comparison,True
generated_exact_oracle,tridb_live,0.0,1.0,1.0,,1.0,openevolve,1.0,1.0,2,False,20,0.536784,0.5424774,0.54298348,1.0,filter_first-46ec65dc7fea,pre,2,oe-001,1.0,3,0.0,0.0,filter_first,0.065,0.0,0.454945,0.018,sibling_comparison,True
generated_exact_oracle,tridb_live,0.0,1.0,1.0,,1.0,openevolve,1.0,1.0,3,False,1,0.517188,0.5258153999999999,0.52658228,1.0,filter_first-68e8f1c34182,pre,2,oe-001,1.0,3,0.0,0.0,filter_first,0.062,0.0,0.440774,0.019,sibling_comparison,True
generated_exact_oracle,tridb_live,0.0,0.0,1.0,,1.0,openevolve,0.0,0.0,1,False,10,0.500557,0.5394586,0.54291652,0.0,filter_first-8532bb36e741,pre,2,oe-001,0.0,3,0.0,0.0,filter_first,0.058,0.0,0.427043,0.017,sibling_comparison,True
generated_exact_oracle,tridb_live,0.0,0.0,1.0,,1.0,openevolve,0.0,0.0,1,False,5,0.721313,0.8759645,0.8897113000000001,0.0,filter_first-8699218b4a03,pre,2,oe-001,0.0,3,0.0,0.0,filter_first,0.157,0.0,0.530313,0.034,sibling_comparison,True
generated_exact_oracle,tridb_live,0.0,1.0,1.0,,1.0,openevolve,1.0,1.0,2,False,10,0.542812,0.6300976,0.63785632,1.0,filter_first-88d1f0b4340a,pre,2,oe-001,1.0,3,0.0,0.0,filter_first,0.082,0.0,0.437812,0.023,sibling_comparison,True
generated_exact_oracle,tridb_live,0.0,1.0,1.0,,1.0,openevolve,1.0,1.0,2,False,5,0.727785,0.7524810000000001,0.7546762,1.0,filter_first-bb7c33f6d989,pre,2,oe-001,1.0,3,0.0,0.0,filter_first,0.148,0.0,0.5362250000000001,0.033,sibling_comparison,True
generated_exact_oracle,tridb_live,0.0,0.0,1.0,,1.0,openevolve,0.0,0.0,1,False,31,0.540862,0.5429257000000001,0.5431091400000001,0.0,filter_first-be38ca0c5e18,pre,2,oe-001,0.0,3,0.0,0.0,filter_first,0.074,0.0,0.449862,0.019,sibling_comparison,True
generated_exact_oracle,tridb_live,0.0,1.0,1.0,,1.0,openevolve,1.0,1.0,3,False,31,0.537237,0.5425317000000001,0.54300234,1.0,filter_first-cd32452ab5b9,pre,2,oe-001,1.0,3,0.0,0.0,filter_first,0.078,0.0,0.440237,0.019,sibling_comparison,True
generated_exact_oracle,tridb_live,0.0,1.0,1.0,,1.0,openevolve,1.0,1.0,2,False,31,0.529881,0.5373366,0.5379993200000001,1.0,filter_first-ce8f691a5541,pre,2,oe-001,1.0,3,0.0,0.0,filter_first,0.071,0.0,0.4398810000000001,0.018,sibling_comparison,True
generated_exact_oracle,tridb_live,0.0,1.0,1.0,,1.0,openevolve,1.0,1.0,5,False,10,0.56767,0.5906469999999999,0.5926893999999999,1.0,filter_first-dac925d86324,pre,2,oe-001,1.0,3,0.0,0.0,filter_first,0.09,0.0,0.461595,0.021,sibling_comparison,True
generated_exact_oracle,tridb_live,0.0,1.0,1.0,,1.0,openevolve,1.0,1.0,5,False,20,0.51356,0.6002876,0.60799672,1.0,filter_first-dc7fbfdd08ef,pre,2,oe-001,1.0,3,0.0,0.0,filter_first,0.063,0.0,0.43956,0.017,sibling_comparison,True
generated_exact_oracle,tridb_live,0.0,0.0,1.0,,1.0,openevolve,0.0,0.0,1,False,1,0.530825,0.5348255000000001,0.5351811000000001,0.0,filter_first-ef43b60e2e3b,pre,2,oe-001,0.0,3,0.0,0.0,filter_first,0.066,0.0,0.444825,0.02,sibling_comparison,True
generated_exact_oracle,tridb_live,0.0,1.0,1.0,,,openevolve,1.0,1.0,5,False,31,0.65779,0.6745966,0.6760905199999999,1.0,traverse_first-025d91062f7e,post,2,oe-001,1.0,3,0.0,0.0,traverse_first,0.004,0.145,0.47679,0.03,sibling_comparison,True
generated_exact_oracle,tridb_live,0.0,1.0,1.0,,,openevolve,1.0,1.0,5,False,20,0.576687,0.5827629,0.58330298,1.0,traverse_first-08ab08ac3fd6,post,2,oe-001,1.0,3,0.0,0.0,traverse_first,0.003,0.125,0.426933,0.023,sibling_comparison,True
generated_exact_oracle,tridb_live,0.0,1.0,1.0,,,openevolve,1.0,1.0,3,False,20,0.586409,0.8766310999999999,0.9024286199999999,1.0,traverse_first-0ce2265627bb,during,2,oe-001,1.0,3,0.0,0.0,traverse_first,0.003,0.098,0.44549000000000005,0.021,sibling_comparison,True
generated_exact_oracle,tridb_live,0.0,0.0,1.0,,,openevolve,0.0,0.0,1,False,1,0.516759,0.5244594,0.52514388,0.0,traverse_first-0e65f761853b,during,2,oe-001,0.0,3,0.0,0.0,traverse_first,0.0,0.041,0.45331499999999997,0.018,sibling_comparison,True
generated_exact_oracle,tridb_live,0.0,1.0,1.0,,,openevolve,1.0,1.0,2,False,1,0.525145,0.5402703999999999,0.5416148799999999,1.0,traverse_first-1401f30333f9,post,2,oe-001,1.0,3,0.0,0.0,traverse_first,0.003,0.073,0.430145,0.022,sibling_comparison,True
generated_exact_oracle,tridb_live,0.0,0.0,1.0,,,openevolve,0.0,0.0,1,False,31,0.452717,0.47104280000000004,0.47267176000000005,0.0,traverse_first-15ea918cf3ed,during,2,oe-001,0.0,3,0.0,0.0,traverse_first,0.0,0.026,0.410994,0.016,sibling_comparison,True
generated_exact_oracle,tridb_live,0.0,1.0,1.0,,,openevolve,1.0,1.0,2,False,31,0.517174,0.5260552000000001,0.52684464,1.0,traverse_first-181bab948b21,post,2,oe-001,1.0,3,0.0,0.0,traverse_first,0.002,0.07,0.42204200000000003,0.023,sibling_comparison,True
generated_exact_oracle,tridb_live,0.0,0.0,1.0,,,openevolve,0.0,0.0,1,False,5,0.472403,0.5589379999999999,0.56663,0.0,traverse_first-2ef9d31e2115,during,2,oe-001,0.0,3,0.0,0.0,traverse_first,0.0,0.026,0.43340300000000004,0.014,sibling_comparison,True
generated_exact_oracle,tridb_live,0.0,0.0,1.0,,,openevolve,0.0,0.0,1,False,31,0.474302,0.6209732,0.63401064,0.0,traverse_first-337d9b2cc0f4,post,2,oe-001,0.0,3,0.0,0.0,traverse_first,0.0,0.035,0.429302,0.018,sibling_comparison,True
generated_exact_oracle,tridb_live,0.0,1.0,1.0,,,openevolve,1.0,1.0,3,False,20,0.549116,0.5687333,0.57047706,1.0,traverse_first-488fa7065b52,post,2,oe-001,1.0,3,0.0,0.0,traverse_first,0.003,0.09,0.43611600000000006,0.021,sibling_comparison,True
generated_exact_oracle,tridb_live,0.0,1.0,1.0,,,openevolve,1.0,1.0,5,False,1,0.598503,0.6254391,0.62783342,1.0,traverse_first-49ace1949b9b,during,2,oe-001,1.0,3,0.0,0.0,traverse_first,0.003,0.131,0.443432,0.026,sibling_comparison,True
generated_exact_oracle,tridb_live,0.0,1.0,1.0,,,openevolve,1.0,1.0,3,False,1,0.581607,0.9006111,0.92896702,1.0,traverse_first-4ee862e3f54f,during,2,oe-001,1.0,3,0.0,0.0,traverse_first,0.003,0.102,0.451607,0.025,sibling_comparison,True
generated_exact_oracle,tridb_live,0.0,1.0,1.0,,,openevolve,1.0,1.0,3,False,10,0.542609,0.5558786,0.55705812,1.0,traverse_first-520420e3895b,post,2,oe-001,1.0,3,0.0,0.0,traverse_first,0.002,0.092,0.433353,0.021,sibling_comparison,True
generated_exact_oracle,tridb_live,0.0,1.0,1.0,,,openevolve,1.0,1.0,5,False,5,0.587027,0.590789,0.5911234000000001,1.0,traverse_first-58584ddc9129,post,2,oe-001,1.0,3,0.0,0.0,traverse_first,0.003,0.129,0.43002699999999994,0.024,sibling_comparison,True
generated_exact_oracle,tridb_live,0.0,1.0,1.0,,,openevolve,1.0,1.0,2,False,10,0.536446,0.552574,0.5540076,1.0,traverse_first-5be44627d46d,post,2,oe-001,1.0,3,0.0,0.0,traverse_first,0.003,0.073,0.445446,0.02,sibling_comparison,True
generated_exact_oracle,tridb_live,0.0,1.0,1.0,,,openevolve,1.0,1.0,2,False,20,0.552438,0.563346,0.5643156,1.0,traverse_first-5dac164247a2,post,2,oe-001,1.0,3,0.0,0.0,traverse_first,0.003,0.079,0.448438,0.02,sibling_comparison,True
generated_exact_oracle,tridb_live,0.0,1.0,1.0,,,openevolve,1.0,1.0,5,False,20,0.599437,0.6291135999999999,0.6317515199999999,1.0,traverse_first-62b9b3f6c548,during,2,oe-001,1.0,3,0.0,0.0,traverse_first,0.004,0.136,0.44341099999999994,0.024,sibling_comparison,True
generated_exact_oracle,tridb_live,0.0,0.0,1.0,,,openevolve,0.0,0.0,1,False,20,0.463721,0.4688834,0.46934228,0.0,traverse_first-6e5585f7fa7d,during,2,oe-001,0.0,3,0.0,0.0,traverse_first,0.0,0.026,0.422721,0.016,sibling_comparison,True
generated_exact_oracle,tridb_live,0.0,1.0,1.0,,,openevolve,1.0,1.0,3,False,1,0.557216,0.5846003000000001,0.58703446,1.0,traverse_first-70d454e2e64f,post,2,oe-001,1.0,3,0.0,0.0,traverse_first,0.003,0.089,0.441964,0.025,sibling_comparison,True
generated_exact_oracle,tridb_live,0.0,0.0,1.0,,,openevolve,0.0,0.0,1,False,20,0.455176,0.46361440000000004,0.46436448,0.0,traverse_first-76359c42693a,post,2,oe-001,0.0,3,0.0,0.0,traverse_first,0.0,0.03,0.41355200000000003,0.015,sibling_comparison,True
generated_exact_oracle,tridb_live,0.0,1.0,1.0,,,openevolve,1.0,1.0,3,False,31,0.5453,0.6712343000000001,0.68242846,1.0,traverse_first-782e67473b54,during,2,oe-001,1.0,3,0.0,0.0,traverse_first,0.003,0.088,0.4243,0.026,sibling_comparison,True
generated_exact_oracle,tridb_live,0.0,1.0,1.0,,,openevolve,1.0,1.0,3,False,5,0.567242,0.5872535,0.5890323000000001,1.0,traverse_first-79ee91cd021b,post,2,oe-001,1.0,3,0.0,0.0,traverse_first,0.003,0.097,0.444242,0.022,sibling_comparison,True
generated_exact_oracle,tridb_live,0.0,0.0,1.0,,,openevolve,0.0,0.0,1,False,10,0.47757,0.5004228000000001,0.50245416,0.0,traverse_first-7e45a5be9de9,post,2,oe-001,0.0,3,0.0,0.0,traverse_first,0.0,0.032,0.42857,0.017,sibling_comparison,True
generated_exact_oracle,tridb_live,0.0,1.0,1.0,,,openevolve,1.0,1.0,5,False,1,0.594175,0.6110500000000001,0.61255,1.0,traverse_first-83bddfb7afc0,post,2,oe-001,1.0,3,0.0,0.0,traverse_first,0.003,0.133,0.42803,0.028,sibling_comparison,True
generated_exact_oracle,tridb_live,0.0,1.0,1.0,,,openevolve,1.0,1.0,3,False,10,0.540213,0.5562573,0.55768346,1.0,traverse_first-85c5a61d5cac,during,2,oe-001,1.0,3,0.0,0.0,traverse_first,0.002,0.091,0.42404,0.021,sibling_comparison,True
generated_exact_oracle,tridb_live,0.0,1.0,1.0,,,openevolve,1.0,1.0,5,False,5,0.595307,0.6098473999999999,0.61113988,1.0,traverse_first-8601c73b4d10,during,2,oe-001,1.0,3,0.0,0.0,traverse_first,0.003,0.134,0.428463,0.027,sibling_comparison,True
generated_exact_oracle,tridb_live,0.0,1.0,1.0,,,openevolve,1.0,1.0,3,False,5,0.551956,0.5679715,0.5693951,1.0,traverse_first-89a453d84bbf,during,2,oe-001,1.0,3,0.0,0.0,traverse_first,0.002,0.094,0.43132899999999996,0.023,sibling_comparison,True
generated_exact_oracle,tridb_live,0.0,0.0,1.0,,,openevolve,0.0,0.0,1,False,10,0.474473,0.4864025,0.4874629,0.0,traverse_first-8d055dcb7096,during,2,oe-001,0.0,3,0.0,0.0,traverse_first,0.0,0.028,0.430473,0.016,sibling_comparison,True
generated_exact_oracle,tridb_live,0.0,1.0,1.0,,,openevolve,1.0,1.0,2,False,31,0.527007,0.5576592,0.5603838400000001,1.0,traverse_first-90c6f45e3991,during,2,oe-001,1.0,3,0.0,0.0,traverse_first,0.002,0.074,0.429007,0.022,sibling_comparison,True
generated_exact_oracle,tridb_live,0.0,1.0,1.0,,,openevolve,1.0,1.0,2,False,1,0.560396,0.5629862,0.56321644,1.0,traverse_first-92d6d9491887,during,2,oe-001,1.0,3,0.0,0.0,traverse_first,0.004,0.078,0.44757900000000006,0.022,sibling_comparison,True
generated_exact_oracle,tridb_live,0.0,0.0,1.0,,,openevolve,0.0,0.0,1,False,1,0.495333,0.6060213,0.6158602599999999,0.0,traverse_first-a6e5d14e469b,post,2,oe-001,0.0,3,0.0,0.0,traverse_first,0.0,0.039,0.43933300000000003,0.017,sibling_comparison,True
generated_exact_oracle,tridb_live,0.0,1.0,1.0,,,openevolve,1.0,1.0,2,False,5,0.543732,0.5548443,0.55583206,1.0,traverse_first-b279d6126ea0,post,2,oe-001,1.0,3,0.0,0.0,traverse_first,0.003,0.078,0.432079,0.022,sibling_comparison,True
generated_exact_oracle,tridb_live,0.0,1.0,1.0,,,openevolve,1.0,1.0,3,False,31,0.670855,1.1744310999999998,1.2191934199999999,1.0,traverse_first-b8c2c2ac41e4,post,2,oe-001,1.0,3,0.0,0.0,traverse_first,0.006,0.123,0.5058549999999999,0.036,sibling_comparison,True
generated_exact_oracle,tridb_live,0.0,1.0,1.0,,,openevolve,1.0,1.0,2,False,5,0.520589,0.5431763,0.54518406,1.0,traverse_first-cccdd3ed958f,during,2,oe-001,1.0,3,0.0,0.0,traverse_first,0.003,0.076,0.421589,0.02,sibling_comparison,True
generated_exact_oracle,tridb_live,0.0,1.0,1.0,,,openevolve,1.0,1.0,5,False,31,0.649319,0.6653678000000001,0.66679436,1.0,traverse_first-d56cf7e61a35,during,2,oe-001,1.0,3,0.0,0.0,traverse_first,0.004,0.149,0.469319,0.029,sibling_comparison,True
generated_exact_oracle,tridb_live,0.0,1.0,1.0,,,openevolve,1.0,1.0,5,False,10,0.598049,0.6288560000000001,0.6315944,1.0,traverse_first-df19a1a33fe5,during,2,oe-001,1.0,3,0.0,0.0,traverse_first,0.003,0.133,0.439049,0.025,sibling_comparison,True
generated_exact_oracle,tridb_live,0.0,1.0,1.0,,,openevolve,1.0,1.0,5,False,10,0.580128,0.6108522,0.61358324,1.0,traverse_first-e036b666ccda,post,2,oe-001,1.0,3,0.0,0.0,traverse_first,0.003,0.125,0.425266,0.023,sibling_comparison,True
generated_exact_oracle,tridb_live,0.0,1.0,1.0,,,openevolve,1.0,1.0,2,False,20,0.576254,0.6721409,0.6806641800000001,1.0,traverse_first-e4d7ef105a79,during,2,oe-001,1.0,3,0.0,0.0,traverse_first,0.004,0.08,0.46925400000000006,0.023,sibling_comparison,True
generated_exact_oracle,tridb_live,0.0,0.0,1.0,,,openevolve,0.0,0.0,1,False,5,0.473028,0.4835931,0.48453222,0.0,traverse_first-f0fdb2bba196,post,2,oe-001,0.0,3,0.0,0.0,traverse_first,0.0,0.033,0.414028,0.02,sibling_comparison,True
generated_exact_oracle,tridb_live,0.0,1.0,1.0,,,openevolve,1.0,1.0,2,False,10,0.545981,0.548141,0.548333,1.0,traverse_first-f9b36ac9da92,during,2,oe-001,1.0,3,0.0,0.0,traverse_first,0.003,0.078,0.429381,0.021,sibling_comparison,True
generated_exact_oracle,tridb_live,0.0,1.0,1.0,,5.0,openevolve,1.0,1.0,5,False,5,0.906577,0.9133458999999999,0.91394758,1.0,vector_first-022628fa8c07,during,2,oe-001,1.0,3,0.0,0.0,vector_first,0.155,0.177,0.534098,0.033,sibling_comparison,True
generated_exact_oracle,tridb_live,0.0,1.0,1.0,,31.0,openevolve,1.0,1.0,3,False,31,0.695091,0.7462974,0.75084908,1.0,vector_first-02563f96566e,post,2,oe-001,1.0,3,0.0,0.0,vector_first,0.131,0.081,0.460091,0.023,sibling_comparison,True
generated_exact_oracle,tridb_live,0.0,1.0,1.0,,31.0,openevolve,1.0,1.0,2,False,31,0.792994,0.8148199,0.81675998,1.0,vector_first-0d6433b7dd6b,during,2,oe-001,1.0,3,0.0,0.0,vector_first,0.141,0.184,0.445994,0.02,sibling_comparison,True
generated_exact_oracle,tridb_live,0.0,0.0,1.0,,1.0,openevolve,0.0,0.0,3,False,1,0.573236,0.6342038,0.6396231600000001,0.0,vector_first-17479e220710,post,2,oe-001,0.0,3,0.0,0.0,vector_first,0.094,0.0,0.46701800000000004,0.029,sibling_comparison,True
generated_exact_oracle,tridb_live,0.0,1.0,1.0,,20.0,openevolve,1.0,1.0,3,False,20,0.691034,1.1631299,1.20509398,1.0,vector_first-181f342b270a,post,2,oe-001,1.0,3,0.0,0.0,vector_first,0.113,0.084,0.472085,0.026,sibling_comparison,True
generated_exact_oracle,tridb_live,0.0,0.0,1.0,,1.0,openevolve,0.0,0.0,3,False,1,0.541757,0.5788109,0.58210458,0.0,vector_first-1af22faa6077,during,2,oe-001,0.0,3,0.0,0.0,vector_first,0.074,0.033,0.43775700000000006,0.0,sibling_comparison,True
generated_exact_oracle,tridb_live,0.0,1.0,1.0,,10.0,openevolve,1.0,1.0,3,False,10,0.955534,0.9870142,0.9898124399999999,1.0,vector_first-1f98d69fd4bb,during,2,oe-001,1.0,3,0.0,0.0,vector_first,0.103,0.123,0.703873,0.019,sibling_comparison,True
generated_exact_oracle,tridb_live,0.0,1.0,1.0,,20.0,openevolve,1.0,1.0,2,False,20,0.794592,1.0717803,1.09641926,1.0,vector_first-27d19d1f923e,during,2,oe-001,1.0,3,0.0,0.0,vector_first,0.136,0.157,0.47759199999999996,0.024,sibling_comparison,True
generated_exact_oracle,tridb_live,0.0,1.0,1.0,,10.0,openevolve,1.0,1.0,5,False,10,0.650026,0.6818662,0.68469644,1.0,vector_first-3b5ba3173bf9,post,2,oe-001,1.0,3,0.0,0.0,vector_first,0.09,0.096,0.447823,0.024,sibling_comparison,True
generated_exact_oracle,tridb_live,0.0,0.0,1.0,,10.0,openevolve,0.0,0.0,1,False,10,0.787695,0.8106486,0.81268892,0.0,vector_first-404f84e6a5f4,post,2,oe-001,0.0,3,0.0,0.0,vector_first,0.158,0.05,0.543695,0.031,sibling_comparison,True
generated_exact_oracle,tridb_live,0.0,0.0,1.0,,20.0,openevolve,0.0,0.0,1,False,20,0.764471,0.8078681,0.81172562,0.0,vector_first-4c96de282a3c,during,2,oe-001,0.0,3,0.0,0.0,vector_first,0.12,0.16,0.470799,0.02,sibling_comparison,True
generated_exact_oracle,tridb_live,0.0,0.0,1.0,,5.0,openevolve,0.0,0.0,1,False,5,0.534759,0.5974935,0.6030699,0.0,vector_first-539cd672e6b6,post,2,oe-001,0.0,3,0.0,0.0,vector_first,0.079,0.0,0.439759,0.016,sibling_comparison,True
generated_exact_oracle,tridb_live,0.0,1.0,1.0,,31.0,openevolve,1.0,1.0,3,False,31,0.968596,1.2036210999999999,1.22451222,1.0,vector_first-55a4789c3974,during,2,oe-001,1.0,3,0.0,0.0,vector_first,0.172,0.178,0.49568100000000004,0.022,sibling_comparison,True
generated_exact_oracle,tridb_live,0.0,1.0,1.0,,5.0,openevolve,1.0,1.0,2,False,5,0.651683,0.7086134,0.71367388,1.0,vector_first-7462d459aaf5,during,2,oe-001,1.0,3,0.0,0.0,vector_first,0.094,0.103,0.43668300000000004,0.02,sibling_comparison,True
generated_exact_oracle,tridb_live,0.0,1.0,1.0,,20.0,openevolve,1.0,1.0,5,False,20,0.688822,0.7075717,0.7092383400000001,1.0,vector_first-769ad60b254f,post,2,oe-001,1.0,3,0.0,0.0,vector_first,0.109,0.096,0.45982200000000006,0.025,sibling_comparison,True
generated_exact_oracle,tridb_live,0.0,0.0,1.0,,1.0,openevolve,0.0,0.0,2,False,1,0.535499,0.7406269999999999,0.7588606,0.0,vector_first-79d7f13154dd,post,2,oe-001,0.0,3,0.0,0.0,vector_first,0.081,0.0,0.43865600000000005,0.027,sibling_comparison,True
generated_exact_oracle,tridb_live,0.0,1.0,1.0,,20.0,openevolve,1.0,1.0,3,False,20,0.757861,0.78199,0.7841348,1.0,vector_first-7a75fc9fb9ab,during,2,oe-001,1.0,3,0.0,0.0,vector_first,0.125,0.152,0.456671,0.022,sibling_comparison,True
generated_exact_oracle,tridb_live,0.0,0.0,1.0,,31.0,openevolve,0.0,0.0,1,False,31,0.618447,0.650847,0.653727,0.0,vector_first-7e723fa35fd9,post,2,oe-001,0.0,3,0.0,0.0,vector_first,0.131,0.028,0.45544699999999994,0.018,sibling_comparison,True
generated_exact_oracle,tridb_live,0.0,0.0,1.0,,1.0,openevolve,0.0,0.0,5,False,1,0.525456,0.5472846,0.54922492,0.0,vector_first-8549959dfc39,during,2,oe-001,0.0,3,0.0,0.0,vector_first,0.066,0.03,0.42271000000000003,0.0,sibling_comparison,True
generated_exact_oracle,tridb_live,0.0,0.0,1.0,,1.0,openevolve,0.0,0.0,2,False,1,0.532575,0.5730363,0.57663286,0.0,vector_first-8735078935c5,during,2,oe-001,0.0,3,0.0,0.0,vector_first,0.067,0.032,0.43357500000000004,0.0,sibling_comparison,True
generated_exact_oracle,tridb_live,0.0,1.0,1.0,,5.0,openevolve,1.0,1.0,3,False,5,0.666735,1.0303782,1.06270204,1.0,vector_first-8773821ec9c7,during,2,oe-001,1.0,3,0.0,0.0,vector_first,0.092,0.097,0.443735,0.02,sibling_comparison,True
generated_exact_oracle,tridb_live,0.0,0.0,1.0,,10.0,openevolve,0.0,0.0,1,False,10,1.017129,1.0732575,1.0782467,0.0,vector_first-879c2f5ec6a7,during,2,oe-001,0.0,3,0.0,0.0,vector_first,0.178,0.228,0.579129,0.033,sibling_comparison,True
generated_exact_oracle,tridb_live,0.0,1.0,1.0,,10.0,openevolve,1.0,1.0,2,False,10,0.74099,0.9103727,0.9254289400000001,1.0,vector_first-9e027ae921ee,during,2,oe-001,1.0,3,0.0,0.0,vector_first,0.133,0.128,0.45899000000000006,0.021,sibling_comparison,True
generated_exact_oracle,tridb_live,0.0,0.0,1.0,,1.0,openevolve,0.0,0.0,1,False,1,0.768147,0.8192031000000001,0.8237414200000001,0.0,vector_first-9f2a495d4986,during,2,oe-001,0.0,3,0.0,0.0,vector_first,0.095,0.033,0.5831470000000001,0.0,sibling_comparison,True
generated_exact_oracle,tridb_live,0.0,1.0,1.0,,5.0,openevolve,1.0,1.0,2,False,5,0.559072,0.5630347,0.56338694,1.0,vector_first-a5b8d6da0107,post,2,oe-001,1.0,3,0.0,0.0,vector_first,0.082,0.043,0.415072,0.019,sibling_comparison,True
generated_exact_oracle,tridb_live,0.0,1.0,1.0,,5.0,openevolve,1.0,1.0,3,False,5,0.848105,0.8741078,0.87641916,1.0,vector_first-a6608b0002af,post,2,oe-001,1.0,3,0.0,0.0,vector_first,0.166,0.083,0.5601050000000001,0.039,sibling_comparison,True
generated_exact_oracle,tridb_live,0.0,1.0,1.0,,10.0,openevolve,1.0,1.0,2,False,10,0.596116,0.8492014,0.87169788,1.0,vector_first-a802c228be07,post,2,oe-001,1.0,3,0.0,0.0,vector_first,0.086,0.061,0.43011599999999994,0.019,sibling_comparison,True
generated_exact_oracle,tridb_live,0.0,1.0,1.0,,31.0,openevolve,1.0,1.0,5,False,31,0.791528,0.8140514,0.81605348,1.0,vector_first-a9f78619c4c5,during,2,oe-001,1.0,3,0.0,0.0,vector_first,0.16,0.176,0.440554,0.02,sibling_comparison,True
generated_exact_oracle,tridb_live,0.0,0.0,1.0,,31.0,openevolve,0.0,0.0,1,False,31,0.858563,0.8607131,0.86090422,0.0,vector_first-ae5e5305d255,during,2,oe-001,0.0,3,0.0,0.0,vector_first,0.146,0.191,0.46556299999999995,0.023,sibling_comparison,True
generated_exact_oracle,tridb_live,0.0,0.0,1.0,,1.0,openevolve,0.0,0.0,5,False,1,0.525252,0.5307465,0.5312349,0.0,vector_first-bbed0b0c4edb,post,2,oe-001,0.0,3,0.0,0.0,vector_first,0.08,0.0,0.422863,0.024,sibling_comparison,True
generated_exact_oracle,tridb_live,0.0,0.0,1.0,,1.0,openevolve,0.0,0.0,1,False,1,0.559012,0.8467842999999999,0.87236406,0.0,vector_first-c1efa57fb2c2,post,2,oe-001,0.0,3,0.0,0.0,vector_first,0.067,0.0,0.472012,0.029,sibling_comparison,True
generated_exact_oracle,tridb_live,0.0,1.0,1.0,,10.0,openevolve,1.0,1.0,3,False,10,0.892435,0.9010597,0.90182634,1.0,vector_first-c254a691f33b,post,2,oe-001,1.0,3,0.0,0.0,vector_first,0.095,0.081,0.700018,0.022,sibling_comparison,True
generated_exact_oracle,tridb_live,0.0,1.0,1.0,,20.0,openevolve,1.0,1.0,2,False,20,0.677411,0.697319,0.6990886000000001,1.0,vector_first-c9c7dff0ae35,post,2,oe-001,1.0,3,0.0,0.0,vector_first,0.126,0.067,0.461531,0.026,sibling_comparison,True
generated_exact_oracle,tridb_live,0.0,0.0,1.0,,20.0,openevolve,0.0,0.0,1,False,20,0.620474,0.6254717,0.62591594,0.0,vector_first-ce905df43902,post,2,oe-001,0.0,3,0.0,0.0,vector_first,0.116,0.029,0.445474,0.017,sibling_comparison,True
generated_exact_oracle,tridb_live,0.0,1.0,1.0,,5.0,openevolve,1.0,1.0,5,False,5,0.870793,0.8751256000000001,0.8755107200000001,1.0,vector_first-d746def0ad41,post,2,oe-001,1.0,3,0.0,0.0,vector_first,0.159,0.113,0.5486070000000001,0.047,sibling_comparison,True
generated_exact_oracle,tridb_live,0.0,1.0,1.0,,31.0,openevolve,1.0,1.0,2,False,31,0.644784,0.6785888999999999,0.6815937799999999,1.0,vector_first-e1291c2e8845,post,2,oe-001,1.0,3,0.0,0.0,vector_first,0.126,0.063,0.44078400000000006,0.021,sibling_comparison,True
generated_exact_oracle,tridb_live,0.0,1.0,1.0,,20.0,openevolve,1.0,1.0,5,False,20,0.765302,0.7817576,0.78322032,1.0,vector_first-e83511f32e02,during,2,oe-001,1.0,3,0.0,0.0,vector_first,0.137,0.154,0.44879899999999995,0.022,sibling_comparison,True
generated_exact_oracle,tridb_live,0.0,1.0,1.0,,8.0,openevolve,1.0,1.0,2,True,8,0.833105,0.8338898,0.8339595599999999,1.0,vector_first-ebaeb868fc9b,post,2,oe-001,1.0,3,0.0,0.0,vector_first,0.155,0.086,0.543105,0.036,sibling_comparison,True
generated_exact_oracle,tridb_live,0.0,0.0,1.0,,5.0,openevolve,0.0,0.0,1,False,5,0.637892,0.6493112000000001,0.65032624,0.0,vector_first-f0a58d413e0f,during,2,oe-001,0.0,3,0.0,0.0,vector_first,0.089,0.107,0.42889200000000005,0.018,sibling_comparison,True
generated_exact_oracle,tridb_live,0.0,1.0,1.0,,31.0,openevolve,1.0,1.0,5,False,31,0.719147,0.7313428999999999,0.73242698,1.0,vector_first-f0db45cb5ec3,post,2,oe-001,1.0,3,0.0,0.0,vector_first,0.126,0.117,0.446898,0.026,sibling_comparison,True
generated_exact_oracle,tridb_live,0.0,1.0,1.0,,10.0,openevolve,1.0,1.0,5,False,10,0.73265,0.8252834,0.83351748,1.0,vector_first-f99672c00fed,during,2,oe-001,1.0,3,0.0,0.0,vector_first,0.1,0.124,0.48565,0.017,sibling_comparison,True
generated_exact_oracle,tridb_live,0.0,2.0,7.0,,7.0,openevolve,1.0,1.0,3,False,20,0.492683,0.4930799,0.49311518,1.0,filter_first-03c0190c958c,pre,2,oe-002,1.0,3,0.0,0.0,filter_first,0.055,0.0,0.414724,0.015,descendant_search,True
generated_exact_oracle,tridb_live,0.0,0.0,7.0,,1.0,openevolve,0.0,0.0,5,False,1,0.493236,0.5028759,0.50373278,0.0,filter_first-0b936184cc1f,pre,2,oe-002,0.0,3,0.0,0.0,filter_first,0.06,0.0,0.416236,0.017,descendant_search,True
generated_exact_oracle,tridb_live,0.0,2.0,7.0,,7.0,openevolve,1.0,1.0,3,False,10,0.526711,0.5279296,0.52803792,1.0,filter_first-100fc75abb62,pre,2,oe-002,1.0,3,0.0,0.0,filter_first,0.068,0.0,0.43506500000000004,0.017,descendant_search,True
generated_exact_oracle,tridb_live,0.0,2.0,7.0,,7.0,openevolve,1.0,1.0,5,False,31,0.473197,0.4831276,0.48401032,1.0,filter_first-18c5ab755e0f,pre,2,oe-002,1.0,3,0.0,0.0,filter_first,0.057,0.0,0.401839,0.015,descendant_search,True
generated_exact_oracle,tridb_live,0.0,2.0,7.0,,5.0,openevolve,1.0,1.0,3,False,5,0.575133,0.7112202,0.72331684,1.0,filter_first-1bcb17c507ca,pre,2,oe-002,1.0,3,0.0,0.0,filter_first,0.063,0.0,0.493133,0.017,descendant_search,True
generated_exact_oracle,tridb_live,0.0,2.0,7.0,,7.0,openevolve,1.0,1.0,1,False,20,0.497036,0.549632,0.5543072,1.0,filter_first-1cad3c1573b2,pre,2,oe-002,1.0,3,0.0,0.0,filter_first,0.063,0.0,0.42003599999999996,0.015,descendant_search,True
generated_exact_oracle,tridb_live,0.0,2.0,7.0,,5.0,openevolve,1.0,1.0,5,False,5,0.52751,0.5407562,0.54193364,1.0,filter_first-31743712ac49,pre,2,oe-002,1.0,3,0.0,0.0,filter_first,0.066,0.0,0.44222800000000007,0.017,descendant_search,True
generated_exact_oracle,tridb_live,0.0,0.0,7.0,,1.0,openevolve,0.0,0.0,2,False,1,0.476097,0.5051076,0.50768632,0.0,filter_first-3a7f1025f729,pre,2,oe-002,0.0,3,0.0,0.0,filter_first,0.054,0.0,0.405097,0.017,descendant_search,True
generated_exact_oracle,tridb_live,0.0,2.0,7.0,,7.0,openevolve,1.0,1.0,2,False,20,0.492519,0.512895,0.5147062,1.0,filter_first-46ec65dc7fea,pre,2,oe-002,1.0,3,0.0,0.0,filter_first,0.065,0.0,0.41315900000000005,0.016,descendant_search,True
generated_exact_oracle,tridb_live,0.0,0.0,7.0,,1.0,openevolve,0.0,0.0,3,False,1,0.484228,0.4889044,0.48932008000000005,0.0,filter_first-68e8f1c34182,pre,2,oe-002,0.0,3,0.0,0.0,filter_first,0.061,0.0,0.407228,0.017,descendant_search,True
generated_exact_oracle,tridb_live,0.0,2.0,7.0,,7.0,openevolve,1.0,1.0,1,False,10,0.521762,0.5448731,0.5469274199999999,1.0,filter_first-8532bb36e741,pre,2,oe-002,1.0,3,0.0,0.0,filter_first,0.065,0.0,0.44476199999999994,0.016,descendant_search,True
generated_exact_oracle,tridb_live,0.0,2.0,7.0,,5.0,openevolve,1.0,1.0,1,False,5,0.499465,0.5037895,0.5041739,1.0,filter_first-8699218b4a03,pre,2,oe-002,1.0,3,0.0,0.0,filter_first,0.065,0.0,0.414465,0.016,descendant_search,True
generated_exact_oracle,tridb_live,0.0,2.0,7.0,,7.0,openevolve,1.0,1.0,2,False,10,0.537308,0.5883343999999999,0.59287008,1.0,filter_first-88d1f0b4340a,pre,2,oe-002,1.0,3,0.0,0.0,filter_first,0.072,0.0,0.44430800000000004,0.021,descendant_search,True
generated_exact_oracle,tridb_live,0.0,2.0,7.0,,5.0,openevolve,1.0,1.0,2,False,5,0.499629,0.5106845999999999,0.5116673199999999,1.0,filter_first-bb7c33f6d989,pre,2,oe-002,1.0,3,0.0,0.0,filter_first,0.062,0.0,0.420629,0.017,descendant_search,True
generated_exact_oracle,tridb_live,0.0,2.0,7.0,,7.0,openevolve,1.0,1.0,1,False,31,0.481122,0.4904658,0.49129636,1.0,filter_first-be38ca0c5e18,pre,2,oe-002,1.0,3,0.0,0.0,filter_first,0.057,0.0,0.410122,0.014,descendant_search,True
generated_exact_oracle,tridb_live,0.0,2.0,7.0,,7.0,openevolve,1.0,1.0,3,False,31,0.486454,0.48781569999999996,0.48793674,1.0,filter_first-cd32452ab5b9,pre,2,oe-002,1.0,3,0.0,0.0,filter_first,0.061,0.0,0.40396699999999996,0.015,descendant_search,True
generated_exact_oracle,tridb_live,0.0,2.0,7.0,,7.0,openevolve,1.0,1.0,2,False,31,0.483502,0.484375,0.4844526,1.0,filter_first-ce8f691a5541,pre,2,oe-002,1.0,3,0.0,0.0,filter_first,0.058,0.0,0.409472,0.015,descendant_search,True
generated_exact_oracle,tridb_live,0.0,2.0,7.0,,7.0,openevolve,1.0,1.0,5,False,10,0.505538,0.5142220999999999,0.5149940199999999,1.0,filter_first-dac925d86324,pre,2,oe-002,1.0,3,0.0,0.0,filter_first,0.062,0.0,0.42653800000000003,0.017,descendant_search,True
generated_exact_oracle,tridb_live,0.0,2.0,7.0,,7.0,openevolve,1.0,1.0,5,False,20,0.490113,0.492138,0.492318,1.0,filter_first-dc7fbfdd08ef,pre,2,oe-002,1.0,3,0.0,0.0,filter_first,0.063,0.0,0.412419,0.015,descendant_search,True
generated_exact_oracle,tridb_live,0.0,0.0,7.0,,1.0,openevolve,0.0,0.0,1,False,1,0.499884,0.5079741,0.5086932200000001,0.0,filter_first-ef43b60e2e3b,pre,2,oe-002,0.0,3,0.0,0.0,filter_first,0.058,0.0,0.42287300000000005,0.018,descendant_search,True
generated_exact_oracle,tridb_live,0.0,2.0,7.0,,,openevolve,1.0,1.0,5,False,31,0.584599,0.7245337,0.73697234,1.0,traverse_first-025d91062f7e,post,2,oe-002,1.0,3,0.0,0.0,traverse_first,0.005,0.043,0.522599,0.016,descendant_search,True
generated_exact_oracle,tridb_live,0.0,2.0,7.0,,,openevolve,1.0,1.0,5,False,20,0.684909,0.7175853,0.7204898599999999,1.0,traverse_first-08ab08ac3fd6,post,2,oe-002,1.0,3,0.0,0.0,traverse_first,0.011,0.095,0.539909,0.038,descendant_search,True
generated_exact_oracle,tridb_live,0.0,2.0,7.0,,,openevolve,1.0,1.0,3,False,20,0.701317,0.7051087,0.70544574,1.0,traverse_first-0ce2265627bb,during,2,oe-002,1.0,3,0.0,0.0,traverse_first,0.011,0.094,0.54853,0.044,descendant_search,True
generated_exact_oracle,tridb_live,0.0,1.0,7.0,,,openevolve,1.0,1.0,1,False,1,0.659329,0.8018071,0.81447182,1.0,traverse_first-0e65f761853b,during,2,oe-002,0.5,3,0.0,0.0,traverse_first,0.006,0.05,0.5883290000000001,0.015,descendant_search,True
generated_exact_oracle,tridb_live,0.0,1.0,7.0,,,openevolve,1.0,1.0,2,False,1,0.493247,0.4958957,0.49613114,1.0,traverse_first-1401f30333f9,post,2,oe-002,0.5,3,0.0,0.0,traverse_first,0.005,0.041,0.430247,0.017,descendant_search,True
generated_exact_oracle,tridb_live,0.0,2.0,7.0,,,openevolve,1.0,1.0,1,False,31,0.6918,0.6950787,0.6953701400000001,1.0,traverse_first-15ea918cf3ed,during,2,oe-002,1.0,3,0.0,0.0,traverse_first,0.011,0.094,0.540808,0.036,descendant_search,True
generated_exact_oracle,tridb_live,0.0,2.0,7.0,,,openevolve,1.0,1.0,2,False,31,0.771426,0.7740405,0.7742729,1.0,traverse_first-181bab948b21,post,2,oe-002,1.0,3,0.0,0.0,traverse_first,0.006,0.053,0.683556,0.026,descendant_search,True
generated_exact_oracle,tridb_live,0.0,2.0,7.0,,,openevolve,1.0,1.0,1,False,5,0.502696,0.5046805000000001,0.5048569,1.0,traverse_first-2ef9d31e2115,during,2,oe-002,1.0,3,0.0,0.0,traverse_first,0.006,0.048,0.420696,0.018,descendant_search,True
generated_exact_oracle,tridb_live,0.0,2.0,7.0,,,openevolve,1.0,1.0,1,False,31,0.836565,0.8489652,0.85006744,1.0,traverse_first-337d9b2cc0f4,post,2,oe-002,1.0,3,0.0,0.0,traverse_first,0.016,0.14,0.620565,0.046,descendant_search,True
generated_exact_oracle,tridb_live,0.0,2.0,7.0,,,openevolve,1.0,1.0,3,False,20,0.681029,0.7024796,0.70438632,1.0,traverse_first-488fa7065b52,post,2,oe-002,1.0,3,0.0,0.0,traverse_first,0.011,0.091,0.537863,0.039,descendant_search,True
generated_exact_oracle,tridb_live,0.0,1.0,7.0,,,openevolve,1.0,1.0,5,False,1,0.490585,0.5460277,0.55095594,1.0,traverse_first-49ace1949b9b,during,2,oe-002,0.5,3,0.0,0.0,traverse_first,0.006,0.043,0.424585,0.017,descendant_search,True
generated_exact_oracle,tridb_live,0.0,1.0,7.0,,,openevolve,1.0,1.0,3,False,1,0.492066,0.5146974,0.51670908,1.0,traverse_first-4ee862e3f54f,during,2,oe-002,0.5,3,0.0,0.0,traverse_first,0.006,0.045,0.426066,0.015,descendant_search,True
generated_exact_oracle,tridb_live,0.0,2.0,7.0,,,openevolve,1.0,1.0,3,False,10,0.646831,0.6839839,0.68728638,1.0,traverse_first-520420e3895b,post,2,oe-002,1.0,3,0.0,0.0,traverse_first,0.007,0.059,0.5428310000000001,0.027,descendant_search,True
generated_exact_oracle,tridb_live,0.0,2.0,7.0,,,openevolve,1.0,1.0,5,False,5,0.862752,0.8728085999999999,0.8737025199999999,1.0,traverse_first-58584ddc9129,post,2,oe-002,1.0,3,0.0,0.0,traverse_first,0.009,0.064,0.759752,0.027,descendant_search,True
generated_exact_oracle,tridb_live,0.0,2.0,7.0,,,openevolve,1.0,1.0,2,False,10,0.531457,0.6915300999999999,0.7057588199999999,1.0,traverse_first-5be44627d46d,post,2,oe-002,1.0,3,0.0,0.0,traverse_first,0.008,0.052,0.45145699999999994,0.02,descendant_search,True
generated_exact_oracle,tridb_live,0.0,2.0,7.0,,,openevolve,1.0,1.0,2,False,20,0.485474,0.6911528,0.7094353600000001,1.0,traverse_first-5dac164247a2,post,2,oe-002,1.0,3,0.0,0.0,traverse_first,0.006,0.045,0.417474,0.02,descendant_search,True
generated_exact_oracle,tridb_live,0.0,2.0,7.0,,,openevolve,1.0,1.0,5,False,20,0.682096,0.6969442,0.6982640400000001,1.0,traverse_first-62b9b3f6c548,during,2,oe-002,1.0,3,0.0,0.0,traverse_first,0.01,0.096,0.53337,0.038,descendant_search,True
generated_exact_oracle,tridb_live,0.0,2.0,7.0,,,openevolve,1.0,1.0,1,False,20,0.51977,0.8871382999999999,0.9197932600000001,1.0,traverse_first-6e5585f7fa7d,during,2,oe-002,1.0,3,0.0,0.0,traverse_first,0.005,0.044,0.44576999999999994,0.02,descendant_search,True
generated_exact_oracle,tridb_live,0.0,1.0,7.0,,,openevolve,1.0,1.0,3,False,1,0.586846,1.2806739999999999,1.3423476,1.0,traverse_first-70d454e2e64f,post,2,oe-002,0.5,3,0.0,0.0,traverse_first,0.005,0.041,0.5228459999999999,0.015,descendant_search,True
generated_exact_oracle,tridb_live,0.0,2.0,7.0,,,openevolve,1.0,1.0,1,False,20,0.499441,0.5581453,0.5633634599999999,1.0,traverse_first-76359c42693a,post,2,oe-002,1.0,3,0.0,0.0,traverse_first,0.006,0.048,0.433573,0.017,descendant_search,True
generated_exact_oracle,tridb_live,0.0,2.0,7.0,,,openevolve,1.0,1.0,3,False,31,0.738241,0.8208618999999999,0.8282059799999999,1.0,traverse_first-782e67473b54,during,2,oe-002,1.0,3,0.0,0.0,traverse_first,0.006,0.046,0.6724650000000001,0.019,descendant_search,True
generated_exact_oracle,tridb_live,0.0,2.0,7.0,,,openevolve,1.0,1.0,3,False,5,0.968462,1.0976327,1.10911454,1.0,traverse_first-79ee91cd021b,post,2,oe-002,1.0,3,0.0,0.0,traverse_first,0.015,0.083,0.834462,0.036,descendant_search,True
generated_exact_oracle,tridb_live,0.0,2.0,7.0,,,openevolve,1.0,1.0,1,False,10,0.591047,0.7051985000000001,0.7153453000000001,1.0,traverse_first-7e45a5be9de9,post,2,oe-002,1.0,3,0.0,0.0,traverse_first,0.008,0.065,0.494047,0.026,descendant_search,True
generated_exact_oracle,tridb_live,0.0,1.0,7.0,,,openevolve,1.0,1.0,5,False,1,0.515575,0.7530796,0.77419112,1.0,traverse_first-83bddfb7afc0,post,2,oe-002,0.5,3,0.0,0.0,traverse_first,0.009,0.054,0.433198,0.023,descendant_search,True
generated_exact_oracle,tridb_live,0.0,2.0,7.0,,,openevolve,1.0,1.0,3,False,10,0.535848,0.7498526999999999,0.7688753399999999,1.0,traverse_first-85c5a61d5cac,during,2,oe-002,1.0,3,0.0,0.0,traverse_first,0.008,0.055,0.45084799999999997,0.025,descendant_search,True
generated_exact_oracle,tridb_live,0.0,2.0,7.0,,,openevolve,1.0,1.0,5,False,5,0.833288,0.8423078,0.84310956,1.0,traverse_first-8601c73b4d10,during,2,oe-002,1.0,3,0.0,0.0,traverse_first,0.015,0.083,0.67331,0.039,descendant_search,True
generated_exact_oracle,tridb_live,0.0,2.0,7.0,,,openevolve,1.0,1.0,3,False,5,0.757887,1.1419989,1.1761421799999998,1.0,traverse_first-89a453d84bbf,during,2,oe-002,1.0,3,0.0,0.0,traverse_first,0.017,0.076,0.630887,0.034,descendant_search,True
generated_exact_oracle,tridb_live,0.0,2.0,7.0,,,openevolve,1.0,1.0,1,False,10,0.837737,0.8749492999999999,0.8782570599999999,1.0,traverse_first-8d055dcb7096,during,2,oe-002,1.0,3,0.0,0.0,traverse_first,0.007,0.064,0.745737,0.021,descendant_search,True
generated_exact_oracle,tridb_live,0.0,2.0,7.0,,,openevolve,1.0,1.0,2,False,31,0.685041,0.7232099999999999,0.7266028,1.0,traverse_first-90c6f45e3991,during,2,oe-002,1.0,3,0.0,0.0,traverse_first,0.011,0.09,0.546041,0.038,descendant_search,True
generated_exact_oracle,tridb_live,0.0,1.0,7.0,,,openevolve,1.0,1.0,2,False,1,0.501498,0.5064165,0.5068537000000001,1.0,traverse_first-92d6d9491887,during,2,oe-002,0.5,3,0.0,0.0,traverse_first,0.005,0.044,0.431498,0.017,descendant_search,True
generated_exact_oracle,tridb_live,0.0,1.0,7.0,,,openevolve,1.0,1.0,1,False,1,0.623972,0.9718247,1.00274494,1.0,traverse_first-a6e5d14e469b,post,2,oe-002,0.5,3,0.0,0.0,traverse_first,0.01,0.074,0.507972,0.032,descendant_search,True
generated_exact_oracle,tridb_live,0.0,2.0,7.0,,,openevolve,1.0,1.0,2,False,5,0.660145,1.1175529,1.15821138,1.0,traverse_first-b279d6126ea0,post,2,oe-002,1.0,3,0.0,0.0,traverse_first,0.01,0.084,0.534145,0.032,descendant_search,True
generated_exact_oracle,tridb_live,0.0,2.0,7.0,,,openevolve,1.0,1.0,3,False,31,0.74548,0.7603759,0.76169998,1.0,traverse_first-b8c2c2ac41e4,post,2,oe-002,1.0,3,0.0,0.0,traverse_first,0.006,0.044,0.6814800000000001,0.016,descendant_search,True
generated_exact_oracle,tridb_live,0.0,2.0,7.0,,,openevolve,1.0,1.0,2,False,5,0.495997,0.6013303,0.61069326,1.0,traverse_first-cccdd3ed958f,during,2,oe-002,1.0,3,0.0,0.0,traverse_first,0.008,0.05,0.423997,0.018,descendant_search,True
generated_exact_oracle,tridb_live,0.0,2.0,7.0,,,openevolve,1.0,1.0,5,False,31,0.758173,0.7585609,0.7585953799999999,1.0,traverse_first-d56cf7e61a35,during,2,oe-002,1.0,3,0.0,0.0,traverse_first,0.006,0.045,0.686604,0.017,descendant_search,True
generated_exact_oracle,tridb_live,0.0,2.0,7.0,,,openevolve,1.0,1.0,5,False,10,0.589066,0.7548748000000001,0.76961336,1.0,traverse_first-df19a1a33fe5,during,2,oe-002,1.0,3,0.0,0.0,traverse_first,0.006,0.055,0.502066,0.029,descendant_search,True
generated_exact_oracle,tridb_live,0.0,2.0,7.0,,,openevolve,1.0,1.0,5,False,10,0.538717,0.7774591,0.79868062,1.0,traverse_first-e036b666ccda,post,2,oe-002,1.0,3,0.0,0.0,traverse_first,0.007,0.054,0.45071700000000003,0.027,descendant_search,True
generated_exact_oracle,tridb_live,0.0,2.0,7.0,,,openevolve,1.0,1.0,2,False,20,0.513524,0.6263903,0.63642286,1.0,traverse_first-e4d7ef105a79,during,2,oe-002,1.0,3,0.0,0.0,traverse_first,0.006,0.053,0.43252399999999996,0.023,descendant_search,True
generated_exact_oracle,tridb_live,0.0,2.0,7.0,,,openevolve,1.0,1.0,1,False,5,0.499184,0.4995872,0.49962304,1.0,traverse_first-f0fdb2bba196,post,2,oe-002,1.0,3,0.0,0.0,traverse_first,0.007,0.045,0.429184,0.016,descendant_search,True
generated_exact_oracle,tridb_live,0.0,2.0,7.0,,,openevolve,1.0,1.0,2,False,10,0.509373,0.527175,0.5287573999999999,1.0,traverse_first-f9b36ac9da92,during,2,oe-002,1.0,3,0.0,0.0,traverse_first,0.006,0.048,0.42937299999999995,0.021,descendant_search,True
generated_exact_oracle,tridb_live,0.0,0.0,7.0,,5.0,openevolve,0.0,0.0,5,False,5,0.618207,0.6200862,0.62025324,0.0,vector_first-022628fa8c07,during,2,oe-002,0.0,3,0.0,0.0,vector_first,0.091,0.077,0.43120699999999995,0.017,descendant_search,True
generated_exact_oracle,tridb_live,0.0,2.0,7.0,,31.0,openevolve,1.0,1.0,3,False,31,0.58373,0.6173135,0.6202987,1.0,vector_first-02563f96566e,post,2,oe-002,1.0,3,0.0,0.0,vector_first,0.113,0.032,0.422397,0.017,descendant_search,True
generated_exact_oracle,tridb_live,0.0,2.0,7.0,,31.0,openevolve,1.0,1.0,2,False,31,0.709609,0.7356487,0.7379633400000001,1.0,vector_first-0d6433b7dd6b,during,2,oe-002,1.0,3,0.0,0.0,vector_first,0.125,0.141,0.42754200000000003,0.019,descendant_search,True
generated_exact_oracle,tridb_live,0.0,0.0,7.0,,1.0,openevolve,0.0,0.0,3,False,1,0.513284,0.5223101,0.52311242,0.0,vector_first-17479e220710,post,2,oe-002,0.0,3,0.0,0.0,vector_first,0.068,0.0,0.43031300000000006,0.018,descendant_search,True
generated_exact_oracle,tridb_live,0.0,2.0,7.0,,20.0,openevolve,1.0,1.0,3,False,20,0.624996,0.6372009000000001,0.63828578,1.0,vector_first-181f342b270a,post,2,oe-002,1.0,3,0.0,0.0,vector_first,0.114,0.04,0.43755700000000003,0.024,descendant_search,True
generated_exact_oracle,tridb_live,0.0,0.0,7.0,,1.0,openevolve,0.0,0.0,3,False,1,0.517741,0.5292682000000001,0.5302928400000001,0.0,vector_first-1af22faa6077,during,2,oe-002,0.0,3,0.0,0.0,vector_first,0.058,0.019,0.43278999999999995,0.0,descendant_search,True
generated_exact_oracle,tridb_live,0.0,2.0,7.0,,10.0,openevolve,1.0,1.0,3,False,10,0.759697,0.8269774,0.83295788,1.0,vector_first-1f98d69fd4bb,during,2,oe-002,1.0,3,0.0,0.0,vector_first,0.131,0.108,0.46042000000000005,0.028,descendant_search,True
generated_exact_oracle,tridb_live,0.0,2.0,7.0,,20.0,openevolve,1.0,1.0,2,False,20,0.749998,0.9273142,0.94307564,1.0,vector_first-27d19d1f923e,during,2,oe-002,1.0,3,0.0,0.0,vector_first,0.131,0.158,0.435551,0.026,descendant_search,True
generated_exact_oracle,tridb_live,0.0,2.0,7.0,,10.0,openevolve,1.0,1.0,5,False,10,0.534026,0.545393,0.5464034,1.0,vector_first-3b5ba3173bf9,post,2,oe-002,1.0,3,0.0,0.0,vector_first,0.08,0.031,0.409656,0.016,descendant_search,True
generated_exact_oracle,tridb_live,0.0,2.0,7.0,,10.0,openevolve,1.0,1.0,1,False,10,0.57051,0.6079842,0.61131524,1.0,vector_first-404f84e6a5f4,post,2,oe-002,1.0,3,0.0,0.0,vector_first,0.081,0.033,0.43950999999999996,0.017,descendant_search,True
generated_exact_oracle,tridb_live,0.0,2.0,7.0,,20.0,openevolve,1.0,1.0,1,False,20,0.794955,0.8024736,0.8031419200000001,1.0,vector_first-4c96de282a3c,during,2,oe-002,1.0,3,0.0,0.0,vector_first,0.152,0.129,0.45149600000000006,0.024,descendant_search,True
generated_exact_oracle,tridb_live,0.0,0.0,7.0,,5.0,openevolve,0.0,0.0,1,False,5,0.909928,0.9724113999999999,0.9779654799999999,0.0,vector_first-539cd672e6b6,post,2,oe-002,0.0,3,0.0,0.0,vector_first,0.102,0.0,0.708928,0.019,descendant_search,True
generated_exact_oracle,tridb_live,0.0,2.0,7.0,,31.0,openevolve,1.0,1.0,3,False,31,0.735731,0.7386649999999999,0.7389258,1.0,vector_first-55a4789c3974,during,2,oe-002,1.0,3,0.0,0.0,vector_first,0.13,0.144,0.44050700000000004,0.019,descendant_search,True
generated_exact_oracle,tridb_live,0.0,0.0,7.0,,5.0,openevolve,0.0,0.0,2,False,5,0.786481,0.7943416,0.79504032,0.0,vector_first-7462d459aaf5,during,2,oe-002,0.0,3,0.0,0.0,vector_first,0.115,0.083,0.555215,0.023,descendant_search,True
generated_exact_oracle,tridb_live,0.0,2.0,7.0,,20.0,openevolve,1.0,1.0,5,False,20,0.550154,0.5756051,0.57786742,1.0,vector_first-769ad60b254f,post,2,oe-002,1.0,3,0.0,0.0,vector_first,0.088,0.031,0.415154,0.016,descendant_search,True
generated_exact_oracle,tridb_live,0.0,0.0,7.0,,1.0,openevolve,0.0,0.0,2,False,1,0.529923,0.5328876,0.5331511200000001,0.0,vector_first-79d7f13154dd,post,2,oe-002,0.0,3,0.0,0.0,vector_first,0.073,0.0,0.4432170000000001,0.017,descendant_search,True
generated_exact_oracle,tridb_live,0.0,2.0,7.0,,20.0,openevolve,1.0,1.0,3,False,20,0.663805,0.6892048,0.69146256,1.0,vector_first-7a75fc9fb9ab,during,2,oe-002,1.0,3,0.0,0.0,vector_first,0.111,0.119,0.42602699999999993,0.021,descendant_search,True
generated_exact_oracle,tridb_live,0.0,2.0,7.0,,31.0,openevolve,1.0,1.0,1,False,31,0.567305,0.5859863,0.58764686,1.0,vector_first-7e723fa35fd9,post,2,oe-002,1.0,3,0.0,0.0,vector_first,0.11,0.032,0.4093049999999999,0.016,descendant_search,True
generated_exact_oracle,tridb_live,0.0,0.0,7.0,,1.0,openevolve,0.0,0.0,5,False,1,0.500079,1.2952308,1.36591096,0.0,vector_first-8549959dfc39,during,2,oe-002,0.0,3,0.0,0.0,vector_first,0.063,0.023,0.4140790000000001,0.0,descendant_search,True
generated_exact_oracle,tridb_live,0.0,0.0,7.0,,1.0,openevolve,0.0,0.0,2,False,1,0.509214,0.5328444,0.53494488,0.0,vector_first-8735078935c5,during,2,oe-002,0.0,3,0.0,0.0,vector_first,0.063,0.019,0.42721400000000004,0.0,descendant_search,True
generated_exact_oracle,tridb_live,0.0,0.0,7.0,,5.0,openevolve,0.0,0.0,3,False,5,0.650026,0.7490395,0.7578406999999999,0.0,vector_first-8773821ec9c7,during,2,oe-002,0.0,3,0.0,0.0,vector_first,0.092,0.079,0.43911399999999995,0.021,descendant_search,True
generated_exact_oracle,tridb_live,0.0,2.0,7.0,,10.0,openevolve,1.0,1.0,1,False,10,0.660345,0.6918,0.694596,1.0,vector_first-879c2f5ec6a7,during,2,oe-002,1.0,3,0.0,0.0,vector_first,0.111,0.105,0.430636,0.02,descendant_search,True
generated_exact_oracle,tridb_live,0.0,2.0,7.0,,10.0,openevolve,1.0,1.0,2,False,10,0.659903,0.6656018,0.6661083600000001,1.0,vector_first-9e027ae921ee,during,2,oe-002,1.0,3,0.0,0.0,vector_first,0.102,0.098,0.43223500000000004,0.021,descendant_search,True
generated_exact_oracle,tridb_live,0.0,0.0,7.0,,1.0,openevolve,0.0,0.0,1,False,1,0.509406,0.5766801,0.58266002,0.0,vector_first-9f2a495d4986,during,2,oe-002,0.0,3,0.0,0.0,vector_first,0.067,0.019,0.41515499999999994,0.0,descendant_search,True
generated_exact_oracle,tridb_live,0.0,0.0,7.0,,5.0,openevolve,0.0,0.0,2,False,5,0.628141,0.6444759999999999,0.645928,0.0,vector_first-a5b8d6da0107,post,2,oe-002,0.0,3,0.0,0.0,vector_first,0.104,0.0,0.49914099999999995,0.024,descendant_search,True
generated_exact_oracle,tridb_live,0.0,0.0,7.0,,5.0,openevolve,0.0,0.0,3,False,5,0.538972,0.5485939,0.54944918,0.0,vector_first-a6608b0002af,post,2,oe-002,0.0,3,0.0,0.0,vector_first,0.078,0.0,0.44297200000000003,0.018,descendant_search,True
generated_exact_oracle,tridb_live,0.0,2.0,7.0,,10.0,openevolve,1.0,1.0,2,False,10,0.575944,0.5910604,0.59240408,1.0,vector_first-a802c228be07,post,2,oe-002,1.0,3,0.0,0.0,vector_first,0.094,0.034,0.42774,0.018,descendant_search,True
generated_exact_oracle,tridb_live,0.0,2.0,7.0,,31.0,openevolve,1.0,1.0,5,False,31,0.814399,0.8752642,0.8806744400000001,1.0,vector_first-a9f78619c4c5,during,2,oe-002,1.0,3,0.0,0.0,vector_first,0.15,0.157,0.446399,0.022,descendant_search,True
generated_exact_oracle,tridb_live,0.0,2.0,7.0,,31.0,openevolve,1.0,1.0,1,False,31,0.794572,1.1249575,1.1543251,1.0,vector_first-ae5e5305d255,during,2,oe-002,1.0,3,0.0,0.0,vector_first,0.14,0.146,0.44957199999999997,0.023,descendant_search,True
generated_exact_oracle,tridb_live,0.0,0.0,7.0,,1.0,openevolve,0.0,0.0,5,False,1,0.789448,0.8212612,0.8240890399999999,0.0,vector_first-bbed0b0c4edb,post,2,oe-002,0.0,3,0.0,0.0,vector_first,0.083,0.0,0.6854480000000001,0.021,descendant_search,True
generated_exact_oracle,tridb_live,0.0,0.0,7.0,,1.0,openevolve,0.0,0.0,1,False,1,0.539327,0.6366790999999999,0.6453326199999999,0.0,vector_first-c1efa57fb2c2,post,2,oe-002,0.0,3,0.0,0.0,vector_first,0.066,0.0,0.44632700000000003,0.019,descendant_search,True
generated_exact_oracle,tridb_live,0.0,2.0,7.0,,10.0,openevolve,1.0,1.0,3,False,10,0.557988,0.6032274,0.60724868,1.0,vector_first-c254a691f33b,post,2,oe-002,1.0,3,0.0,0.0,vector_first,0.076,0.034,0.42898800000000004,0.018,descendant_search,True
generated_exact_oracle,tridb_live,0.0,2.0,7.0,,20.0,openevolve,1.0,1.0,2,False,20,0.579132,0.6267113999999999,0.6309406799999999,1.0,vector_first-c9c7dff0ae35,post,2,oe-002,1.0,3,0.0,0.0,vector_first,0.101,0.035,0.4241889999999999,0.021,descendant_search,True
generated_exact_oracle,tridb_live,0.0,2.0,7.0,,20.0,openevolve,1.0,1.0,1,False,20,0.581756,0.6120293,0.61472026,1.0,vector_first-ce905df43902,post,2,oe-002,1.0,3,0.0,0.0,vector_first,0.098,0.032,0.43375600000000003,0.018,descendant_search,True
generated_exact_oracle,tridb_live,0.0,0.0,7.0,,5.0,openevolve,0.0,0.0,5,False,5,0.507796,0.5140501,0.51460602,0.0,vector_first-d746def0ad41,post,2,oe-002,0.0,3,0.0,0.0,vector_first,0.072,0.0,0.42038800000000004,0.017,descendant_search,True
generated_exact_oracle,tridb_live,0.0,2.0,7.0,,31.0,openevolve,1.0,1.0,2,False,31,0.606945,0.7345758,0.74592076,1.0,vector_first-e1291c2e8845,post,2,oe-002,1.0,3,0.0,0.0,vector_first,0.128,0.031,0.433434,0.017,descendant_search,True
generated_exact_oracle,tridb_live,0.0,2.0,7.0,,20.0,openevolve,1.0,1.0,5,False,20,0.672987,0.7016232,0.70416864,1.0,vector_first-e83511f32e02,during,2,oe-002,1.0,3,0.0,0.0,vector_first,0.107,0.12,0.426987,0.02,descendant_search,True
generated_exact_oracle,tridb_live,0.0,1.0,7.0,,8.0,openevolve,1.0,1.0,2,True,8,0.558597,0.5821436999999999,0.5842367399999999,1.0,vector_first-ebaeb868fc9b,post,2,oe-002,0.5,3,0.0,0.0,vector_first,0.092,0.022,0.424655,0.019,descendant_search,True
generated_exact_oracle,tridb_live,0.0,0.0,7.0,,5.0,openevolve,0.0,0.0,1,False,5,0.646814,0.9467066,0.97336372,0.0,vector_first-f0a58d413e0f,during,2,oe-002,0.0,3,0.0,0.0,vector_first,0.097,0.079,0.44081400000000004,0.018,descendant_search,True
generated_exact_oracle,tridb_live,0.0,2.0,7.0,,31.0,openevolve,1.0,1.0,5,False,31,0.635681,0.6560722999999999,0.65788486,1.0,vector_first-f0db45cb5ec3,post,2,oe-002,1.0,3,0.0,0.0,vector_first,0.133,0.035,0.44090799999999997,0.021,descendant_search,True
generated_exact_oracle,tridb_live,0.0,2.0,7.0,,10.0,openevolve,1.0,1.0,5,False,10,0.630531,0.6509889,0.65280738,1.0,vector_first-f99672c00fed,during,2,oe-002,1.0,3,0.0,0.0,vector_first,0.089,0.099,0.419262,0.019,descendant_search,True
generated_exact_oracle,tridb_live,0.0,3.0,31.0,,20.0,openevolve,1.0,1.0,3,False,20,0.522857,0.52715,0.5275316,1.0,filter_first-03c0190c958c,pre,2,oe-003,1.0,3,0.0,0.0,filter_first,0.098,0.0,0.40962699999999996,0.016,ancestor_reuse,True
generated_exact_oracle,tridb_live,0.0,0.0,31.0,,1.0,openevolve,0.0,0.0,5,False,1,0.549021,0.5668509,0.5684357800000001,0.0,filter_first-0b936184cc1f,pre,2,oe-003,0.0,3,0.0,0.0,filter_first,0.107,0.0,0.420832,0.02,ancestor_reuse,True
generated_exact_oracle,tridb_live,0.0,3.0,31.0,,10.0,openevolve,1.0,1.0,3,False,10,0.555488,0.5582141,0.5584564200000001,1.0,filter_first-100fc75abb62,pre,2,oe-003,1.0,3,0.0,0.0,filter_first,0.11,0.0,0.417517,0.016,ancestor_reuse,True
generated_exact_oracle,tridb_live,0.0,5.0,31.0,,31.0,openevolve,0.0,1.0,5,False,31,0.595722,0.6347054999999999,0.6381707,0.5,filter_first-18c5ab755e0f,pre,2,oe-003,1.0,3,0.0,0.0,filter_first,0.131,0.0,0.44072199999999995,0.024,ancestor_reuse,True
generated_exact_oracle,tridb_live,0.0,1.0,31.0,,5.0,openevolve,1.0,1.0,3,False,5,0.534181,0.5374983999999999,0.5377932799999999,1.0,filter_first-1bcb17c507ca,pre,2,oe-003,0.5,3,0.0,0.0,filter_first,0.099,0.0,0.413181,0.016,ancestor_reuse,True
generated_exact_oracle,tridb_live,0.0,1.0,31.0,,20.0,openevolve,1.0,1.0,1,False,20,0.533042,0.5437061,0.54465402,1.0,filter_first-1cad3c1573b2,pre,2,oe-003,0.5,3,0.0,0.0,filter_first,0.096,0.0,0.42292700000000005,0.015,ancestor_reuse,True
generated_exact_oracle,tridb_live,0.0,2.0,31.0,,5.0,openevolve,0.0,1.0,5,False,5,0.553199,0.5565632,0.5568622400000001,0.5,filter_first-31743712ac49,pre,2,oe-003,0.5,3,0.0,0.0,filter_first,0.112,0.0,0.423199,0.019,ancestor_reuse,True
generated_exact_oracle,tridb_live,0.0,0.0,31.0,,1.0,openevolve,0.0,0.0,2,False,1,0.532721,0.5341331,0.53425862,0.0,filter_first-3a7f1025f729,pre,2,oe-003,0.0,3,0.0,0.0,filter_first,0.092,0.0,0.421721,0.017,ancestor_reuse,True
generated_exact_oracle,tridb_live,0.0,2.0,31.0,,20.0,openevolve,1.0,1.0,2,False,20,0.545462,0.5460398000000001,0.54609116,1.0,filter_first-46ec65dc7fea,pre,2,oe-003,1.0,3,0.0,0.0,filter_first,0.107,0.0,0.423945,0.015,ancestor_reuse,True
generated_exact_oracle,tridb_live,0.0,0.0,31.0,,1.0,openevolve,0.0,0.0,3,False,1,0.585787,0.6133189,0.6157661799999999,0.0,filter_first-68e8f1c34182,pre,2,oe-003,0.0,3,0.0,0.0,filter_first,0.125,0.0,0.4347869999999999,0.021,ancestor_reuse,True
generated_exact_oracle,tridb_live,0.0,1.0,31.0,,10.0,openevolve,1.0,1.0,1,False,10,0.574566,0.5831097,0.58386914,1.0,filter_first-8532bb36e741,pre,2,oe-003,0.5,3,0.0,0.0,filter_first,0.119,0.0,0.429566,0.019,ancestor_reuse,True
generated_exact_oracle,tridb_live,0.0,0.0,31.0,,5.0,openevolve,0.0,0.0,1,False,5,0.548736,0.5633691000000001,0.56466982,0.0,filter_first-8699218b4a03,pre,2,oe-003,0.0,3,0.0,0.0,filter_first,0.106,0.0,0.428736,0.014,ancestor_reuse,True
generated_exact_oracle,tridb_live,0.0,2.0,31.0,,10.0,openevolve,1.0,1.0,2,False,10,0.555939,0.6020523,0.6061512600000001,1.0,filter_first-88d1f0b4340a,pre,2,oe-003,1.0,3,0.0,0.0,filter_first,0.114,0.0,0.42993899999999996,0.023,ancestor_reuse,True
generated_exact_oracle,tridb_live,0.0,1.0,31.0,,5.0,openevolve,1.0,1.0,2,False,5,0.544326,0.5484471,0.54881342,1.0,filter_first-bb7c33f6d989,pre,2,oe-003,0.5,3,0.0,0.0,filter_first,0.1,0.0,0.429326,0.015,ancestor_reuse,True
generated_exact_oracle,tridb_live,0.0,1.0,31.0,,31.0,openevolve,1.0,1.0,1,False,31,0.571606,0.9238876,0.95520152,1.0,filter_first-be38ca0c5e18,pre,2,oe-003,0.5,3,0.0,0.0,filter_first,0.104,0.0,0.44860599999999995,0.017,ancestor_reuse,True
generated_exact_oracle,tridb_live,0.0,3.0,31.0,,31.0,openevolve,1.0,1.0,3,False,31,0.543334,0.5434483,0.54345846,1.0,filter_first-cd32452ab5b9,pre,2,oe-003,1.0,3,0.0,0.0,filter_first,0.101,0.0,0.425461,0.017,ancestor_reuse,True
generated_exact_oracle,tridb_live,0.0,2.0,31.0,,31.0,openevolve,1.0,1.0,2,False,31,0.545449,0.5488447,0.54914654,1.0,filter_first-ce8f691a5541,pre,2,oe-003,1.0,3,0.0,0.0,filter_first,0.101,0.0,0.42644899999999997,0.015,ancestor_reuse,True
generated_exact_oracle,tridb_live,0.0,4.0,31.0,,10.0,openevolve,0.0,1.0,5,False,10,0.546355,0.6015745,0.6064828999999999,0.5,filter_first-dac925d86324,pre,2,oe-003,1.0,3,0.0,0.0,filter_first,0.109,0.0,0.42440999999999995,0.021,ancestor_reuse,True
generated_exact_oracle,tridb_live,0.0,4.0,31.0,,20.0,openevolve,0.0,1.0,5,False,20,0.537088,0.5596258000000001,0.5616291600000001,0.5,filter_first-dc7fbfdd08ef,pre,2,oe-003,1.0,3,0.0,0.0,filter_first,0.104,0.0,0.41587700000000005,0.019,ancestor_reuse,True
generated_exact_oracle,tridb_live,0.0,0.0,31.0,,1.0,openevolve,0.0,0.0,1,False,1,0.553704,0.5584902,0.55891564,0.0,filter_first-ef43b60e2e3b,pre,2,oe-003,0.0,3,0.0,0.0,filter_first,0.097,0.0,0.42170399999999997,0.016,ancestor_reuse,True
generated_exact_oracle,tridb_live,0.0,5.0,31.0,,,openevolve,0.0,1.0,5,False,31,0.566646,0.5713611,0.57178022,0.5,traverse_first-025d91062f7e,post,2,oe-003,1.0,3,0.0,0.0,traverse_first,0.01,0.082,0.438646,0.02,ancestor_reuse,True
generated_exact_oracle,tridb_live,0.0,5.0,31.0,,,openevolve,0.0,1.0,5,False,20,0.562729,0.5940958000000001,0.59688396,0.5,traverse_first-08ab08ac3fd6,post,2,oe-003,1.0,3,0.0,0.0,traverse_first,0.011,0.089,0.43772900000000003,0.02,ancestor_reuse,True
generated_exact_oracle,tridb_live,0.0,3.0,31.0,,,openevolve,1.0,1.0,3,False,20,0.510205,0.5228851,0.52401222,1.0,traverse_first-0ce2265627bb,during,2,oe-003,1.0,3,0.0,0.0,traverse_first,0.014,0.066,0.41020500000000004,0.017,ancestor_reuse,True
generated_exact_oracle,tridb_live,0.0,1.0,31.0,,,openevolve,1.0,1.0,1,False,1,0.455161,0.47018109999999996,0.47151622,1.0,traverse_first-0e65f761853b,during,2,oe-003,0.5,3,0.0,0.0,traverse_first,0.002,0.024,0.415161,0.014,ancestor_reuse,True
generated_exact_oracle,tridb_live,0.0,1.0,31.0,,,openevolve,1.0,1.0,2,False,1,0.473171,0.4747307,0.47486934,1.0,traverse_first-1401f30333f9,post,2,oe-003,0.5,3,0.0,0.0,traverse_first,0.006,0.043,0.409904,0.015,ancestor_reuse,True
generated_exact_oracle,tridb_live,0.0,1.0,31.0,,,openevolve,1.0,1.0,1,False,31,0.466928,0.5214806,0.52632972,1.0,traverse_first-15ea918cf3ed,during,2,oe-003,0.5,3,0.0,0.0,traverse_first,0.002,0.018,0.432928,0.013,ancestor_reuse,True
generated_exact_oracle,tridb_live,0.0,2.0,31.0,,,openevolve,1.0,1.0,2,False,31,0.551975,0.5549711,0.55523742,1.0,traverse_first-181bab948b21,post,2,oe-003,1.0,3,0.0,0.0,traverse_first,0.007,0.051,0.474975,0.02,ancestor_reuse,True
generated_exact_oracle,tridb_live,0.0,1.0,31.0,,,openevolve,1.0,1.0,1,False,5,0.457096,0.4821835,0.4844135,1.0,traverse_first-2ef9d31e2115,during,2,oe-003,0.5,3,0.0,0.0,traverse_first,0.002,0.018,0.42409600000000003,0.013,ancestor_reuse,True
generated_exact_oracle,tridb_live,0.0,1.0,31.0,,,openevolve,1.0,1.0,1,False,31,0.573539,0.5891675,0.5905566999999999,1.0,traverse_first-337d9b2cc0f4,post,2,oe-003,0.5,3,0.0,0.0,traverse_first,0.002,0.025,0.536539,0.014,ancestor_reuse,True
generated_exact_oracle,tridb_live,0.0,3.0,31.0,,,openevolve,1.0,1.0,3,False,20,0.515789,0.5340689000000001,0.53569378,1.0,traverse_first-488fa7065b52,post,2,oe-003,1.0,3,0.0,0.0,traverse_first,0.013,0.055,0.42610000000000003,0.018,ancestor_reuse,True
generated_exact_oracle,tridb_live,0.0,1.0,31.0,,,openevolve,0.0,0.0,5,False,1,0.54107,0.5670854000000001,0.56939788,0.0,traverse_first-49ace1949b9b,during,2,oe-003,0.0,3,0.0,0.0,traverse_first,0.013,0.087,0.42407000000000006,0.021,ancestor_reuse,True
generated_exact_oracle,tridb_live,0.0,1.0,31.0,,,openevolve,1.0,1.0,3,False,1,0.511264,0.5155930000000001,0.5159778,1.0,traverse_first-4ee862e3f54f,during,2,oe-003,0.5,3,0.0,0.0,traverse_first,0.014,0.056,0.42407400000000006,0.015,ancestor_reuse,True
generated_exact_oracle,tridb_live,0.0,3.0,31.0,,,openevolve,1.0,1.0,3,False,10,0.5415,0.5421624,0.54222128,1.0,traverse_first-520420e3895b,post,2,oe-003,1.0,3,0.0,0.0,traverse_first,0.012,0.052,0.4482360000000001,0.019,ancestor_reuse,True
generated_exact_oracle,tridb_live,0.0,5.0,31.0,,,openevolve,0.0,1.0,5,False,5,0.573808,0.5738943999999999,0.57390208,0.5,traverse_first-58584ddc9129,post,2,oe-003,1.0,3,0.0,0.0,traverse_first,0.01,0.084,0.44890399999999997,0.021,ancestor_reuse,True
generated_exact_oracle,tridb_live,0.0,2.0,31.0,,,openevolve,1.0,1.0,2,False,10,0.493442,0.5368706,0.54073092,1.0,traverse_first-5be44627d46d,post,2,oe-003,1.0,3,0.0,0.0,traverse_first,0.006,0.043,0.432442,0.017,ancestor_reuse,True
generated_exact_oracle,tridb_live,0.0,2.0,31.0,,,openevolve,1.0,1.0,2,False,20,0.558702,0.5866074,0.58908788,1.0,traverse_first-5dac164247a2,post,2,oe-003,1.0,3,0.0,0.0,traverse_first,0.008,0.061,0.46070200000000006,0.023,ancestor_reuse,True
generated_exact_oracle,tridb_live,0.0,5.0,31.0,,,openevolve,0.0,1.0,5,False,20,0.57743,0.6255467,0.6298237400000001,0.5,traverse_first-62b9b3f6c548,during,2,oe-003,1.0,3,0.0,0.0,traverse_first,0.012,0.103,0.42543,0.025,ancestor_reuse,True
generated_exact_oracle,tridb_live,0.0,1.0,31.0,,,openevolve,1.0,1.0,1,False,20,0.457598,0.4643183,0.46491566,1.0,traverse_first-6e5585f7fa7d,during,2,oe-003,0.5,3,0.0,0.0,traverse_first,0.002,0.019,0.42359800000000003,0.013,ancestor_reuse,True
generated_exact_oracle,tridb_live,0.0,1.0,31.0,,,openevolve,1.0,1.0,3,False,1,0.521248,0.5266803999999999,0.52716328,1.0,traverse_first-70d454e2e64f,post,2,oe-003,0.5,3,0.0,0.0,traverse_first,0.014,0.06,0.42524800000000007,0.02,ancestor_reuse,True
generated_exact_oracle,tridb_live,0.0,1.0,31.0,,,openevolve,1.0,1.0,1,False,20,0.483586,0.5429598999999999,0.54823758,1.0,traverse_first-76359c42693a,post,2,oe-003,0.5,3,0.0,0.0,traverse_first,0.002,0.027,0.430586,0.015,ancestor_reuse,True
generated_exact_oracle,tridb_live,0.0,3.0,31.0,,,openevolve,1.0,1.0,3,False,31,0.5257,0.5335615,0.5342603,1.0,traverse_first-782e67473b54,during,2,oe-003,1.0,3,0.0,0.0,traverse_first,0.015,0.056,0.4357,0.017,ancestor_reuse,True
generated_exact_oracle,tridb_live,0.0,3.0,31.0,,,openevolve,1.0,1.0,3,False,5,0.540697,0.5679769,0.57040178,1.0,traverse_first-79ee91cd021b,post,2,oe-003,1.0,3,0.0,0.0,traverse_first,0.015,0.051,0.45969699999999997,0.02,ancestor_reuse,True
generated_exact_oracle,tridb_live,0.0,1.0,31.0,,,openevolve,1.0,1.0,1,False,10,0.448551,0.459108,0.4600464,1.0,traverse_first-7e45a5be9de9,post,2,oe-003,0.5,3,0.0,0.0,traverse_first,0.002,0.024,0.412687,0.013,ancestor_reuse,True
generated_exact_oracle,tridb_live,0.0,1.0,31.0,,,openevolve,0.0,0.0,5,False,1,0.523396,0.528733,0.5292074,0.0,traverse_first-83bddfb7afc0,post,2,oe-003,0.0,3,0.0,0.0,traverse_first,0.009,0.086,0.407396,0.021,ancestor_reuse,True
generated_exact_oracle,tridb_live,0.0,3.0,31.0,,,openevolve,1.0,1.0,3,False,10,0.569551,0.8532472,0.87846464,1.0,traverse_first-85c5a61d5cac,during,2,oe-003,1.0,3,0.0,0.0,traverse_first,0.015,0.059,0.450649,0.018,ancestor_reuse,True
generated_exact_oracle,tridb_live,0.0,5.0,31.0,,,openevolve,0.0,1.0,5,False,5,0.574092,0.6346629,0.64004698,0.5,traverse_first-8601c73b4d10,during,2,oe-003,1.0,3,0.0,0.0,traverse_first,0.012,0.091,0.44909200000000005,0.022,ancestor_reuse,True
generated_exact_oracle,tridb_live,0.0,3.0,31.0,,,openevolve,1.0,1.0,3,False,5,0.546391,1.3585023999999999,1.43069008,1.0,traverse_first-89a453d84bbf,during,2,oe-003,1.0,3,0.0,0.0,traverse_first,0.013,0.057,0.46439099999999994,0.02,ancestor_reuse,True
generated_exact_oracle,tridb_live,0.0,1.0,31.0,,,openevolve,1.0,1.0,1,False,10,0.477196,0.49960330000000003,0.50159506,1.0,traverse_first-8d055dcb7096,during,2,oe-003,0.5,3,0.0,0.0,traverse_first,0.003,0.018,0.44419600000000004,0.014,ancestor_reuse,True
generated_exact_oracle,tridb_live,0.0,2.0,31.0,,,openevolve,1.0,1.0,2,False,31,0.516342,0.9984828,1.04133976,1.0,traverse_first-90c6f45e3991,during,2,oe-003,1.0,3,0.0,0.0,traverse_first,0.004,0.053,0.45534199999999997,0.016,ancestor_reuse,True
generated_exact_oracle,tridb_live,0.0,1.0,31.0,,,openevolve,1.0,1.0,2,False,1,0.475557,0.4794189,0.47976218,1.0,traverse_first-92d6d9491887,during,2,oe-003,0.5,3,0.0,0.0,traverse_first,0.005,0.045,0.407557,0.015,ancestor_reuse,True
generated_exact_oracle,tridb_live,0.0,1.0,31.0,,,openevolve,1.0,1.0,1,False,1,0.460295,0.4619618,0.46210996,1.0,traverse_first-a6e5d14e469b,post,2,oe-003,0.5,3,0.0,0.0,traverse_first,0.002,0.027,0.412147,0.013,ancestor_reuse,True
generated_exact_oracle,tridb_live,0.0,2.0,31.0,,,openevolve,1.0,1.0,2,False,5,0.477872,0.4816628,0.48199976,1.0,traverse_first-b279d6126ea0,post,2,oe-003,1.0,3,0.0,0.0,traverse_first,0.006,0.041,0.412084,0.017,ancestor_reuse,True
generated_exact_oracle,tridb_live,0.0,3.0,31.0,,,openevolve,1.0,1.0,3,False,31,0.563608,0.6390856,0.64579472,1.0,traverse_first-b8c2c2ac41e4,post,2,oe-003,1.0,3,0.0,0.0,traverse_first,0.013,0.059,0.47660800000000003,0.02,ancestor_reuse,True
generated_exact_oracle,tridb_live,0.0,2.0,31.0,,,openevolve,1.0,1.0,2,False,5,0.55642,0.5568646,0.55690412,1.0,traverse_first-cccdd3ed958f,during,2,oe-003,1.0,3,0.0,0.0,traverse_first,0.007,0.058,0.45091400000000004,0.024,ancestor_reuse,True
generated_exact_oracle,tridb_live,0.0,5.0,31.0,,,openevolve,0.0,1.0,5,False,31,0.562446,0.6670206,0.67631612,0.5,traverse_first-d56cf7e61a35,during,2,oe-003,1.0,3,0.0,0.0,traverse_first,0.011,0.092,0.431446,0.021,ancestor_reuse,True
generated_exact_oracle,tridb_live,0.0,5.0,31.0,,,openevolve,0.0,1.0,5,False,10,0.536226,0.5550944999999999,0.5567717,0.5,traverse_first-df19a1a33fe5,during,2,oe-003,1.0,3,0.0,0.0,traverse_first,0.01,0.088,0.419737,0.018,ancestor_reuse,True
generated_exact_oracle,tridb_live,0.0,5.0,31.0,,,openevolve,0.0,1.0,5,False,10,0.549005,0.6003158000000001,0.60487676,0.5,traverse_first-e036b666ccda,post,2,oe-003,1.0,3,0.0,0.0,traverse_first,0.01,0.085,0.434005,0.019,ancestor_reuse,True
generated_exact_oracle,tridb_live,0.0,2.0,31.0,,,openevolve,1.0,1.0,2,False,20,0.47304,0.493353,0.4951586,1.0,traverse_first-e4d7ef105a79,during,2,oe-003,1.0,3,0.0,0.0,traverse_first,0.007,0.042,0.41004,0.015,ancestor_reuse,True
generated_exact_oracle,tridb_live,0.0,1.0,31.0,,,openevolve,1.0,1.0,1,False,5,0.459626,0.5019152,0.50567424,1.0,traverse_first-f0fdb2bba196,post,2,oe-003,0.5,3,0.0,0.0,traverse_first,0.002,0.025,0.416626,0.013,ancestor_reuse,True
generated_exact_oracle,tridb_live,0.0,2.0,31.0,,,openevolve,1.0,1.0,2,False,10,0.484285,1.1899354,1.25265988,1.0,traverse_first-f9b36ac9da92,during,2,oe-003,1.0,3,0.0,0.0,traverse_first,0.005,0.04,0.412773,0.016,ancestor_reuse,True
generated_exact_oracle,tridb_live,0.0,2.0,31.0,,5.0,openevolve,0.0,1.0,5,False,5,0.616279,0.6304666,0.63172772,0.5,vector_first-022628fa8c07,during,2,oe-003,0.5,3,0.0,0.0,vector_first,0.091,0.073,0.42804300000000006,0.021,ancestor_reuse,True
generated_exact_oracle,tridb_live,0.0,3.0,31.0,,31.0,openevolve,1.0,1.0,3,False,31,0.640358,0.6444287000000001,0.64479054,1.0,vector_first-02563f96566e,post,2,oe-003,1.0,3,0.0,0.0,vector_first,0.126,0.048,0.433358,0.02,ancestor_reuse,True
generated_exact_oracle,tridb_live,0.0,2.0,31.0,,31.0,openevolve,1.0,1.0,2,False,31,0.737527,0.7708207,0.77378014,1.0,vector_first-0d6433b7dd6b,during,2,oe-003,1.0,3,0.0,0.0,vector_first,0.146,0.147,0.42452700000000004,0.02,ancestor_reuse,True
generated_exact_oracle,tridb_live,0.0,0.0,31.0,,1.0,openevolve,0.0,0.0,3,False,1,0.507997,0.5579821,0.5624252200000001,0.0,vector_first-17479e220710,post,2,oe-003,0.0,3,0.0,0.0,vector_first,0.06,0.0,0.421691,0.017,ancestor_reuse,True
generated_exact_oracle,tridb_live,0.0,3.0,31.0,,20.0,openevolve,1.0,1.0,3,False,20,0.617794,0.629503,0.6305438,1.0,vector_first-181f342b270a,post,2,oe-003,1.0,3,0.0,0.0,vector_first,0.097,0.047,0.4526859999999999,0.02,ancestor_reuse,True
generated_exact_oracle,tridb_live,0.0,0.0,31.0,,1.0,openevolve,0.0,0.0,3,False,1,0.533406,0.8110497,0.83572914,0.0,vector_first-1af22faa6077,during,2,oe-003,0.0,3,0.0,0.0,vector_first,0.07,0.02,0.42040600000000006,0.017,ancestor_reuse,True
generated_exact_oracle,tridb_live,0.0,3.0,31.0,,10.0,openevolve,1.0,1.0,3,False,10,0.625549,0.6669598,0.67064076,1.0,vector_first-1f98d69fd4bb,during,2,oe-003,1.0,3,0.0,0.0,vector_first,0.081,0.099,0.42054900000000006,0.02,ancestor_reuse,True
generated_exact_oracle,tridb_live,0.0,2.0,31.0,,20.0,openevolve,1.0,1.0,2,False,20,0.664394,0.6772559,0.67839918,1.0,vector_first-27d19d1f923e,during,2,oe-003,1.0,3,0.0,0.0,vector_first,0.104,0.117,0.419685,0.017,ancestor_reuse,True
generated_exact_oracle,tridb_live,0.0,4.0,31.0,,10.0,openevolve,0.0,1.0,5,False,10,0.568159,0.5882524,0.59003848,0.5,vector_first-3b5ba3173bf9,post,2,oe-003,1.0,3,0.0,0.0,vector_first,0.072,0.058,0.41915899999999995,0.019,ancestor_reuse,True
generated_exact_oracle,tridb_live,0.0,1.0,31.0,,10.0,openevolve,1.0,1.0,1,False,10,0.552731,0.6411542,0.64901404,1.0,vector_first-404f84e6a5f4,post,2,oe-003,0.5,3,0.0,0.0,vector_first,0.082,0.02,0.445731,0.016,ancestor_reuse,True
generated_exact_oracle,tridb_live,0.0,1.0,31.0,,20.0,openevolve,1.0,1.0,1,False,20,0.670148,0.6962786,0.69860132,1.0,vector_first-4c96de282a3c,during,2,oe-003,0.5,3,0.0,0.0,vector_first,0.111,0.118,0.41878499999999996,0.018,ancestor_reuse,True
generated_exact_oracle,tridb_live,0.0,0.0,31.0,,5.0,openevolve,0.0,0.0,1,False,5,0.529705,0.5482504,0.54989888,0.0,vector_first-539cd672e6b6,post,2,oe-003,0.0,3,0.0,0.0,vector_first,0.067,0.0,0.44970499999999997,0.015,ancestor_reuse,True
generated_exact_oracle,tridb_live,0.0,3.0,31.0,,31.0,openevolve,1.0,1.0,3,False,31,0.708846,0.7474542,0.7508860399999999,1.0,vector_first-55a4789c3974,during,2,oe-003,1.0,3,0.0,0.0,vector_first,0.124,0.14,0.426846,0.02,ancestor_reuse,True
generated_exact_oracle,tridb_live,0.0,1.0,31.0,,5.0,openevolve,1.0,1.0,2,False,5,0.60622,0.6216361,0.6230064200000001,1.0,vector_first-7462d459aaf5,during,2,oe-003,0.5,3,0.0,0.0,vector_first,0.08,0.075,0.43422,0.016,ancestor_reuse,True
generated_exact_oracle,tridb_live,0.0,4.0,31.0,,20.0,openevolve,0.0,1.0,5,False,20,0.630644,0.7836223999999999,0.79722048,0.5,vector_first-769ad60b254f,post,2,oe-003,1.0,3,0.0,0.0,vector_first,0.111,0.061,0.435644,0.023,ancestor_reuse,True
generated_exact_oracle,tridb_live,0.0,0.0,31.0,,1.0,openevolve,0.0,0.0,2,False,1,0.500241,0.5003985,0.5004124999999999,0.0,vector_first-79d7f13154dd,post,2,oe-003,0.0,3,0.0,0.0,vector_first,0.07,0.0,0.4112410000000001,0.015,ancestor_reuse,True
generated_exact_oracle,tridb_live,0.0,3.0,31.0,,20.0,openevolve,1.0,1.0,3,False,20,0.74189,1.0596251,1.08786822,1.0,vector_first-7a75fc9fb9ab,during,2,oe-003,1.0,3,0.0,0.0,vector_first,0.127,0.12,0.46889000000000003,0.022,ancestor_reuse,True
generated_exact_oracle,tridb_live,0.0,1.0,31.0,,31.0,openevolve,1.0,1.0,1,False,31,0.572024,0.6169466,0.62093972,1.0,vector_first-7e723fa35fd9,post,2,oe-003,0.5,3,0.0,0.0,vector_first,0.115,0.019,0.42302399999999996,0.015,ancestor_reuse,True
generated_exact_oracle,tridb_live,0.0,0.0,31.0,,1.0,openevolve,0.0,0.0,5,False,1,0.581343,0.6290331,0.63327222,0.0,vector_first-8549959dfc39,during,2,oe-003,0.0,3,0.0,0.0,vector_first,0.096,0.025,0.43934300000000004,0.021,ancestor_reuse,True
generated_exact_oracle,tridb_live,0.0,0.0,31.0,,1.0,openevolve,0.0,0.0,2,False,1,0.527743,0.5352211,0.53588582,0.0,vector_first-8735078935c5,during,2,oe-003,0.0,3,0.0,0.0,vector_first,0.072,0.022,0.40974299999999997,0.017,ancestor_reuse,True
generated_exact_oracle,tridb_live,0.0,1.0,31.0,,5.0,openevolve,1.0,1.0,3,False,5,0.597799,0.6129046,0.61424732,1.0,vector_first-8773821ec9c7,during,2,oe-003,0.5,3,0.0,0.0,vector_first,0.081,0.074,0.421583,0.019,ancestor_reuse,True
generated_exact_oracle,tridb_live,0.0,1.0,31.0,,10.0,openevolve,1.0,1.0,1,False,10,0.655561,0.7385392,0.74591504,1.0,vector_first-879c2f5ec6a7,during,2,oe-003,0.5,3,0.0,0.0,vector_first,0.096,0.099,0.443561,0.019,ancestor_reuse,True
generated_exact_oracle,tridb_live,0.0,2.0,31.0,,10.0,openevolve,1.0,1.0,2,False,10,0.658261,0.6658858,0.66656356,1.0,vector_first-9e027ae921ee,during,2,oe-003,1.0,3,0.0,0.0,vector_first,0.088,0.099,0.430261,0.019,ancestor_reuse,True
generated_exact_oracle,tridb_live,0.0,0.0,31.0,,1.0,openevolve,0.0,0.0,1,False,1,0.58785,0.6282266999999999,0.63181574,0.0,vector_first-9f2a495d4986,during,2,oe-003,0.0,3,0.0,0.0,vector_first,0.092,0.02,0.44484999999999997,0.016,ancestor_reuse,True
generated_exact_oracle,tridb_live,0.0,1.0,31.0,,5.0,openevolve,1.0,1.0,2,False,5,0.544299,0.6414953999999999,0.65013508,1.0,vector_first-a5b8d6da0107,post,2,oe-003,0.5,3,0.0,0.0,vector_first,0.066,0.019,0.446299,0.016,ancestor_reuse,True
generated_exact_oracle,tridb_live,0.0,1.0,31.0,,5.0,openevolve,1.0,1.0,3,False,5,0.541403,0.5528105,0.5538244999999999,1.0,vector_first-a6608b0002af,post,2,oe-003,0.5,3,0.0,0.0,vector_first,0.07,0.02,0.43207799999999996,0.018,ancestor_reuse,True
generated_exact_oracle,tridb_live,0.0,2.0,31.0,,10.0,openevolve,1.0,1.0,2,False,10,0.530159,0.5534285,0.5554969,1.0,vector_first-a802c228be07,post,2,oe-003,1.0,3,0.0,0.0,vector_first,0.072,0.031,0.41215900000000005,0.015,ancestor_reuse,True
generated_exact_oracle,tridb_live,0.0,5.0,31.0,,31.0,openevolve,0.0,1.0,5,False,31,0.744166,0.7524171999999999,0.75315064,0.5,vector_first-a9f78619c4c5,during,2,oe-003,1.0,3,0.0,0.0,vector_first,0.125,0.145,0.441166,0.025,ancestor_reuse,True
generated_exact_oracle,tridb_live,0.0,1.0,31.0,,31.0,openevolve,1.0,1.0,1,False,31,0.935653,1.0172704,1.02452528,1.0,vector_first-ae5e5305d255,during,2,oe-003,0.5,3,0.0,0.0,vector_first,0.223,0.205,0.462077,0.031,ancestor_reuse,True
generated_exact_oracle,tridb_live,0.0,0.0,31.0,,1.0,openevolve,0.0,0.0,5,False,1,0.50471,0.5073667999999999,0.5076029599999999,0.0,vector_first-bbed0b0c4edb,post,2,oe-003,0.0,3,0.0,0.0,vector_first,0.063,0.0,0.417662,0.018,ancestor_reuse,True
generated_exact_oracle,tridb_live,0.0,0.0,31.0,,1.0,openevolve,0.0,0.0,1,False,1,0.595599,0.6572382,0.66271724,0.0,vector_first-c1efa57fb2c2,post,2,oe-003,0.0,3,0.0,0.0,vector_first,0.081,0.0,0.482599,0.019,ancestor_reuse,True
generated_exact_oracle,tridb_live,0.0,3.0,31.0,,10.0,openevolve,1.0,1.0,3,False,10,0.553256,0.5665355000000001,0.5677159,1.0,vector_first-c254a691f33b,post,2,oe-003,1.0,3,0.0,0.0,vector_first,0.078,0.045,0.416011,0.017,ancestor_reuse,True
generated_exact_oracle,tridb_live,0.0,2.0,31.0,,20.0,openevolve,1.0,1.0,2,False,20,0.570334,0.6053107,0.60841974,1.0,vector_first-c9c7dff0ae35,post,2,oe-003,1.0,3,0.0,0.0,vector_first,0.088,0.032,0.416281,0.016,ancestor_reuse,True
generated_exact_oracle,tridb_live,0.0,1.0,31.0,,20.0,openevolve,1.0,1.0,1,False,20,0.539691,0.5704889999999999,0.5732265999999999,1.0,vector_first-ce905df43902,post,2,oe-003,0.5,3,0.0,0.0,vector_first,0.088,0.018,0.42069100000000004,0.015,ancestor_reuse,True
generated_exact_oracle,tridb_live,0.0,2.0,31.0,,5.0,openevolve,0.0,1.0,5,False,5,0.530781,0.5769366,0.58103932,0.5,vector_first-d746def0ad41,post,2,oe-003,0.5,3,0.0,0.0,vector_first,0.069,0.032,0.41478099999999996,0.02,ancestor_reuse,True
generated_exact_oracle,tridb_live,0.0,2.0,31.0,,31.0,openevolve,1.0,1.0,2,False,31,0.572791,0.5897308,0.59123656,1.0,vector_first-e1291c2e8845,post,2,oe-003,1.0,3,0.0,0.0,vector_first,0.109,0.031,0.416791,0.016,ancestor_reuse,True
generated_exact_oracle,tridb_live,0.0,4.0,31.0,,20.0,openevolve,0.0,1.0,5,False,20,0.757419,0.8365902,0.84362764,0.5,vector_first-e83511f32e02,during,2,oe-003,1.0,3,0.0,0.0,vector_first,0.146,0.135,0.45341899999999996,0.039,ancestor_reuse,True
generated_exact_oracle,tridb_live,0.0,1.0,31.0,,8.0,openevolve,1.0,1.0,2,True,8,0.530957,0.5368196000000001,0.53734072,1.0,vector_first-ebaeb868fc9b,post,2,oe-003,0.5,3,0.0,0.0,vector_first,0.076,0.018,0.414957,0.016,ancestor_reuse,True
generated_exact_oracle,tridb_live,0.0,0.0,31.0,,5.0,openevolve,0.0,0.0,1,False,5,0.687904,0.9478528,0.97095936,0.0,vector_first-f0a58d413e0f,during,2,oe-003,0.0,3,0.0,0.0,vector_first,0.097,0.077,0.48590399999999995,0.025,ancestor_reuse,True
generated_exact_oracle,tridb_live,0.0,5.0,31.0,,31.0,openevolve,0.0,1.0,5,False,31,0.651047,0.6602792000000001,0.66109984,0.5,vector_first-f0db45cb5ec3,post,2,oe-003,1.0,3,0.0,0.0,vector_first,0.121,0.072,0.42204700000000006,0.021,ancestor_reuse,True
generated_exact_oracle,tridb_live,0.0,4.0,31.0,,10.0,openevolve,0.0,1.0,5,False,10,0.631603,0.7200424,0.7279036799999999,0.5,vector_first-f99672c00fed,during,2,oe-003,1.0,3,0.0,0.0,vector_first,0.091,0.098,0.429594,0.023,ancestor_reuse,True
generated_exact_oracle,tridb_live,0.0,1.0,1.0,,1.0,openevolve,1.0,1.0,3,False,20,0.527885,0.5592041,0.5619880199999999,1.0,filter_first-03c0190c958c,pre,2,oe-004,1.0,3,0.0,0.0,filter_first,0.071,0.0,0.4408850000000001,0.017,sibling_comparison,True
generated_exact_oracle,tridb_live,0.0,1.0,1.0,,1.0,openevolve,1.0,1.0,5,False,1,0.502851,0.5324448,0.53507536,1.0,filter_first-0b936184cc1f,pre,2,oe-004,1.0,3,0.0,0.0,filter_first,0.062,0.0,0.43085100000000004,0.016,sibling_comparison,True
generated_exact_oracle,tridb_live,0.0,1.0,1.0,,1.0,openevolve,1.0,1.0,3,False,10,0.487058,0.49571869999999996,0.49648854,1.0,filter_first-100fc75abb62,pre,2,oe-004,1.0,3,0.0,0.0,filter_first,0.059,0.0,0.415058,0.016,sibling_comparison,True
generated_exact_oracle,tridb_live,0.0,1.0,1.0,,1.0,openevolve,1.0,1.0,5,False,31,0.518695,0.5247331,0.52526982,1.0,filter_first-18c5ab755e0f,pre,2,oe-004,1.0,3,0.0,0.0,filter_first,0.068,0.0,0.43269500000000005,0.017,sibling_comparison,True
generated_exact_oracle,tridb_live,0.0,1.0,1.0,,1.0,openevolve,1.0,1.0,3,False,5,0.50633,0.5349932000000001,0.53754104,1.0,filter_first-1bcb17c507ca,pre,2,oe-004,1.0,3,0.0,0.0,filter_first,0.062,0.0,0.43232999999999994,0.016,sibling_comparison,True
generated_exact_oracle,tridb_live,0.0,0.0,1.0,,1.0,openevolve,0.0,0.0,1,False,20,0.524372,0.5271178999999999,0.52736198,0.0,filter_first-1cad3c1573b2,pre,2,oe-004,0.0,3,0.0,0.0,filter_first,0.067,0.0,0.441423,0.015,sibling_comparison,True
generated_exact_oracle,tridb_live,0.0,1.0,1.0,,1.0,openevolve,1.0,1.0,5,False,5,0.504212,0.5073134,0.50758908,1.0,filter_first-31743712ac49,pre,2,oe-004,1.0,3,0.0,0.0,filter_first,0.065,0.0,0.423212,0.016,sibling_comparison,True
generated_exact_oracle,tridb_live,0.0,1.0,1.0,,1.0,openevolve,1.0,1.0,2,False,1,0.707845,0.8224699,0.83265878,1.0,filter_first-3a7f1025f729,pre,2,oe-004,1.0,3,0.0,0.0,filter_first,0.114,0.0,0.5198449999999999,0.032,sibling_comparison,True
generated_exact_oracle,tridb_live,0.0,1.0,1.0,,1.0,openevolve,1.0,1.0,2,False,20,0.510213,0.5142108,0.51456616,1.0,filter_first-46ec65dc7fea,pre,2,oe-004,1.0,3,0.0,0.0,filter_first,0.064,0.0,0.42744200000000004,0.015,sibling_comparison,True
generated_exact_oracle,tridb_live,0.0,1.0,1.0,,1.0,openevolve,1.0,1.0,3,False,1,0.514515,0.5368323,0.53881606,1.0,filter_first-68e8f1c34182,pre,2,oe-004,1.0,3,0.0,0.0,filter_first,0.059,0.0,0.43951499999999993,0.019,sibling_comparison,True
generated_exact_oracle,tridb_live,0.0,0.0,1.0,,1.0,openevolve,0.0,0.0,1,False,10,0.500609,0.5070566,0.5076297200000001,0.0,filter_first-8532bb36e741,pre,2,oe-004,0.0,3,0.0,0.0,filter_first,0.066,0.0,0.41960899999999995,0.015,sibling_comparison,True
generated_exact_oracle,tridb_live,0.0,0.0,1.0,,1.0,openevolve,0.0,0.0,1,False,5,0.50531,0.5113805,0.5119201,0.0,filter_first-8699218b4a03,pre,2,oe-004,0.0,3,0.0,0.0,filter_first,0.059,0.0,0.43131,0.015,sibling_comparison,True
generated_exact_oracle,tridb_live,0.0,1.0,1.0,,1.0,openevolve,1.0,1.0,2,False,10,0.497123,0.5084782999999999,0.50948766,1.0,filter_first-88d1f0b4340a,pre,2,oe-004,1.0,3,0.0,0.0,filter_first,0.064,0.0,0.42212299999999997,0.016,sibling_comparison,True
generated_exact_oracle,tridb_live,0.0,1.0,1.0,,1.0,openevolve,1.0,1.0,2,False,5,0.593491,1.6241242,1.7157360400000001,1.0,filter_first-bb7c33f6d989,pre,2,oe-004,1.0,3,0.0,0.0,filter_first,0.1,0.0,0.470491,0.023,sibling_comparison,True
generated_exact_oracle,tridb_live,0.0,0.0,1.0,,1.0,openevolve,0.0,0.0,1,False,31,0.534097,0.5371012,0.5373682399999999,0.0,filter_first-be38ca0c5e18,pre,2,oe-004,0.0,3,0.0,0.0,filter_first,0.066,0.0,0.451097,0.016,sibling_comparison,True
generated_exact_oracle,tridb_live,0.0,1.0,1.0,,1.0,openevolve,1.0,1.0,3,False,31,0.524391,0.6042264,0.61132288,1.0,filter_first-cd32452ab5b9,pre,2,oe-004,1.0,3,0.0,0.0,filter_first,0.061,0.0,0.44739100000000004,0.016,sibling_comparison,True
generated_exact_oracle,tridb_live,0.0,1.0,1.0,,1.0,openevolve,1.0,1.0,2,False,31,0.54015,0.5440119,0.5443551799999999,1.0,filter_first-ce8f691a5541,pre,2,oe-004,1.0,3,0.0,0.0,filter_first,0.065,0.0,0.45515,0.017,sibling_comparison,True
generated_exact_oracle,tridb_live,0.0,1.0,1.0,,1.0,openevolve,1.0,1.0,5,False,10,0.499822,0.5018065,0.5019829,1.0,filter_first-dac925d86324,pre,2,oe-004,1.0,3,0.0,0.0,filter_first,0.061,0.0,0.421027,0.016,sibling_comparison,True
generated_exact_oracle,tridb_live,0.0,1.0,1.0,,1.0,openevolve,1.0,1.0,5,False,20,0.535522,0.5355247000000001,0.5355249400000001,1.0,filter_first-dc7fbfdd08ef,pre,2,oe-004,1.0,3,0.0,0.0,filter_first,0.071,0.0,0.4465220000000001,0.017,sibling_comparison,True
generated_exact_oracle,tridb_live,0.0,0.0,1.0,,1.0,openevolve,0.0,0.0,1,False,1,0.531916,0.5521444,0.55394248,0.0,filter_first-ef43b60e2e3b,pre,2,oe-004,0.0,3,0.0,0.0,filter_first,0.049,0.0,0.46691600000000005,0.016,sibling_comparison,True
generated_exact_oracle,tridb_live,0.0,1.0,1.0,,,openevolve,1.0,1.0,5,False,31,0.588228,0.5886942,0.58873564,1.0,traverse_first-025d91062f7e,post,2,oe-004,1.0,3,0.0,0.0,traverse_first,0.003,0.125,0.43205099999999996,0.022,sibling_comparison,True
generated_exact_oracle,tridb_live,0.0,1.0,1.0,,,openevolve,1.0,1.0,5,False,20,0.715851,0.7710047999999999,0.7759073599999999,1.0,traverse_first-08ab08ac3fd6,post,2,oe-004,1.0,3,0.0,0.0,traverse_first,0.003,0.128,0.564851,0.022,sibling_comparison,True
generated_exact_oracle,tridb_live,0.0,1.0,1.0,,,openevolve,1.0,1.0,3,False,20,0.594706,0.9201073,0.94903186,1.0,traverse_first-0ce2265627bb,during,2,oe-004,1.0,3,0.0,0.0,traverse_first,0.003,0.098,0.46870599999999996,0.027,sibling_comparison,True
generated_exact_oracle,tridb_live,0.0,0.0,1.0,,,openevolve,0.0,0.0,1,False,1,0.476614,0.4838428,0.48448536000000003,0.0,traverse_first-0e65f761853b,during,2,oe-004,0.0,3,0.0,0.0,traverse_first,0.0,0.042,0.420454,0.016,sibling_comparison,True
generated_exact_oracle,tridb_live,0.0,1.0,1.0,,,openevolve,1.0,1.0,2,False,1,0.537525,0.54927,0.5503140000000001,1.0,traverse_first-1401f30333f9,post,2,oe-004,1.0,3,0.0,0.0,traverse_first,0.003,0.077,0.43957500000000005,0.02,sibling_comparison,True
generated_exact_oracle,tridb_live,0.0,0.0,1.0,,,openevolve,0.0,0.0,1,False,31,0.492516,0.7106399999999999,0.7300287999999999,0.0,traverse_first-15ea918cf3ed,during,2,oe-004,0.0,3,0.0,0.0,traverse_first,0.0,0.026,0.450516,0.017,sibling_comparison,True
generated_exact_oracle,tridb_live,0.0,1.0,1.0,,,openevolve,1.0,1.0,2,False,31,0.582141,0.7978296,0.81700192,1.0,traverse_first-181bab948b21,post,2,oe-004,1.0,3,0.0,0.0,traverse_first,0.004,0.079,0.47514100000000004,0.024,sibling_comparison,True
generated_exact_oracle,tridb_live,0.0,0.0,1.0,,,openevolve,0.0,0.0,1,False,5,0.495261,0.49625549999999996,0.49634389999999995,0.0,traverse_first-2ef9d31e2115,during,2,oe-004,0.0,3,0.0,0.0,traverse_first,0.0,0.029,0.449366,0.017,sibling_comparison,True
generated_exact_oracle,tridb_live,0.0,0.0,1.0,,,openevolve,0.0,0.0,1,False,31,0.510642,0.5561289,0.56017218,0.0,traverse_first-337d9b2cc0f4,post,2,oe-004,0.0,3,0.0,0.0,traverse_first,0.0,0.032,0.45164200000000004,0.017,sibling_comparison,True
generated_exact_oracle,tridb_live,0.0,1.0,1.0,,,openevolve,1.0,1.0,3,False,20,0.560375,0.5882021,0.59067562,1.0,traverse_first-488fa7065b52,post,2,oe-004,1.0,3,0.0,0.0,traverse_first,0.003,0.091,0.44637499999999997,0.02,sibling_comparison,True
generated_exact_oracle,tridb_live,0.0,1.0,1.0,,,openevolve,1.0,1.0,5,False,1,0.636156,0.6721172999999999,0.6753138599999999,1.0,traverse_first-49ace1949b9b,during,2,oe-004,1.0,3,0.0,0.0,traverse_first,0.003,0.144,0.46315600000000007,0.026,sibling_comparison,True
generated_exact_oracle,tridb_live,0.0,1.0,1.0,,,openevolve,1.0,1.0,3,False,1,1.067661,1.1319255,1.1376378999999999,1.0,traverse_first-4ee862e3f54f,during,2,oe-004,1.0,3,0.0,0.0,traverse_first,0.006,0.122,0.7880659999999999,0.036,sibling_comparison,True
generated_exact_oracle,tridb_live,0.0,1.0,1.0,,,openevolve,1.0,1.0,3,False,10,0.559952,0.564704,0.5651263999999999,1.0,traverse_first-520420e3895b,post,2,oe-004,1.0,3,0.0,0.0,traverse_first,0.002,0.085,0.43823199999999995,0.021,sibling_comparison,True
generated_exact_oracle,tridb_live,0.0,1.0,1.0,,,openevolve,1.0,1.0,5,False,5,0.60341,0.6214559000000001,0.6230599800000001,1.0,traverse_first-58584ddc9129,post,2,oe-004,1.0,3,0.0,0.0,traverse_first,0.003,0.127,0.44841,0.025,sibling_comparison,True
generated_exact_oracle,tridb_live,0.0,1.0,1.0,,,openevolve,1.0,1.0,2,False,10,0.570611,0.6374413999999999,0.64338188,1.0,traverse_first-5be44627d46d,post,2,oe-004,1.0,3,0.0,0.0,traverse_first,0.004,0.096,0.44922000000000006,0.025,sibling_comparison,True
generated_exact_oracle,tridb_live,0.0,1.0,1.0,,,openevolve,1.0,1.0,2,False,20,0.562613,0.6596546,0.6682805199999999,1.0,traverse_first-5dac164247a2,post,2,oe-004,1.0,3,0.0,0.0,traverse_first,0.004,0.076,0.45561300000000005,0.027,sibling_comparison,True
generated_exact_oracle,tridb_live,0.0,1.0,1.0,,,openevolve,1.0,1.0,5,False,20,0.610898,0.6218537000000001,0.6228275400000001,1.0,traverse_first-62b9b3f6c548,during,2,oe-004,1.0,3,0.0,0.0,traverse_first,0.003,0.129,0.43901999999999997,0.024,sibling_comparison,True
generated_exact_oracle,tridb_live,0.0,0.0,1.0,,,openevolve,0.0,0.0,1,False,20,0.455719,0.4651744,0.46601488,0.0,traverse_first-6e5585f7fa7d,during,2,oe-004,0.0,3,0.0,0.0,traverse_first,0.0,0.027,0.41614500000000004,0.015,sibling_comparison,True
generated_exact_oracle,tridb_live,0.0,1.0,1.0,,,openevolve,1.0,1.0,3,False,1,0.593441,0.7197595999999999,0.73098792,1.0,traverse_first-70d454e2e64f,post,2,oe-004,1.0,3,0.0,0.0,traverse_first,0.003,0.096,0.467441,0.027,sibling_comparison,True
generated_exact_oracle,tridb_live,0.0,0.0,1.0,,,openevolve,0.0,0.0,1,False,20,0.586668,1.6397210999999998,1.73332582,0.0,traverse_first-76359c42693a,post,2,oe-004,0.0,3,0.0,0.0,traverse_first,0.0,0.052,0.512668,0.022,sibling_comparison,True
generated_exact_oracle,tridb_live,0.0,1.0,1.0,,,openevolve,1.0,1.0,3,False,31,0.595627,0.6112896999999999,0.61268194,1.0,traverse_first-782e67473b54,during,2,oe-004,1.0,3,0.0,0.0,traverse_first,0.003,0.1,0.46702999999999995,0.025,sibling_comparison,True
generated_exact_oracle,tridb_live,0.0,1.0,1.0,,,openevolve,1.0,1.0,3,False,5,0.641752,0.6795349,0.68289338,1.0,traverse_first-79ee91cd021b,post,2,oe-004,1.0,3,0.0,0.0,traverse_first,0.004,0.122,0.48575199999999996,0.03,sibling_comparison,True
generated_exact_oracle,tridb_live,0.0,0.0,1.0,,,openevolve,0.0,0.0,1,False,10,0.480126,0.4811799,0.48127358,0.0,traverse_first-7e45a5be9de9,post,2,oe-004,0.0,3,0.0,0.0,traverse_first,0.0,0.032,0.42532200000000003,0.016,sibling_comparison,True
generated_exact_oracle,tridb_live,0.0,1.0,1.0,,,openevolve,1.0,1.0,5,False,1,0.610642,0.6486715,0.6520518999999999,1.0,traverse_first-83bddfb7afc0,post,2,oe-004,1.0,3,0.0,0.0,traverse_first,0.002,0.132,0.450642,0.024,sibling_comparison,True
generated_exact_oracle,tridb_live,0.0,1.0,1.0,,,openevolve,1.0,1.0,3,False,10,0.560061,0.5811227999999999,0.58299496,1.0,traverse_first-85c5a61d5cac,during,2,oe-004,1.0,3,0.0,0.0,traverse_first,0.003,0.088,0.435898,0.023,sibling_comparison,True
generated_exact_oracle,tridb_live,0.0,1.0,1.0,,,openevolve,1.0,1.0,5,False,5,0.622793,0.627257,0.6276538,1.0,traverse_first-8601c73b4d10,during,2,oe-004,1.0,3,0.0,0.0,traverse_first,0.003,0.15,0.439753,0.024,sibling_comparison,True
generated_exact_oracle,tridb_live,0.0,1.0,1.0,,,openevolve,1.0,1.0,3,False,5,0.574985,0.5819932999999999,0.58261626,1.0,traverse_first-89a453d84bbf,during,2,oe-004,1.0,3,0.0,0.0,traverse_first,0.003,0.093,0.45585,0.022,sibling_comparison,True
generated_exact_oracle,tridb_live,0.0,0.0,1.0,,,openevolve,0.0,0.0,1,False,10,0.508644,0.5529951,0.5569374199999999,0.0,traverse_first-8d055dcb7096,during,2,oe-004,0.0,3,0.0,0.0,traverse_first,0.0,0.032,0.458644,0.018,sibling_comparison,True
generated_exact_oracle,tridb_live,0.0,1.0,1.0,,,openevolve,1.0,1.0,2,False,31,0.585098,0.7476641,0.7621144200000001,1.0,traverse_first-90c6f45e3991,during,2,oe-004,1.0,3,0.0,0.0,traverse_first,0.004,0.082,0.479098,0.021,sibling_comparison,True
generated_exact_oracle,tridb_live,0.0,1.0,1.0,,,openevolve,1.0,1.0,2,False,1,0.552029,1.1873471,1.24381982,1.0,traverse_first-92d6d9491887,during,2,oe-004,1.0,3,0.0,0.0,traverse_first,0.003,0.077,0.451029,0.021,sibling_comparison,True
generated_exact_oracle,tridb_live,0.0,0.0,1.0,,,openevolve,0.0,0.0,1,False,1,0.497669,0.4977842,0.49779444,0.0,traverse_first-a6e5d14e469b,post,2,oe-004,0.0,3,0.0,0.0,traverse_first,0.0,0.035,0.443797,0.015,sibling_comparison,True
generated_exact_oracle,tridb_live,0.0,1.0,1.0,,,openevolve,1.0,1.0,2,False,5,0.566416,0.5887117,0.59069354,1.0,traverse_first-b279d6126ea0,post,2,oe-004,1.0,3,0.0,0.0,traverse_first,0.003,0.095,0.44541600000000003,0.021,sibling_comparison,True
generated_exact_oracle,tridb_live,0.0,1.0,1.0,,,openevolve,1.0,1.0,3,False,31,0.59182,0.6941301999999999,0.70322444,1.0,traverse_first-b8c2c2ac41e4,post,2,oe-004,1.0,3,0.0,0.0,traverse_first,0.006,0.107,0.45582,0.025,sibling_comparison,True
generated_exact_oracle,tridb_live,0.0,1.0,1.0,,,openevolve,1.0,1.0,2,False,5,0.574109,0.6469442,0.6534184399999999,1.0,traverse_first-cccdd3ed958f,during,2,oe-004,1.0,3,0.0,0.0,traverse_first,0.005,0.101,0.466109,0.024,sibling_comparison,True
generated_exact_oracle,tridb_live,0.0,1.0,1.0,,,openevolve,1.0,1.0,5,False,31,0.610909,0.6283186,0.62986612,1.0,traverse_first-d56cf7e61a35,during,2,oe-004,1.0,3,0.0,0.0,traverse_first,0.003,0.134,0.44551799999999997,0.025,sibling_comparison,True
generated_exact_oracle,tridb_live,0.0,1.0,1.0,,,openevolve,1.0,1.0,5,False,10,0.599043,0.6318156,0.63472872,1.0,traverse_first-df19a1a33fe5,during,2,oe-004,1.0,3,0.0,0.0,traverse_first,0.002,0.128,0.44645700000000005,0.023,sibling_comparison,True
generated_exact_oracle,tridb_live,0.0,1.0,1.0,,,openevolve,1.0,1.0,5,False,10,0.572345,0.5762149999999999,0.5765589999999999,1.0,traverse_first-e036b666ccda,post,2,oe-004,1.0,3,0.0,0.0,traverse_first,0.003,0.128,0.42034499999999997,0.019,sibling_comparison,True
generated_exact_oracle,tridb_live,0.0,1.0,1.0,,,openevolve,1.0,1.0,2,False,20,0.556923,0.6707504999999999,0.6808685,1.0,traverse_first-e4d7ef105a79,during,2,oe-004,1.0,3,0.0,0.0,traverse_first,0.003,0.073,0.45923,0.022,sibling_comparison,True
generated_exact_oracle,tridb_live,0.0,0.0,1.0,,,openevolve,0.0,0.0,1,False,5,0.480562,0.4848721,0.48525522,0.0,traverse_first-f0fdb2bba196,post,2,oe-004,0.0,3,0.0,0.0,traverse_first,0.0,0.033,0.431562,0.016,sibling_comparison,True
generated_exact_oracle,tridb_live,0.0,1.0,1.0,,,openevolve,1.0,1.0,2,False,10,0.680777,1.1564027,1.19868054,1.0,traverse_first-f9b36ac9da92,during,2,oe-004,1.0,3,0.0,0.0,traverse_first,0.006,0.113,0.532777,0.03,sibling_comparison,True
generated_exact_oracle,tridb_live,0.0,1.0,1.0,,5.0,openevolve,1.0,1.0,5,False,5,0.726681,1.0391331,1.06690662,1.0,vector_first-022628fa8c07,during,2,oe-004,1.0,3,0.0,0.0,vector_first,0.113,0.103,0.49968100000000004,0.02,sibling_comparison,True
generated_exact_oracle,tridb_live,0.0,1.0,1.0,,31.0,openevolve,1.0,1.0,3,False,31,0.785263,0.7906135,0.7910891,1.0,vector_first-02563f96566e,post,2,oe-004,1.0,3,0.0,0.0,vector_first,0.168,0.091,0.48620800000000003,0.028,sibling_comparison,True
generated_exact_oracle,tridb_live,0.0,1.0,1.0,,31.0,openevolve,1.0,1.0,2,False,31,0.808606,0.8391736000000001,0.8418907200000001,1.0,vector_first-0d6433b7dd6b,during,2,oe-004,1.0,3,0.0,0.0,vector_first,0.135,0.178,0.472606,0.019,sibling_comparison,True
generated_exact_oracle,tridb_live,0.0,0.0,1.0,,1.0,openevolve,0.0,0.0,3,False,1,0.563386,0.6728449000000001,0.68257458,0.0,vector_first-17479e220710,post,2,oe-004,0.0,3,0.0,0.0,vector_first,0.097,0.0,0.45838600000000007,0.024,sibling_comparison,True
generated_exact_oracle,tridb_live,0.0,1.0,1.0,,20.0,openevolve,1.0,1.0,3,False,20,0.646982,0.7361261,0.74405002,1.0,vector_first-181f342b270a,post,2,oe-004,1.0,3,0.0,0.0,vector_first,0.103,0.078,0.438982,0.02,sibling_comparison,True
generated_exact_oracle,tridb_live,0.0,0.0,1.0,,1.0,openevolve,0.0,0.0,3,False,1,0.566067,0.5698065,0.5701389,0.0,vector_first-1af22faa6077,during,2,oe-004,0.0,3,0.0,0.0,vector_first,0.082,0.032,0.444129,0.0,sibling_comparison,True
generated_exact_oracle,tridb_live,0.0,1.0,1.0,,10.0,openevolve,1.0,1.0,3,False,10,0.647959,0.6789415,0.6816955,1.0,vector_first-1f98d69fd4bb,during,2,oe-004,1.0,3,0.0,0.0,vector_first,0.092,0.12,0.41995899999999997,0.018,sibling_comparison,True
generated_exact_oracle,tridb_live,0.0,1.0,1.0,,20.0,openevolve,1.0,1.0,2,False,20,0.724103,0.8016407,0.80853294,1.0,vector_first-27d19d1f923e,during,2,oe-004,1.0,3,0.0,0.0,vector_first,0.11,0.147,0.46510300000000004,0.017,sibling_comparison,True
generated_exact_oracle,tridb_live,0.0,1.0,1.0,,10.0,openevolve,1.0,1.0,5,False,10,0.652742,0.7136603,0.71907526,1.0,vector_first-3b5ba3173bf9,post,2,oe-004,1.0,3,0.0,0.0,vector_first,0.102,0.095,0.43374200000000007,0.023,sibling_comparison,True
generated_exact_oracle,tridb_live,0.0,0.0,1.0,,10.0,openevolve,0.0,0.0,1,False,10,0.558048,0.5892897,0.59206674,0.0,vector_first-404f84e6a5f4,post,2,oe-004,0.0,3,0.0,0.0,vector_first,0.084,0.025,0.433048,0.016,sibling_comparison,True
generated_exact_oracle,tridb_live,0.0,0.0,1.0,,20.0,openevolve,0.0,0.0,1,False,20,0.763001,0.830123,0.8360894,0.0,vector_first-4c96de282a3c,during,2,oe-004,0.0,3,0.0,0.0,vector_first,0.126,0.149,0.45200100000000004,0.019,sibling_comparison,True
generated_exact_oracle,tridb_live,0.0,0.0,1.0,,5.0,openevolve,0.0,0.0,1,False,5,0.540796,0.8154292,0.83984104,0.0,vector_first-539cd672e6b6,post,2,oe-004,0.0,3,0.0,0.0,vector_first,0.086,0.0,0.44349400000000005,0.017,sibling_comparison,True
generated_exact_oracle,tridb_live,0.0,1.0,1.0,,31.0,openevolve,1.0,1.0,3,False,31,1.039856,1.1873633000000001,1.20047506,1.0,vector_first-55a4789c3974,during,2,oe-004,1.0,3,0.0,0.0,vector_first,0.155,0.18,0.5558559999999999,0.023,sibling_comparison,True
generated_exact_oracle,tridb_live,0.0,1.0,1.0,,5.0,openevolve,1.0,1.0,2,False,5,0.761211,0.7978067999999999,0.8010597599999999,1.0,vector_first-7462d459aaf5,during,2,oe-004,1.0,3,0.0,0.0,vector_first,0.113,0.121,0.49887299999999996,0.021,sibling_comparison,True
generated_exact_oracle,tridb_live,0.0,1.0,1.0,,20.0,openevolve,1.0,1.0,5,False,20,0.924122,1.0659962,1.07860724,1.0,vector_first-769ad60b254f,post,2,oe-004,1.0,3,0.0,0.0,vector_first,0.14,0.124,0.645122,0.034,sibling_comparison,True
generated_exact_oracle,tridb_live,0.0,0.0,1.0,,1.0,openevolve,0.0,0.0,2,False,1,0.608285,1.0778366,1.11957452,0.0,vector_first-79d7f13154dd,post,2,oe-004,0.0,3,0.0,0.0,vector_first,0.103,0.0,0.48428499999999997,0.021,sibling_comparison,True
generated_exact_oracle,tridb_live,0.0,1.0,1.0,,20.0,openevolve,1.0,1.0,3,False,20,0.738227,0.7497874999999999,0.7508151,1.0,vector_first-7a75fc9fb9ab,during,2,oe-004,1.0,3,0.0,0.0,vector_first,0.122,0.149,0.460072,0.017,sibling_comparison,True
generated_exact_oracle,tridb_live,0.0,0.0,1.0,,31.0,openevolve,0.0,0.0,1,False,31,0.674713,0.6830524,0.68379368,0.0,vector_first-7e723fa35fd9,post,2,oe-004,0.0,3,0.0,0.0,vector_first,0.148,0.029,0.479713,0.018,sibling_comparison,True
generated_exact_oracle,tridb_live,0.0,0.0,1.0,,1.0,openevolve,0.0,0.0,5,False,1,0.526881,0.6111579,0.61864918,0.0,vector_first-8549959dfc39,during,2,oe-004,0.0,3,0.0,0.0,vector_first,0.073,0.029,0.42488100000000006,0.0,sibling_comparison,True
generated_exact_oracle,tridb_live,0.0,0.0,1.0,,1.0,openevolve,0.0,0.0,2,False,1,0.665134,0.8318653,0.84668586,0.0,vector_first-8735078935c5,during,2,oe-004,0.0,3,0.0,0.0,vector_first,0.065,0.032,0.570134,0.0,sibling_comparison,True
generated_exact_oracle,tridb_live,0.0,1.0,1.0,,5.0,openevolve,1.0,1.0,3,False,5,0.698506,1.0146103,1.04270846,1.0,vector_first-8773821ec9c7,during,2,oe-004,1.0,3,0.0,0.0,vector_first,0.099,0.098,0.466506,0.019,sibling_comparison,True
generated_exact_oracle,tridb_live,0.0,0.0,1.0,,10.0,openevolve,0.0,0.0,1,False,10,0.690495,0.7279836000000001,0.73131592,0.0,vector_first-879c2f5ec6a7,during,2,oe-004,0.0,3,0.0,0.0,vector_first,0.111,0.127,0.44534399999999996,0.019,sibling_comparison,True
generated_exact_oracle,tridb_live,0.0,1.0,1.0,,10.0,openevolve,1.0,1.0,2,False,10,0.685647,0.694602,0.6953980000000001,1.0,vector_first-9e027ae921ee,during,2,oe-004,1.0,3,0.0,0.0,vector_first,0.098,0.125,0.439647,0.019,sibling_comparison,True
generated_exact_oracle,tridb_live,0.0,0.0,1.0,,1.0,openevolve,0.0,0.0,1,False,1,0.530356,0.5873467,0.59241254,0.0,vector_first-9f2a495d4986,during,2,oe-004,0.0,3,0.0,0.0,vector_first,0.069,0.024,0.4256789999999999,0.0,sibling_comparison,True
generated_exact_oracle,tridb_live,0.0,1.0,1.0,,5.0,openevolve,1.0,1.0,2,False,5,0.716477,0.7694771,0.77418822,1.0,vector_first-a5b8d6da0107,post,2,oe-004,1.0,3,0.0,0.0,vector_first,0.109,0.05,0.515477,0.022,sibling_comparison,True
generated_exact_oracle,tridb_live,0.0,1.0,1.0,,5.0,openevolve,1.0,1.0,3,False,5,0.619487,0.6829622000000001,0.6886044400000001,1.0,vector_first-a6608b0002af,post,2,oe-004,1.0,3,0.0,0.0,vector_first,0.099,0.045,0.452487,0.023,sibling_comparison,True
generated_exact_oracle,tridb_live,0.0,1.0,1.0,,10.0,openevolve,1.0,1.0,2,False,10,0.60617,0.6062096,0.60621312,1.0,vector_first-a802c228be07,post,2,oe-004,1.0,3,0.0,0.0,vector_first,0.091,0.061,0.435879,0.018,sibling_comparison,True
generated_exact_oracle,tridb_live,0.0,1.0,1.0,,31.0,openevolve,1.0,1.0,5,False,31,0.805842,0.8188002,0.81995204,1.0,vector_first-a9f78619c4c5,during,2,oe-004,1.0,3,0.0,0.0,vector_first,0.142,0.179,0.45224,0.023,sibling_comparison,True
generated_exact_oracle,tridb_live,0.0,0.0,1.0,,31.0,openevolve,0.0,0.0,1,False,31,1.089511,1.1310307000000002,1.13472134,0.0,vector_first-ae5e5305d255,during,2,oe-004,0.0,3,0.0,0.0,vector_first,0.207,0.216,0.5666440000000001,0.027,sibling_comparison,True
generated_exact_oracle,tridb_live,0.0,0.0,1.0,,1.0,openevolve,0.0,0.0,5,False,1,0.612271,0.977347,1.0097982,0.0,vector_first-bbed0b0c4edb,post,2,oe-004,0.0,3,0.0,0.0,vector_first,0.091,0.0,0.495271,0.031,sibling_comparison,True
generated_exact_oracle,tridb_live,0.0,0.0,1.0,,1.0,openevolve,0.0,0.0,1,False,1,0.51955,0.524617,0.5250674,0.0,vector_first-c1efa57fb2c2,post,2,oe-004,0.0,3,0.0,0.0,vector_first,0.062,0.0,0.437757,0.017,sibling_comparison,True
generated_exact_oracle,tridb_live,0.0,1.0,1.0,,10.0,openevolve,1.0,1.0,3,False,10,0.591489,0.5985486,0.59917612,1.0,vector_first-c254a691f33b,post,2,oe-004,1.0,3,0.0,0.0,vector_first,0.083,0.076,0.41587900000000005,0.02,sibling_comparison,True
generated_exact_oracle,tridb_live,0.0,1.0,1.0,,20.0,openevolve,1.0,1.0,2,False,20,0.627668,0.6421570999999999,0.6434450199999999,1.0,vector_first-c9c7dff0ae35,post,2,oe-004,1.0,3,0.0,0.0,vector_first,0.098,0.06,0.44936199999999993,0.018,sibling_comparison,True
generated_exact_oracle,tridb_live,0.0,0.0,1.0,,20.0,openevolve,0.0,0.0,1,False,20,0.676193,0.8156264000000001,0.8280204800000001,0.0,vector_first-ce905df43902,post,2,oe-004,0.0,3,0.0,0.0,vector_first,0.101,0.03,0.52299,0.017,sibling_comparison,True
generated_exact_oracle,tridb_live,0.0,1.0,1.0,,5.0,openevolve,1.0,1.0,5,False,5,0.626468,0.6662543,0.66979086,1.0,vector_first-d746def0ad41,post,2,oe-004,1.0,3,0.0,0.0,vector_first,0.098,0.064,0.440468,0.024,sibling_comparison,True
generated_exact_oracle,tridb_live,0.0,1.0,1.0,,31.0,openevolve,1.0,1.0,2,False,31,0.66866,0.6802978999999999,0.68133238,1.0,vector_first-e1291c2e8845,post,2,oe-004,1.0,3,0.0,0.0,vector_first,0.116,0.063,0.467591,0.019,sibling_comparison,True
generated_exact_oracle,tridb_live,0.0,1.0,1.0,,20.0,openevolve,1.0,1.0,5,False,20,0.792412,1.1846563,1.21952246,1.0,vector_first-e83511f32e02,during,2,oe-004,1.0,3,0.0,0.0,vector_first,0.13,0.151,0.489412,0.022,sibling_comparison,True
generated_exact_oracle,tridb_live,0.0,1.0,1.0,,8.0,openevolve,1.0,1.0,2,True,8,0.600534,0.6060249,0.60651298,1.0,vector_first-ebaeb868fc9b,post,2,oe-004,1.0,3,0.0,0.0,vector_first,0.089,0.045,0.437534,0.018,sibling_comparison,True
generated_exact_oracle,tridb_live,0.0,0.0,1.0,,5.0,openevolve,0.0,0.0,1,False,5,0.666258,0.7479627,0.75522534,0.0,vector_first-f0a58d413e0f,during,2,oe-004,0.0,3,0.0,0.0,vector_first,0.091,0.104,0.4434370000000001,0.019,sibling_comparison,True
generated_exact_oracle,tridb_live,0.0,1.0,1.0,,31.0,openevolve,1.0,1.0,5,False,31,0.83399,0.8778659,0.88176598,1.0,vector_first-f0db45cb5ec3,post,2,oe-004,1.0,3,0.0,0.0,vector_first,0.171,0.13,0.49699,0.029,sibling_comparison,True
generated_exact_oracle,tridb_live,0.0,1.0,1.0,,10.0,openevolve,1.0,1.0,5,False,10,0.678198,0.6794517,0.67956314,1.0,vector_first-f99672c00fed,during,2,oe-004,1.0,3,0.0,0.0,vector_first,0.091,0.123,0.431871,0.018,sibling_comparison,True
generated_exact_oracle,tridb_live,0.0,2.0,13.0,,13.0,openevolve,1.0,1.0,3,False,20,0.53304,0.5699517000000001,0.57323274,1.0,filter_first-03c0190c958c,pre,2,oe-005,1.0,3,0.0,0.0,filter_first,0.078,0.0,0.43704,0.018,descendant_search,True
generated_exact_oracle,tridb_live,0.0,0.0,13.0,,1.0,openevolve,0.0,0.0,5,False,1,0.505063,0.5139100000000001,0.5146964,0.0,filter_first-0b936184cc1f,pre,2,oe-005,0.0,3,0.0,0.0,filter_first,0.073,0.0,0.41889300000000007,0.016,descendant_search,True
generated_exact_oracle,tridb_live,0.0,1.0,13.0,,10.0,openevolve,1.0,1.0,3,False,10,0.550345,0.6156454,0.62144988,1.0,filter_first-100fc75abb62,pre,2,oe-005,0.5,3,0.0,0.0,filter_first,0.099,0.0,0.429345,0.022,descendant_search,True
generated_exact_oracle,tridb_live,0.0,2.0,13.0,,13.0,openevolve,1.0,1.0,5,False,31,0.565818,0.6460412999999999,0.65317226,1.0,filter_first-18c5ab755e0f,pre,2,oe-005,1.0,3,0.0,0.0,filter_first,0.083,0.0,0.45781800000000006,0.019,descendant_search,True
generated_exact_oracle,tridb_live,0.0,1.0,13.0,,5.0,openevolve,1.0,1.0,3,False,5,0.603263,0.6138011,0.61473782,1.0,filter_first-1bcb17c507ca,pre,2,oe-005,0.5,3,0.0,0.0,filter_first,0.102,0.0,0.47497199999999995,0.022,descendant_search,True
generated_exact_oracle,tridb_live,0.0,2.0,13.0,,13.0,openevolve,1.0,1.0,1,False,20,0.60098,0.9466133,0.9773362600000001,1.0,filter_first-1cad3c1573b2,pre,2,oe-005,1.0,3,0.0,0.0,filter_first,0.093,0.0,0.50398,0.018,descendant_search,True
generated_exact_oracle,tridb_live,0.0,1.0,13.0,,5.0,openevolve,1.0,1.0,5,False,5,0.6009,0.6045387,0.60486214,1.0,filter_first-31743712ac49,pre,2,oe-005,0.5,3,0.0,0.0,filter_first,0.096,0.0,0.4669,0.022,descendant_search,True
generated_exact_oracle,tridb_live,0.0,0.0,13.0,,1.0,openevolve,0.0,0.0,2,False,1,0.490407,0.4918893,0.49202106,0.0,filter_first-3a7f1025f729,pre,2,oe-005,0.0,3,0.0,0.0,filter_first,0.059,0.0,0.41440699999999997,0.016,descendant_search,True
generated_exact_oracle,tridb_live,0.0,2.0,13.0,,13.0,openevolve,1.0,1.0,2,False,20,0.620935,0.7310878,0.74087916,1.0,filter_first-46ec65dc7fea,pre,2,oe-005,1.0,3,0.0,0.0,filter_first,0.102,0.0,0.494935,0.024,descendant_search,True
generated_exact_oracle,tridb_live,0.0,0.0,13.0,,1.0,openevolve,0.0,0.0,3,False,1,0.484494,0.4993404,0.5006600800000001,0.0,filter_first-68e8f1c34182,pre,2,oe-005,0.0,3,0.0,0.0,filter_first,0.064,0.0,0.40249399999999996,0.016,descendant_search,True
generated_exact_oracle,tridb_live,0.0,1.0,13.0,,10.0,openevolve,1.0,1.0,1,False,10,0.658157,0.7106701999999999,0.7153380399999999,1.0,filter_first-8532bb36e741,pre,2,oe-005,0.5,3,0.0,0.0,filter_first,0.145,0.0,0.48815699999999995,0.025,descendant_search,True
generated_exact_oracle,tridb_live,0.0,1.0,13.0,,5.0,openevolve,1.0,1.0,1,False,5,0.499056,1.6297916999999997,1.73030154,1.0,filter_first-8699218b4a03,pre,2,oe-005,0.5,3,0.0,0.0,filter_first,0.073,0.0,0.411056,0.015,descendant_search,True
generated_exact_oracle,tridb_live,0.0,1.0,13.0,,10.0,openevolve,1.0,1.0,2,False,10,0.562958,0.6417305,0.6487325,1.0,filter_first-88d1f0b4340a,pre,2,oe-005,0.5,3,0.0,0.0,filter_first,0.094,0.0,0.44595799999999997,0.023,descendant_search,True
generated_exact_oracle,tridb_live,0.0,1.0,13.0,,5.0,openevolve,1.0,1.0,2,False,5,0.613416,0.776379,0.7908646,1.0,filter_first-bb7c33f6d989,pre,2,oe-005,0.5,3,0.0,0.0,filter_first,0.105,0.0,0.47841599999999995,0.03,descendant_search,True
generated_exact_oracle,tridb_live,0.0,2.0,13.0,,13.0,openevolve,1.0,1.0,1,False,31,0.627388,0.8385604,0.85733128,1.0,filter_first-be38ca0c5e18,pre,2,oe-005,1.0,3,0.0,0.0,filter_first,0.115,0.0,0.48738799999999993,0.025,descendant_search,True
generated_exact_oracle,tridb_live,0.0,2.0,13.0,,13.0,openevolve,1.0,1.0,3,False,31,0.515021,0.518621,0.518941,1.0,filter_first-cd32452ab5b9,pre,2,oe-005,1.0,3,0.0,0.0,filter_first,0.074,0.0,0.422308,0.018,descendant_search,True
generated_exact_oracle,tridb_live,0.0,2.0,13.0,,13.0,openevolve,1.0,1.0,2,False,31,0.525681,0.5576418000000001,0.5604827600000001,1.0,filter_first-ce8f691a5541,pre,2,oe-005,1.0,3,0.0,0.0,filter_first,0.082,0.0,0.429681,0.02,descendant_search,True
generated_exact_oracle,tridb_live,0.0,1.0,13.0,,10.0,openevolve,1.0,1.0,5,False,10,0.532371,0.5362941,0.5366428200000001,1.0,filter_first-dac925d86324,pre,2,oe-005,0.5,3,0.0,0.0,filter_first,0.089,0.0,0.421577,0.022,descendant_search,True
generated_exact_oracle,tridb_live,0.0,2.0,13.0,,13.0,openevolve,1.0,1.0,5,False,20,0.550008,0.6497505,0.6586165,1.0,filter_first-dc7fbfdd08ef,pre,2,oe-005,1.0,3,0.0,0.0,filter_first,0.083,0.0,0.4500080000000001,0.018,descendant_search,True
generated_exact_oracle,tridb_live,0.0,0.0,13.0,,1.0,openevolve,0.0,0.0,1,False,1,0.508183,0.5316046,0.5336865199999999,0.0,filter_first-ef43b60e2e3b,pre,2,oe-005,0.0,3,0.0,0.0,filter_first,0.067,0.0,0.42618300000000003,0.017,descendant_search,True
generated_exact_oracle,tridb_live,0.0,2.0,13.0,,,openevolve,1.0,1.0,5,False,31,0.478559,0.4787696,0.47878832000000004,1.0,traverse_first-025d91062f7e,post,2,oe-005,1.0,3,0.0,0.0,traverse_first,0.006,0.045,0.409793,0.017,descendant_search,True
generated_exact_oracle,tridb_live,0.0,2.0,13.0,,,openevolve,1.0,1.0,5,False,20,0.485819,0.5065982,0.50844524,1.0,traverse_first-08ab08ac3fd6,post,2,oe-005,1.0,3,0.0,0.0,traverse_first,0.006,0.042,0.426819,0.016,descendant_search,True
generated_exact_oracle,tridb_live,0.0,2.0,13.0,,,openevolve,1.0,1.0,3,False,20,0.485622,0.6210648,0.6331041599999999,1.0,traverse_first-0ce2265627bb,during,2,oe-005,1.0,3,0.0,0.0,traverse_first,0.007,0.043,0.422622,0.016,descendant_search,True
generated_exact_oracle,tridb_live,0.0,1.0,13.0,,,openevolve,1.0,1.0,1,False,1,0.592028,1.1498552,1.19943984,1.0,traverse_first-0e65f761853b,during,2,oe-005,0.5,3,0.0,0.0,traverse_first,0.006,0.071,0.514028,0.024,descendant_search,True
generated_exact_oracle,tridb_live,0.0,1.0,13.0,,,openevolve,1.0,1.0,2,False,1,0.49896,0.5062203,0.50686566,1.0,traverse_first-1401f30333f9,post,2,oe-005,0.5,3,0.0,0.0,traverse_first,0.006,0.043,0.430376,0.016,descendant_search,True
generated_exact_oracle,tridb_live,0.0,2.0,13.0,,,openevolve,1.0,1.0,1,False,31,0.505266,0.5055675,0.5055942999999999,1.0,traverse_first-15ea918cf3ed,during,2,oe-005,1.0,3,0.0,0.0,traverse_first,0.005,0.045,0.43960099999999996,0.015,descendant_search,True
generated_exact_oracle,tridb_live,0.0,2.0,13.0,,,openevolve,1.0,1.0,2,False,31,0.493518,0.4987524,0.49921768,1.0,traverse_first-181bab948b21,post,2,oe-005,1.0,3,0.0,0.0,traverse_first,0.006,0.048,0.423334,0.017,descendant_search,True
generated_exact_oracle,tridb_live,0.0,2.0,13.0,,,openevolve,1.0,1.0,1,False,5,0.518045,0.5215396999999999,0.52185034,1.0,traverse_first-2ef9d31e2115,during,2,oe-005,1.0,3,0.0,0.0,traverse_first,0.006,0.045,0.44704499999999997,0.016,descendant_search,True
generated_exact_oracle,tridb_live,0.0,2.0,13.0,,,openevolve,1.0,1.0,1,False,31,0.497092,0.4993429,0.49954298,1.0,traverse_first-337d9b2cc0f4,post,2,oe-005,1.0,3,0.0,0.0,traverse_first,0.006,0.041,0.42609199999999997,0.014,descendant_search,True
generated_exact_oracle,tridb_live,0.0,2.0,13.0,,,openevolve,1.0,1.0,3,False,20,0.486179,0.5016347,0.5030085400000001,1.0,traverse_first-488fa7065b52,post,2,oe-005,1.0,3,0.0,0.0,traverse_first,0.006,0.047,0.41917899999999997,0.018,descendant_search,True
generated_exact_oracle,tridb_live,0.0,1.0,13.0,,,openevolve,1.0,1.0,5,False,1,0.518221,0.5293252,0.53031224,1.0,traverse_first-49ace1949b9b,during,2,oe-005,0.5,3,0.0,0.0,traverse_first,0.006,0.047,0.43542699999999995,0.024,descendant_search,True
generated_exact_oracle,tridb_live,0.0,1.0,13.0,,,openevolve,1.0,1.0,3,False,1,0.496973,0.5080628,0.5090485600000001,1.0,traverse_first-4ee862e3f54f,during,2,oe-005,0.5,3,0.0,0.0,traverse_first,0.006,0.043,0.432418,0.017,descendant_search,True
generated_exact_oracle,tridb_live,0.0,2.0,13.0,,,openevolve,1.0,1.0,3,False,10,0.514084,0.5357857,0.5377147400000001,1.0,traverse_first-520420e3895b,post,2,oe-005,1.0,3,0.0,0.0,traverse_first,0.007,0.055,0.43208399999999997,0.02,descendant_search,True
generated_exact_oracle,tridb_live,0.0,2.0,13.0,,,openevolve,1.0,1.0,5,False,5,0.493866,0.5073740999999999,0.50857482,1.0,traverse_first-58584ddc9129,post,2,oe-005,1.0,3,0.0,0.0,traverse_first,0.006,0.048,0.420875,0.018,descendant_search,True
generated_exact_oracle,tridb_live,0.0,2.0,13.0,,,openevolve,1.0,1.0,2,False,10,0.558897,0.6937196999999999,0.70570394,1.0,traverse_first-5be44627d46d,post,2,oe-005,1.0,3,0.0,0.0,traverse_first,0.006,0.058,0.472897,0.028,descendant_search,True
generated_exact_oracle,tridb_live,0.0,2.0,13.0,,,openevolve,1.0,1.0,2,False,20,0.518665,0.6953359,0.71103998,1.0,traverse_first-5dac164247a2,post,2,oe-005,1.0,3,0.0,0.0,traverse_first,0.006,0.054,0.44266500000000003,0.023,descendant_search,True
generated_exact_oracle,tridb_live,0.0,2.0,13.0,,,openevolve,1.0,1.0,5,False,20,0.484055,0.488906,0.4893372,1.0,traverse_first-62b9b3f6c548,during,2,oe-005,1.0,3,0.0,0.0,traverse_first,0.007,0.043,0.416055,0.014,descendant_search,True
generated_exact_oracle,tridb_live,0.0,2.0,13.0,,,openevolve,1.0,1.0,1,False,20,0.530824,0.8152456,0.8405275200000001,1.0,traverse_first-6e5585f7fa7d,during,2,oe-005,1.0,3,0.0,0.0,traverse_first,0.006,0.046,0.45182399999999995,0.016,descendant_search,True
generated_exact_oracle,tridb_live,0.0,1.0,13.0,,,openevolve,1.0,1.0,3,False,1,0.614544,0.6764918999999999,0.6819983799999999,1.0,traverse_first-70d454e2e64f,post,2,oe-005,0.5,3,0.0,0.0,traverse_first,0.008,0.067,0.515544,0.025,descendant_search,True
generated_exact_oracle,tridb_live,0.0,2.0,13.0,,,openevolve,1.0,1.0,1,False,20,0.484535,0.49358090000000004,0.49438498000000003,1.0,traverse_first-76359c42693a,post,2,oe-005,1.0,3,0.0,0.0,traverse_first,0.005,0.045,0.418535,0.015,descendant_search,True
generated_exact_oracle,tridb_live,0.0,2.0,13.0,,,openevolve,1.0,1.0,3,False,31,0.521223,0.6124803,0.62059206,1.0,traverse_first-782e67473b54,during,2,oe-005,1.0,3,0.0,0.0,traverse_first,0.005,0.051,0.444223,0.017,descendant_search,True
generated_exact_oracle,tridb_live,0.0,2.0,13.0,,,openevolve,1.0,1.0,3,False,5,0.50438,0.5046329,0.50465538,1.0,traverse_first-79ee91cd021b,post,2,oe-005,1.0,3,0.0,0.0,traverse_first,0.006,0.047,0.42738000000000004,0.019,descendant_search,True
generated_exact_oracle,tridb_live,0.0,2.0,13.0,,,openevolve,1.0,1.0,1,False,10,0.485543,0.49250089999999996,0.49311938,1.0,traverse_first-7e45a5be9de9,post,2,oe-005,1.0,3,0.0,0.0,traverse_first,0.006,0.044,0.421037,0.017,descendant_search,True
generated_exact_oracle,tridb_live,0.0,1.0,13.0,,,openevolve,1.0,1.0,5,False,1,0.52929,0.5430258,0.54424676,1.0,traverse_first-83bddfb7afc0,post,2,oe-005,0.5,3,0.0,0.0,traverse_first,0.008,0.053,0.44529,0.018,descendant_search,True
generated_exact_oracle,tridb_live,0.0,2.0,13.0,,,openevolve,1.0,1.0,3,False,10,0.725074,0.7527984999999999,0.7552629,1.0,traverse_first-85c5a61d5cac,during,2,oe-005,1.0,3,0.0,0.0,traverse_first,0.01,0.091,0.5450740000000001,0.039,descendant_search,True
generated_exact_oracle,tridb_live,0.0,2.0,13.0,,,openevolve,1.0,1.0,5,False,5,0.49554,0.4983759,0.49862797999999997,1.0,traverse_first-8601c73b4d10,during,2,oe-005,1.0,3,0.0,0.0,traverse_first,0.005,0.045,0.423691,0.026,descendant_search,True
generated_exact_oracle,tridb_live,0.0,2.0,13.0,,,openevolve,1.0,1.0,3,False,5,0.527888,0.5335517,0.53405514,1.0,traverse_first-89a453d84bbf,during,2,oe-005,1.0,3,0.0,0.0,traverse_first,0.006,0.049,0.45399700000000004,0.021,descendant_search,True
generated_exact_oracle,tridb_live,0.0,2.0,13.0,,,openevolve,1.0,1.0,1,False,10,0.490152,0.5009511,0.50191102,1.0,traverse_first-8d055dcb7096,during,2,oe-005,1.0,3,0.0,0.0,traverse_first,0.005,0.045,0.428152,0.017,descendant_search,True
generated_exact_oracle,tridb_live,0.0,2.0,13.0,,,openevolve,1.0,1.0,2,False,31,0.482387,0.4922717,0.49315033999999996,1.0,traverse_first-90c6f45e3991,during,2,oe-005,1.0,3,0.0,0.0,traverse_first,0.005,0.044,0.414387,0.017,descendant_search,True
generated_exact_oracle,tridb_live,0.0,1.0,13.0,,,openevolve,1.0,1.0,2,False,1,0.516645,0.5267717999999999,0.5276719599999999,1.0,traverse_first-92d6d9491887,during,2,oe-005,0.5,3,0.0,0.0,traverse_first,0.006,0.05,0.437645,0.018,descendant_search,True
generated_exact_oracle,tridb_live,0.0,1.0,13.0,,,openevolve,1.0,1.0,1,False,1,0.555565,0.5901970000000001,0.5932754,1.0,traverse_first-a6e5d14e469b,post,2,oe-005,0.5,3,0.0,0.0,traverse_first,0.009,0.054,0.47456499999999996,0.017,descendant_search,True
generated_exact_oracle,tridb_live,0.0,2.0,13.0,,,openevolve,1.0,1.0,2,False,5,0.535621,0.588685,0.5934018,1.0,traverse_first-b279d6126ea0,post,2,oe-005,1.0,3,0.0,0.0,traverse_first,0.006,0.054,0.44862100000000005,0.024,descendant_search,True
generated_exact_oracle,tridb_live,0.0,2.0,13.0,,,openevolve,1.0,1.0,3,False,31,0.497899,0.5240872000000001,0.5264150400000001,1.0,traverse_first-b8c2c2ac41e4,post,2,oe-005,1.0,3,0.0,0.0,traverse_first,0.006,0.044,0.434899,0.016,descendant_search,True
generated_exact_oracle,tridb_live,0.0,2.0,13.0,,,openevolve,1.0,1.0,2,False,5,0.520945,0.5866234,0.59246148,1.0,traverse_first-cccdd3ed958f,during,2,oe-005,1.0,3,0.0,0.0,traverse_first,0.006,0.055,0.439945,0.021,descendant_search,True
generated_exact_oracle,tridb_live,0.0,2.0,13.0,,,openevolve,1.0,1.0,5,False,31,0.484698,0.4885428,0.48888456,1.0,traverse_first-d56cf7e61a35,during,2,oe-005,1.0,3,0.0,0.0,traverse_first,0.005,0.046,0.414224,0.02,descendant_search,True
generated_exact_oracle,tridb_live,0.0,2.0,13.0,,,openevolve,1.0,1.0,5,False,10,0.485163,0.6032376,0.61373312,1.0,traverse_first-df19a1a33fe5,during,2,oe-005,1.0,3,0.0,0.0,traverse_first,0.006,0.045,0.422163,0.018,descendant_search,True
generated_exact_oracle,tridb_live,0.0,2.0,13.0,,,openevolve,1.0,1.0,5,False,10,0.51857,0.5231969000000001,0.5236081800000001,1.0,traverse_first-e036b666ccda,post,2,oe-005,1.0,3,0.0,0.0,traverse_first,0.006,0.046,0.45056999999999997,0.017,descendant_search,True
generated_exact_oracle,tridb_live,0.0,2.0,13.0,,,openevolve,1.0,1.0,2,False,20,0.486848,0.5130218,0.51534836,1.0,traverse_first-e4d7ef105a79,during,2,oe-005,1.0,3,0.0,0.0,traverse_first,0.006,0.047,0.421848,0.016,descendant_search,True
generated_exact_oracle,tridb_live,0.0,2.0,13.0,,,openevolve,1.0,1.0,1,False,5,0.580605,0.5827632,0.5829550400000001,1.0,traverse_first-f0fdb2bba196,post,2,oe-005,1.0,3,0.0,0.0,traverse_first,0.006,0.047,0.48560500000000006,0.021,descendant_search,True
generated_exact_oracle,tridb_live,0.0,2.0,13.0,,,openevolve,1.0,1.0,2,False,10,0.486232,0.5935453,0.60308426,1.0,traverse_first-f9b36ac9da92,during,2,oe-005,1.0,3,0.0,0.0,traverse_first,0.005,0.052,0.424232,0.018,descendant_search,True
generated_exact_oracle,tridb_live,0.0,0.0,13.0,,5.0,openevolve,0.0,0.0,5,False,5,0.575961,0.5828118,0.58342076,0.0,vector_first-022628fa8c07,during,2,oe-005,0.0,3,0.0,0.0,vector_first,0.083,0.075,0.402573,0.016,descendant_search,True
generated_exact_oracle,tridb_live,0.0,2.0,13.0,,31.0,openevolve,1.0,1.0,3,False,31,0.621079,0.6498943,0.65245566,1.0,vector_first-02563f96566e,post,2,oe-005,1.0,3,0.0,0.0,vector_first,0.134,0.037,0.43207900000000005,0.021,descendant_search,True
generated_exact_oracle,tridb_live,0.0,2.0,13.0,,31.0,openevolve,1.0,1.0,2,False,31,0.84722,1.1918057,1.22243554,1.0,vector_first-0d6433b7dd6b,during,2,oe-005,1.0,3,0.0,0.0,vector_first,0.151,0.146,0.55722,0.025,descendant_search,True
generated_exact_oracle,tridb_live,0.0,0.0,13.0,,1.0,openevolve,0.0,0.0,3,False,1,0.575058,0.5922902999999999,0.5938220599999999,0.0,vector_first-17479e220710,post,2,oe-005,0.0,3,0.0,0.0,vector_first,0.078,0.0,0.472058,0.02,descendant_search,True
generated_exact_oracle,tridb_live,0.0,1.0,13.0,,20.0,openevolve,1.0,1.0,3,False,20,0.675515,0.7054571,0.7081186199999999,1.0,vector_first-181f342b270a,post,2,oe-005,0.5,3,0.0,0.0,vector_first,0.157,0.03,0.453515,0.024,descendant_search,True
generated_exact_oracle,tridb_live,0.0,0.0,13.0,,1.0,openevolve,0.0,0.0,3,False,1,0.609548,0.6565262,0.66070204,0.0,vector_first-1af22faa6077,during,2,oe-005,0.0,3,0.0,0.0,vector_first,0.091,0.034,0.46054799999999996,0.0,descendant_search,True
generated_exact_oracle,tridb_live,0.0,0.0,13.0,,10.0,openevolve,0.0,0.0,3,False,10,0.692248,0.6930120999999999,0.6930800199999999,0.0,vector_first-1f98d69fd4bb,during,2,oe-005,0.0,3,0.0,0.0,vector_first,0.103,0.105,0.43324799999999997,0.023,descendant_search,True
generated_exact_oracle,tridb_live,0.0,1.0,13.0,,20.0,openevolve,1.0,1.0,2,False,20,0.677014,0.7152424,0.7186404799999999,1.0,vector_first-27d19d1f923e,during,2,oe-005,0.5,3,0.0,0.0,vector_first,0.112,0.125,0.428014,0.022,descendant_search,True
generated_exact_oracle,tridb_live,0.0,0.0,13.0,,10.0,openevolve,0.0,0.0,5,False,10,0.524239,0.5328204999999999,0.5335833,0.0,vector_first-3b5ba3173bf9,post,2,oe-005,0.0,3,0.0,0.0,vector_first,0.081,0.0,0.41923900000000003,0.016,descendant_search,True
generated_exact_oracle,tridb_live,0.0,0.0,13.0,,10.0,openevolve,0.0,0.0,1,False,10,0.523043,0.5554268,0.55830536,0.0,vector_first-404f84e6a5f4,post,2,oe-005,0.0,3,0.0,0.0,vector_first,0.087,0.0,0.41904300000000005,0.017,descendant_search,True
generated_exact_oracle,tridb_live,0.0,1.0,13.0,,20.0,openevolve,1.0,1.0,1,False,20,0.710716,0.7469347000000001,0.75015414,1.0,vector_first-4c96de282a3c,during,2,oe-005,0.5,3,0.0,0.0,vector_first,0.117,0.122,0.42271600000000004,0.02,descendant_search,True
generated_exact_oracle,tridb_live,0.0,0.0,13.0,,5.0,openevolve,0.0,0.0,1,False,5,0.515968,0.5276644,0.52870408,0.0,vector_first-539cd672e6b6,post,2,oe-005,0.0,3,0.0,0.0,vector_first,0.069,0.0,0.43196799999999996,0.016,descendant_search,True
generated_exact_oracle,tridb_live,0.0,2.0,13.0,,31.0,openevolve,1.0,1.0,3,False,31,0.747275,0.8136275,0.8195254999999999,1.0,vector_first-55a4789c3974,during,2,oe-005,1.0,3,0.0,0.0,vector_first,0.146,0.15,0.43663199999999996,0.024,descendant_search,True
generated_exact_oracle,tridb_live,0.0,0.0,13.0,,5.0,openevolve,0.0,0.0,2,False,5,0.616631,0.6195983,0.61986206,0.0,vector_first-7462d459aaf5,during,2,oe-005,0.0,3,0.0,0.0,vector_first,0.085,0.078,0.42692800000000003,0.017,descendant_search,True
generated_exact_oracle,tridb_live,0.0,1.0,13.0,,20.0,openevolve,1.0,1.0,5,False,20,0.576737,0.5863049,0.58715538,1.0,vector_first-769ad60b254f,post,2,oe-005,0.5,3,0.0,0.0,vector_first,0.098,0.02,0.44073700000000005,0.018,descendant_search,True
generated_exact_oracle,tridb_live,0.0,0.0,13.0,,1.0,openevolve,0.0,0.0,2,False,1,0.514128,0.5170575000000001,0.5173179,0.0,vector_first-79d7f13154dd,post,2,oe-005,0.0,3,0.0,0.0,vector_first,0.087,0.0,0.40938300000000005,0.021,descendant_search,True
generated_exact_oracle,tridb_live,0.0,1.0,13.0,,20.0,openevolve,1.0,1.0,3,False,20,0.680769,0.6888159,0.68953118,1.0,vector_first-7a75fc9fb9ab,during,2,oe-005,0.5,3,0.0,0.0,vector_first,0.106,0.118,0.41771,0.019,descendant_search,True
generated_exact_oracle,tridb_live,0.0,2.0,13.0,,31.0,openevolve,1.0,1.0,1,False,31,0.609188,0.6181232,0.61891744,1.0,vector_first-7e723fa35fd9,post,2,oe-005,1.0,3,0.0,0.0,vector_first,0.119,0.035,0.429116,0.019,descendant_search,True
generated_exact_oracle,tridb_live,0.0,0.0,13.0,,1.0,openevolve,0.0,0.0,5,False,1,0.47832,0.5181072,0.52164384,0.0,vector_first-8549959dfc39,during,2,oe-005,0.0,3,0.0,0.0,vector_first,0.058,0.021,0.403934,0.0,descendant_search,True
generated_exact_oracle,tridb_live,0.0,0.0,13.0,,1.0,openevolve,0.0,0.0,2,False,1,0.504815,0.5115029,0.5120973799999999,0.0,vector_first-8735078935c5,during,2,oe-005,0.0,3,0.0,0.0,vector_first,0.063,0.021,0.414709,0.0,descendant_search,True
generated_exact_oracle,tridb_live,0.0,0.0,13.0,,5.0,openevolve,0.0,0.0,3,False,5,0.603624,0.6137841,0.6146872200000001,0.0,vector_first-8773821ec9c7,during,2,oe-005,0.0,3,0.0,0.0,vector_first,0.087,0.074,0.42562400000000006,0.017,descendant_search,True
generated_exact_oracle,tridb_live,0.0,0.0,13.0,,10.0,openevolve,0.0,0.0,1,False,10,0.682884,0.6954273,0.69654226,0.0,vector_first-879c2f5ec6a7,during,2,oe-005,0.0,3,0.0,0.0,vector_first,0.103,0.102,0.43688400000000005,0.022,descendant_search,True
generated_exact_oracle,tridb_live,0.0,0.0,13.0,,10.0,openevolve,0.0,0.0,2,False,10,0.669578,1.8794939,1.98704198,0.0,vector_first-9e027ae921ee,during,2,oe-005,0.0,3,0.0,0.0,vector_first,0.129,0.102,0.420578,0.023,descendant_search,True
generated_exact_oracle,tridb_live,0.0,0.0,13.0,,1.0,openevolve,0.0,0.0,1,False,1,0.633785,1.4204237,1.49034714,0.0,vector_first-9f2a495d4986,during,2,oe-005,0.0,3,0.0,0.0,vector_first,0.098,0.026,0.509785,0.0,descendant_search,True
generated_exact_oracle,tridb_live,0.0,0.0,13.0,,5.0,openevolve,0.0,0.0,2,False,5,0.510542,0.5205985999999999,0.5214925199999999,0.0,vector_first-a5b8d6da0107,post,2,oe-005,0.0,3,0.0,0.0,vector_first,0.07,0.0,0.43254200000000004,0.016,descendant_search,True
generated_exact_oracle,tridb_live,0.0,0.0,13.0,,5.0,openevolve,0.0,0.0,3,False,5,0.497651,0.5007469999999999,0.5010222,0.0,vector_first-a6608b0002af,post,2,oe-005,0.0,3,0.0,0.0,vector_first,0.071,0.0,0.406312,0.016,descendant_search,True
generated_exact_oracle,tridb_live,0.0,0.0,13.0,,10.0,openevolve,0.0,0.0,2,False,10,0.570634,0.6600616,0.66801072,0.0,vector_first-a802c228be07,post,2,oe-005,0.0,3,0.0,0.0,vector_first,0.099,0.0,0.43763399999999997,0.021,descendant_search,True
generated_exact_oracle,tridb_live,0.0,2.0,13.0,,31.0,openevolve,1.0,1.0,5,False,31,0.762482,0.7741100000000001,0.7751436,1.0,vector_first-a9f78619c4c5,during,2,oe-005,1.0,3,0.0,0.0,vector_first,0.152,0.144,0.44075900000000007,0.022,descendant_search,True
generated_exact_oracle,tridb_live,0.0,2.0,13.0,,31.0,openevolve,1.0,1.0,1,False,31,0.782226,1.1509668,1.18374376,1.0,vector_first-ae5e5305d255,during,2,oe-005,1.0,3,0.0,0.0,vector_first,0.135,0.147,0.461868,0.022,descendant_search,True
generated_exact_oracle,tridb_live,0.0,0.0,13.0,,1.0,openevolve,0.0,0.0,5,False,1,0.491946,0.5211114,0.52370388,0.0,vector_first-bbed0b0c4edb,post,2,oe-005,0.0,3,0.0,0.0,vector_first,0.066,0.0,0.41626399999999997,0.018,descendant_search,True
generated_exact_oracle,tridb_live,0.0,0.0,13.0,,1.0,openevolve,0.0,0.0,1,False,1,0.522675,0.5294979,0.5301043799999999,0.0,vector_first-c1efa57fb2c2,post,2,oe-005,0.0,3,0.0,0.0,vector_first,0.064,0.0,0.43167500000000003,0.02,descendant_search,True
generated_exact_oracle,tridb_live,0.0,0.0,13.0,,10.0,openevolve,0.0,0.0,3,False,10,0.558498,0.6379248000000001,0.64498496,0.0,vector_first-c254a691f33b,post,2,oe-005,0.0,3,0.0,0.0,vector_first,0.1,0.0,0.44101200000000007,0.021,descendant_search,True
generated_exact_oracle,tridb_live,0.0,1.0,13.0,,20.0,openevolve,1.0,1.0,2,False,20,0.543312,0.5902208999999999,0.59439058,1.0,vector_first-c9c7dff0ae35,post,2,oe-005,0.5,3,0.0,0.0,vector_first,0.094,0.019,0.414312,0.017,descendant_search,True
generated_exact_oracle,tridb_live,0.0,1.0,13.0,,20.0,openevolve,1.0,1.0,1,False,20,0.552592,0.5635207,0.56449214,1.0,vector_first-ce905df43902,post,2,oe-005,0.5,3,0.0,0.0,vector_first,0.099,0.021,0.41859199999999996,0.017,descendant_search,True
generated_exact_oracle,tridb_live,0.0,0.0,13.0,,5.0,openevolve,0.0,0.0,5,False,5,0.521652,0.5278773,0.5284306599999999,0.0,vector_first-d746def0ad41,post,2,oe-005,0.0,3,0.0,0.0,vector_first,0.072,0.0,0.43265200000000004,0.017,descendant_search,True
generated_exact_oracle,tridb_live,0.0,2.0,13.0,,31.0,openevolve,1.0,1.0,2,False,31,0.679496,0.7333655,0.7381539,1.0,vector_first-e1291c2e8845,post,2,oe-005,1.0,3,0.0,0.0,vector_first,0.144,0.04,0.461496,0.024,descendant_search,True
generated_exact_oracle,tridb_live,0.0,1.0,13.0,,20.0,openevolve,1.0,1.0,5,False,20,0.706839,0.7356516,0.7382127199999999,1.0,vector_first-e83511f32e02,during,2,oe-005,0.5,3,0.0,0.0,vector_first,0.132,0.124,0.44152800000000003,0.021,descendant_search,True
generated_exact_oracle,tridb_live,0.0,0.0,13.0,,8.0,openevolve,0.0,0.0,2,True,8,0.573312,0.9091767,0.93903134,0.0,vector_first-ebaeb868fc9b,post,2,oe-005,0.0,3,0.0,0.0,vector_first,0.105,0.0,0.44531200000000004,0.023,descendant_search,True
generated_exact_oracle,tridb_live,0.0,0.0,13.0,,5.0,openevolve,0.0,0.0,1,False,5,0.621018,0.9001872,0.92500224,0.0,vector_first-f0a58d413e0f,during,2,oe-005,0.0,3,0.0,0.0,vector_first,0.08,0.08,0.43701799999999996,0.016,descendant_search,True
generated_exact_oracle,tridb_live,0.0,2.0,13.0,,31.0,openevolve,1.0,1.0,5,False,31,0.64442,0.7627115,0.7732262999999999,1.0,vector_first-f0db45cb5ec3,post,2,oe-005,1.0,3,0.0,0.0,vector_first,0.124,0.032,0.46942,0.019,descendant_search,True
generated_exact_oracle,tridb_live,0.0,0.0,13.0,,10.0,openevolve,0.0,0.0,5,False,10,0.666918,0.6798024,0.68094768,0.0,vector_first-f99672c00fed,during,2,oe-005,0.0,3,0.0,0.0,vector_first,0.098,0.101,0.437234,0.019,descendant_search,True
generated_exact_oracle,tridb_live,0.0,3.0,29.0,,20.0,openevolve,0.0,1.0,3,False,20,0.748312,0.7555858,0.75623236,0.5,filter_first-03c0190c958c,pre,2,oe-006,1.0,3,0.0,0.0,filter_first,0.212,0.0,0.49231199999999997,0.035,ancestor_reuse,True
generated_exact_oracle,tridb_live,0.0,0.0,29.0,,1.0,openevolve,0.0,0.0,5,False,1,0.582959,0.6002381,0.60177402,0.0,filter_first-0b936184cc1f,pre,2,oe-006,0.0,3,0.0,0.0,filter_first,0.118,0.0,0.437705,0.021,ancestor_reuse,True
generated_exact_oracle,tridb_live,0.0,1.0,29.0,,10.0,openevolve,0.0,0.0,3,False,10,0.576444,0.6538746,0.66075732,0.0,filter_first-100fc75abb62,pre,2,oe-006,0.0,3,0.0,0.0,filter_first,0.122,0.0,0.43344399999999994,0.021,ancestor_reuse,True
generated_exact_oracle,tridb_live,0.0,5.0,29.0,,29.0,openevolve,0.0,1.0,5,False,31,0.570352,0.5871847,0.58868094,0.3333333333333333,filter_first-18c5ab755e0f,pre,2,oe-006,1.0,3,0.0,0.0,filter_first,0.102,0.0,0.449352,0.02,ancestor_reuse,True
generated_exact_oracle,tridb_live,0.0,0.0,29.0,,5.0,openevolve,0.0,0.0,3,False,5,0.538263,0.5386572,0.5386922399999999,0.0,filter_first-1bcb17c507ca,pre,2,oe-006,0.0,3,0.0,0.0,filter_first,0.107,0.0,0.408701,0.017,ancestor_reuse,True
generated_exact_oracle,tridb_live,0.0,1.0,29.0,,20.0,openevolve,1.0,1.0,1,False,20,0.752037,0.7928214,0.79644668,1.0,filter_first-1cad3c1573b2,pre,2,oe-006,0.5,3,0.0,0.0,filter_first,0.21,0.0,0.513037,0.03,ancestor_reuse,True
generated_exact_oracle,tridb_live,0.0,0.0,29.0,,5.0,openevolve,0.0,0.0,5,False,5,0.541118,0.5419847,0.5420617400000001,0.0,filter_first-31743712ac49,pre,2,oe-006,0.0,3,0.0,0.0,filter_first,0.104,0.0,0.41780000000000006,0.018,ancestor_reuse,True
generated_exact_oracle,tridb_live,0.0,0.0,29.0,,1.0,openevolve,0.0,0.0,2,False,1,0.545366,0.552944,0.5536176,0.0,filter_first-3a7f1025f729,pre,2,oe-006,0.0,3,0.0,0.0,filter_first,0.108,0.0,0.418366,0.019,ancestor_reuse,True
generated_exact_oracle,tridb_live,0.0,2.0,29.0,,20.0,openevolve,1.0,1.0,2,False,20,0.765282,0.7740003,0.77477526,1.0,filter_first-46ec65dc7fea,pre,2,oe-006,1.0,3,0.0,0.0,filter_first,0.213,0.0,0.502282,0.031,ancestor_reuse,True
generated_exact_oracle,tridb_live,0.0,0.0,29.0,,1.0,openevolve,0.0,0.0,3,False,1,0.567785,0.5703661999999999,0.57059564,0.0,filter_first-68e8f1c34182,pre,2,oe-006,0.0,3,0.0,0.0,filter_first,0.121,0.0,0.42378499999999997,0.02,ancestor_reuse,True
generated_exact_oracle,tridb_live,0.0,0.0,29.0,,10.0,openevolve,0.0,0.0,1,False,10,0.523349,0.5256314000000001,0.5258342800000001,0.0,filter_first-8532bb36e741,pre,2,oe-006,0.0,3,0.0,0.0,filter_first,0.1,0.0,0.40934899999999996,0.014,ancestor_reuse,True
generated_exact_oracle,tridb_live,0.0,0.0,29.0,,5.0,openevolve,0.0,0.0,1,False,5,0.528511,0.5673001,0.5707480199999999,0.0,filter_first-8699218b4a03,pre,2,oe-006,0.0,3,0.0,0.0,filter_first,0.099,0.0,0.41851099999999997,0.016,ancestor_reuse,True
generated_exact_oracle,tridb_live,0.0,0.0,29.0,,10.0,openevolve,0.0,0.0,2,False,10,0.576108,0.5838111,0.58449582,0.0,filter_first-88d1f0b4340a,pre,2,oe-006,0.0,3,0.0,0.0,filter_first,0.11,0.0,0.44710799999999995,0.017,ancestor_reuse,True
generated_exact_oracle,tridb_live,0.0,0.0,29.0,,5.0,openevolve,0.0,0.0,2,False,5,0.53586,0.5425695,0.5431659,0.0,filter_first-bb7c33f6d989,pre,2,oe-006,0.0,3,0.0,0.0,filter_first,0.101,0.0,0.41886,0.016,ancestor_reuse,True
generated_exact_oracle,tridb_live,0.0,1.0,29.0,,29.0,openevolve,1.0,1.0,1,False,31,0.577709,1.0960613,1.14213706,1.0,filter_first-be38ca0c5e18,pre,2,oe-006,0.5,3,0.0,0.0,filter_first,0.113,0.0,0.444709,0.02,ancestor_reuse,True
generated_exact_oracle,tridb_live,0.0,3.0,29.0,,29.0,openevolve,0.0,1.0,3,False,31,0.57849,0.5791191,0.57917502,0.5,filter_first-cd32452ab5b9,pre,2,oe-006,1.0,3,0.0,0.0,filter_first,0.117,0.0,0.42918899999999993,0.021,ancestor_reuse,True
generated_exact_oracle,tridb_live,0.0,2.0,29.0,,29.0,openevolve,1.0,1.0,2,False,31,0.538189,0.54664,0.5473912000000001,1.0,filter_first-ce8f691a5541,pre,2,oe-006,1.0,3,0.0,0.0,filter_first,0.102,0.0,0.41618900000000003,0.017,ancestor_reuse,True
generated_exact_oracle,tridb_live,0.0,1.0,29.0,,10.0,openevolve,0.0,0.0,5,False,10,0.804536,0.8245331,0.82631062,0.0,filter_first-dac925d86324,pre,2,oe-006,0.0,3,0.0,0.0,filter_first,0.234,0.0,0.527536,0.043,ancestor_reuse,True
generated_exact_oracle,tridb_live,0.0,4.0,29.0,,20.0,openevolve,0.0,1.0,5,False,20,0.742648,0.7795957,0.7828799399999999,0.3333333333333333,filter_first-dc7fbfdd08ef,pre,2,oe-006,1.0,3,0.0,0.0,filter_first,0.205,0.0,0.50305,0.037,ancestor_reuse,True
generated_exact_oracle,tridb_live,0.0,0.0,29.0,,1.0,openevolve,0.0,0.0,1,False,1,0.551566,0.5772682,0.57955284,0.0,filter_first-ef43b60e2e3b,pre,2,oe-006,0.0,3,0.0,0.0,filter_first,0.105,0.0,0.42012399999999994,0.018,ancestor_reuse,True
generated_exact_oracle,tridb_live,0.0,5.0,29.0,,,openevolve,0.0,1.0,5,False,31,0.575632,0.9281503,0.95948526,0.3333333333333333,traverse_first-025d91062f7e,post,2,oe-006,1.0,3,0.0,0.0,traverse_first,0.01,0.093,0.45463200000000004,0.023,ancestor_reuse,True
generated_exact_oracle,tridb_live,0.0,5.0,29.0,,,openevolve,0.0,1.0,5,False,20,0.594491,0.6392038999999999,0.6431783799999999,0.3333333333333333,traverse_first-08ab08ac3fd6,post,2,oe-006,1.0,3,0.0,0.0,traverse_first,0.011,0.091,0.479491,0.024,ancestor_reuse,True
generated_exact_oracle,tridb_live,0.0,3.0,29.0,,,openevolve,0.0,1.0,3,False,20,0.525292,0.5266114,0.52672868,0.5,traverse_first-0ce2265627bb,during,2,oe-006,1.0,3,0.0,0.0,traverse_first,0.014,0.062,0.42275799999999997,0.02,ancestor_reuse,True
generated_exact_oracle,tridb_live,0.0,1.0,29.0,,,openevolve,1.0,1.0,1,False,1,0.470928,0.4720683,0.47216966,1.0,traverse_first-0e65f761853b,during,2,oe-006,0.5,3,0.0,0.0,traverse_first,0.002,0.024,0.43092800000000003,0.015,ancestor_reuse,True
generated_exact_oracle,tridb_live,0.0,1.0,29.0,,,openevolve,1.0,1.0,2,False,1,0.501083,0.5631119,0.56862558,1.0,traverse_first-1401f30333f9,post,2,oe-006,0.5,3,0.0,0.0,traverse_first,0.004,0.044,0.43508299999999994,0.017,ancestor_reuse,True
generated_exact_oracle,tridb_live,0.0,1.0,29.0,,,openevolve,1.0,1.0,1,False,31,0.512566,0.5328349,0.53463658,1.0,traverse_first-15ea918cf3ed,during,2,oe-006,0.5,3,0.0,0.0,traverse_first,0.004,0.032,0.45156599999999997,0.02,ancestor_reuse,True
generated_exact_oracle,tridb_live,0.0,2.0,29.0,,,openevolve,1.0,1.0,2,False,31,0.487249,0.500074,0.501214,1.0,traverse_first-181bab948b21,post,2,oe-006,1.0,3,0.0,0.0,traverse_first,0.006,0.045,0.41349900000000006,0.018,ancestor_reuse,True
generated_exact_oracle,tridb_live,0.0,1.0,29.0,,,openevolve,1.0,1.0,1,False,5,0.465554,0.4965401,0.49929442,1.0,traverse_first-2ef9d31e2115,during,2,oe-006,0.5,3,0.0,0.0,traverse_first,0.002,0.021,0.42955400000000005,0.016,ancestor_reuse,True
generated_exact_oracle,tridb_live,0.0,1.0,29.0,,,openevolve,1.0,1.0,1,False,31,0.47315,0.483671,0.4846062,1.0,traverse_first-337d9b2cc0f4,post,2,oe-006,0.5,3,0.0,0.0,traverse_first,0.003,0.027,0.42315,0.017,ancestor_reuse,True
generated_exact_oracle,tridb_live,0.0,3.0,29.0,,,openevolve,0.0,1.0,3,False,20,0.519976,0.5720698,0.57670036,0.5,traverse_first-488fa7065b52,post,2,oe-006,1.0,3,0.0,0.0,traverse_first,0.012,0.053,0.438976,0.02,ancestor_reuse,True
generated_exact_oracle,tridb_live,0.0,1.0,29.0,,,openevolve,0.0,0.0,5,False,1,0.547236,0.6476193,0.65654226,0.0,traverse_first-49ace1949b9b,during,2,oe-006,0.0,3,0.0,0.0,traverse_first,0.011,0.09,0.43023599999999995,0.021,ancestor_reuse,True
generated_exact_oracle,tridb_live,0.0,1.0,29.0,,,openevolve,0.0,0.0,3,False,1,0.537941,0.5974895,0.6027827,0.0,traverse_first-4ee862e3f54f,during,2,oe-006,0.0,3,0.0,0.0,traverse_first,0.013,0.057,0.44894100000000003,0.026,ancestor_reuse,True
generated_exact_oracle,tridb_live,0.0,3.0,29.0,,,openevolve,0.0,1.0,3,False,10,0.59114,0.699356,0.7089752,0.5,traverse_first-520420e3895b,post,2,oe-006,1.0,3,0.0,0.0,traverse_first,0.013,0.063,0.47514,0.018,ancestor_reuse,True
generated_exact_oracle,tridb_live,0.0,5.0,29.0,,,openevolve,0.0,1.0,5,False,5,0.5556,0.6615165000000001,0.6709313,0.3333333333333333,traverse_first-58584ddc9129,post,2,oe-006,1.0,3,0.0,0.0,traverse_first,0.011,0.093,0.4356,0.022,ancestor_reuse,True
generated_exact_oracle,tridb_live,0.0,2.0,29.0,,,openevolve,1.0,1.0,2,False,10,0.478169,0.4904486,0.49154012,1.0,traverse_first-5be44627d46d,post,2,oe-006,1.0,3,0.0,0.0,traverse_first,0.006,0.047,0.413813,0.017,ancestor_reuse,True
generated_exact_oracle,tridb_live,0.0,2.0,29.0,,,openevolve,1.0,1.0,2,False,20,0.496994,0.5015444,0.50194888,1.0,traverse_first-5dac164247a2,post,2,oe-006,1.0,3,0.0,0.0,traverse_first,0.005,0.046,0.421994,0.02,ancestor_reuse,True
generated_exact_oracle,tridb_live,0.0,5.0,29.0,,,openevolve,0.0,1.0,5,False,20,0.579772,0.581995,0.5821926000000001,0.3333333333333333,traverse_first-62b9b3f6c548,during,2,oe-006,1.0,3,0.0,0.0,traverse_first,0.01,0.101,0.44724200000000003,0.023,ancestor_reuse,True
generated_exact_oracle,tridb_live,0.0,1.0,29.0,,,openevolve,1.0,1.0,1,False,20,0.479456,0.4812596,0.48141992,1.0,traverse_first-6e5585f7fa7d,during,2,oe-006,0.5,3,0.0,0.0,traverse_first,0.002,0.02,0.442456,0.015,ancestor_reuse,True
generated_exact_oracle,tridb_live,0.0,1.0,29.0,,,openevolve,0.0,0.0,3,False,1,0.509224,0.5136529,0.5140465799999999,0.0,traverse_first-70d454e2e64f,post,2,oe-006,0.0,3,0.0,0.0,traverse_first,0.013,0.054,0.424224,0.019,ancestor_reuse,True
generated_exact_oracle,tridb_live,0.0,1.0,29.0,,,openevolve,1.0,1.0,1,False,20,0.476231,0.48220430000000003,0.48273526,1.0,traverse_first-76359c42693a,post,2,oe-006,0.5,3,0.0,0.0,traverse_first,0.002,0.03,0.424868,0.014,ancestor_reuse,True
generated_exact_oracle,tridb_live,0.0,3.0,29.0,,,openevolve,0.0,1.0,3,False,31,0.518445,0.5275962,0.52840964,0.5,traverse_first-782e67473b54,during,2,oe-006,1.0,3,0.0,0.0,traverse_first,0.013,0.061,0.425229,0.018,ancestor_reuse,True
generated_exact_oracle,tridb_live,0.0,3.0,29.0,,,openevolve,0.0,1.0,3,False,5,0.51097,0.5205694,0.52142268,0.5,traverse_first-79ee91cd021b,post,2,oe-006,1.0,3,0.0,0.0,traverse_first,0.012,0.059,0.42297000000000007,0.017,ancestor_reuse,True
generated_exact_oracle,tridb_live,0.0,1.0,29.0,,,openevolve,1.0,1.0,1,False,10,0.479027,0.5004272,0.5023294399999999,1.0,traverse_first-7e45a5be9de9,post,2,oe-006,0.5,3,0.0,0.0,traverse_first,0.002,0.029,0.432027,0.015,ancestor_reuse,True
generated_exact_oracle,tridb_live,0.0,1.0,29.0,,,openevolve,0.0,0.0,5,False,1,0.535357,0.5410567,0.54156334,0.0,traverse_first-83bddfb7afc0,post,2,oe-006,0.0,3,0.0,0.0,traverse_first,0.009,0.085,0.417867,0.021,ancestor_reuse,True
generated_exact_oracle,tridb_live,0.0,3.0,29.0,,,openevolve,0.0,1.0,3,False,10,0.534627,0.8276391,0.85368462,0.5,traverse_first-85c5a61d5cac,during,2,oe-006,1.0,3,0.0,0.0,traverse_first,0.016,0.066,0.45362699999999995,0.017,ancestor_reuse,True
generated_exact_oracle,tridb_live,0.0,5.0,29.0,,,openevolve,0.0,1.0,5,False,5,0.551587,0.5574874,0.5580118799999999,0.3333333333333333,traverse_first-8601c73b4d10,during,2,oe-006,1.0,3,0.0,0.0,traverse_first,0.012,0.098,0.415531,0.022,ancestor_reuse,True
generated_exact_oracle,tridb_live,0.0,3.0,29.0,,,openevolve,0.0,1.0,3,False,5,0.529484,0.5326178,0.5328963600000001,0.5,traverse_first-89a453d84bbf,during,2,oe-006,1.0,3,0.0,0.0,traverse_first,0.013,0.06,0.426484,0.018,ancestor_reuse,True
generated_exact_oracle,tridb_live,0.0,1.0,29.0,,,openevolve,1.0,1.0,1,False,10,0.454165,0.4632352,0.46404144,1.0,traverse_first-8d055dcb7096,during,2,oe-006,0.5,3,0.0,0.0,traverse_first,0.002,0.021,0.415165,0.015,ancestor_reuse,True
generated_exact_oracle,tridb_live,0.0,2.0,29.0,,,openevolve,1.0,1.0,2,False,31,0.491199,0.5298999,0.53333998,1.0,traverse_first-90c6f45e3991,during,2,oe-006,1.0,3,0.0,0.0,traverse_first,0.005,0.043,0.426199,0.018,ancestor_reuse,True
generated_exact_oracle,tridb_live,0.0,1.0,29.0,,,openevolve,1.0,1.0,2,False,1,0.503376,0.5287722,0.53102964,1.0,traverse_first-92d6d9491887,during,2,oe-006,0.5,3,0.0,0.0,traverse_first,0.005,0.044,0.43337600000000004,0.021,ancestor_reuse,True
generated_exact_oracle,tridb_live,0.0,1.0,29.0,,,openevolve,1.0,1.0,1,False,1,0.499914,0.5000616,0.50007472,1.0,traverse_first-a6e5d14e469b,post,2,oe-006,0.5,3,0.0,0.0,traverse_first,0.002,0.025,0.45591400000000004,0.014,ancestor_reuse,True
generated_exact_oracle,tridb_live,0.0,2.0,29.0,,,openevolve,1.0,1.0,2,False,5,0.556728,0.5670942,0.56801564,1.0,traverse_first-b279d6126ea0,post,2,oe-006,1.0,3,0.0,0.0,traverse_first,0.006,0.047,0.493728,0.018,ancestor_reuse,True
generated_exact_oracle,tridb_live,0.0,3.0,29.0,,,openevolve,0.0,1.0,3,False,31,0.520265,0.5294314999999999,0.5302463,0.5,traverse_first-b8c2c2ac41e4,post,2,oe-006,1.0,3,0.0,0.0,traverse_first,0.011,0.057,0.426265,0.017,ancestor_reuse,True
generated_exact_oracle,tridb_live,0.0,2.0,29.0,,,openevolve,1.0,1.0,2,False,5,0.521957,0.5259026,0.5262533199999999,1.0,traverse_first-cccdd3ed958f,during,2,oe-006,1.0,3,0.0,0.0,traverse_first,0.007,0.054,0.438957,0.021,ancestor_reuse,True
generated_exact_oracle,tridb_live,0.0,5.0,29.0,,,openevolve,0.0,1.0,5,False,31,0.555065,0.5683985,0.5695837,0.3333333333333333,traverse_first-d56cf7e61a35,during,2,oe-006,1.0,3,0.0,0.0,traverse_first,0.012,0.097,0.424065,0.021,ancestor_reuse,True
generated_exact_oracle,tridb_live,0.0,5.0,29.0,,,openevolve,0.0,1.0,5,False,10,0.575866,0.6642163,0.67206966,0.3333333333333333,traverse_first-df19a1a33fe5,during,2,oe-006,1.0,3,0.0,0.0,traverse_first,0.013,0.095,0.444866,0.025,ancestor_reuse,True
generated_exact_oracle,tridb_live,0.0,5.0,29.0,,,openevolve,0.0,1.0,5,False,10,0.589273,0.6795304,0.68755328,0.3333333333333333,traverse_first-e036b666ccda,post,2,oe-006,1.0,3,0.0,0.0,traverse_first,0.012,0.094,0.45427300000000004,0.024,ancestor_reuse,True
generated_exact_oracle,tridb_live,0.0,2.0,29.0,,,openevolve,1.0,1.0,2,False,20,0.593301,0.6375477,0.64148074,1.0,traverse_first-e4d7ef105a79,during,2,oe-006,1.0,3,0.0,0.0,traverse_first,0.009,0.07,0.487301,0.027,ancestor_reuse,True
generated_exact_oracle,tridb_live,0.0,1.0,29.0,,,openevolve,1.0,1.0,1,False,5,0.496743,0.5250975,0.5276179000000001,1.0,traverse_first-f0fdb2bba196,post,2,oe-006,0.5,3,0.0,0.0,traverse_first,0.003,0.035,0.444743,0.015,ancestor_reuse,True
generated_exact_oracle,tridb_live,0.0,2.0,29.0,,,openevolve,1.0,1.0,2,False,10,0.492326,0.5035769,0.5045769800000001,1.0,traverse_first-f9b36ac9da92,during,2,oe-006,1.0,3,0.0,0.0,traverse_first,0.007,0.044,0.41882700000000006,0.018,ancestor_reuse,True
generated_exact_oracle,tridb_live,0.0,0.0,29.0,,5.0,openevolve,0.0,0.0,5,False,5,0.703962,0.7430337,0.7465067400000001,0.0,vector_first-022628fa8c07,during,2,oe-006,0.0,3,0.0,0.0,vector_first,0.098,0.08,0.485962,0.024,ancestor_reuse,True
generated_exact_oracle,tridb_live,0.0,3.0,29.0,,31.0,openevolve,0.0,1.0,3,False,31,0.601821,0.6536375999999999,0.65824352,0.5,vector_first-02563f96566e,post,2,oe-006,1.0,3,0.0,0.0,vector_first,0.121,0.046,0.419683,0.019,ancestor_reuse,True
generated_exact_oracle,tridb_live,0.0,2.0,29.0,,31.0,openevolve,1.0,1.0,2,False,31,0.697333,0.7409317,0.74480714,1.0,vector_first-0d6433b7dd6b,during,2,oe-006,1.0,3,0.0,0.0,vector_first,0.131,0.141,0.411776,0.02,ancestor_reuse,True
generated_exact_oracle,tridb_live,0.0,0.0,29.0,,1.0,openevolve,0.0,0.0,3,False,1,0.509548,0.5374732,0.53995544,0.0,vector_first-17479e220710,post,2,oe-006,0.0,3,0.0,0.0,vector_first,0.073,0.0,0.423723,0.018,ancestor_reuse,True
generated_exact_oracle,tridb_live,0.0,3.0,29.0,,20.0,openevolve,0.0,1.0,3,False,20,0.569831,1.2574291999999998,1.31854904,0.5,vector_first-181f342b270a,post,2,oe-006,1.0,3,0.0,0.0,vector_first,0.1,0.046,0.419087,0.018,ancestor_reuse,True
generated_exact_oracle,tridb_live,0.0,0.0,29.0,,1.0,openevolve,0.0,0.0,3,False,1,0.565038,0.8849457,0.91338194,0.0,vector_first-1af22faa6077,during,2,oe-006,0.0,3,0.0,0.0,vector_first,0.092,0.025,0.421643,0.02,ancestor_reuse,True
generated_exact_oracle,tridb_live,0.0,1.0,29.0,,10.0,openevolve,0.0,0.0,3,False,10,0.655348,0.6724462,0.67396604,0.0,vector_first-1f98d69fd4bb,during,2,oe-006,0.0,3,0.0,0.0,vector_first,0.107,0.106,0.41768000000000005,0.023,ancestor_reuse,True
generated_exact_oracle,tridb_live,0.0,2.0,29.0,,20.0,openevolve,1.0,1.0,2,False,20,0.647229,0.6863969999999999,0.6898785999999999,1.0,vector_first-27d19d1f923e,during,2,oe-006,1.0,3,0.0,0.0,vector_first,0.103,0.118,0.415095,0.018,ancestor_reuse,True
generated_exact_oracle,tridb_live,0.0,1.0,29.0,,10.0,openevolve,0.0,0.0,5,False,10,0.546818,0.5472662,0.54730604,0.0,vector_first-3b5ba3173bf9,post,2,oe-006,0.0,3,0.0,0.0,vector_first,0.082,0.021,0.415316,0.022,ancestor_reuse,True
generated_exact_oracle,tridb_live,0.0,0.0,29.0,,10.0,openevolve,0.0,0.0,1,False,10,0.516714,0.5330427,0.5344941400000001,0.0,vector_first-404f84e6a5f4,post,2,oe-006,0.0,3,0.0,0.0,vector_first,0.079,0.0,0.42485700000000004,0.017,ancestor_reuse,True
generated_exact_oracle,tridb_live,0.0,1.0,29.0,,20.0,openevolve,1.0,1.0,1,False,20,0.699753,0.7647375000000001,0.7705139000000001,1.0,vector_first-4c96de282a3c,during,2,oe-006,0.5,3,0.0,0.0,vector_first,0.131,0.127,0.41980399999999995,0.026,ancestor_reuse,True
generated_exact_oracle,tridb_live,0.0,0.0,29.0,,5.0,openevolve,0.0,0.0,1,False,5,0.56254,0.6186864999999999,0.6236773,0.0,vector_first-539cd672e6b6,post,2,oe-006,0.0,3,0.0,0.0,vector_first,0.084,0.0,0.46154000000000006,0.016,ancestor_reuse,True
generated_exact_oracle,tridb_live,0.0,3.0,29.0,,31.0,openevolve,0.0,1.0,3,False,31,0.808789,0.8194081,0.82035202,0.5,vector_first-55a4789c3974,during,2,oe-006,1.0,3,0.0,0.0,vector_first,0.145,0.153,0.43058799999999997,0.026,ancestor_reuse,True
generated_exact_oracle,tridb_live,0.0,0.0,29.0,,5.0,openevolve,0.0,0.0,2,False,5,0.637332,0.6982016999999999,0.70361234,0.0,vector_first-7462d459aaf5,during,2,oe-006,0.0,3,0.0,0.0,vector_first,0.091,0.087,0.451332,0.023,ancestor_reuse,True
generated_exact_oracle,tridb_live,0.0,4.0,29.0,,20.0,openevolve,0.0,1.0,5,False,20,0.671584,0.7439962,0.75043284,0.3333333333333333,vector_first-769ad60b254f,post,2,oe-006,1.0,3,0.0,0.0,vector_first,0.119,0.066,0.457584,0.025,ancestor_reuse,True
generated_exact_oracle,tridb_live,0.0,0.0,29.0,,1.0,openevolve,0.0,0.0,2,False,1,0.525359,0.528005,0.5282401999999999,0.0,vector_first-79d7f13154dd,post,2,oe-006,0.0,3,0.0,0.0,vector_first,0.082,0.0,0.425299,0.018,ancestor_reuse,True
generated_exact_oracle,tridb_live,0.0,3.0,29.0,,20.0,openevolve,0.0,1.0,3,False,20,0.695117,0.9448868,0.96708856,0.5,vector_first-7a75fc9fb9ab,during,2,oe-006,1.0,3,0.0,0.0,vector_first,0.107,0.117,0.42711699999999997,0.019,ancestor_reuse,True
generated_exact_oracle,tridb_live,0.0,1.0,29.0,,31.0,openevolve,1.0,1.0,1,False,31,0.575852,0.5918639,0.59328718,1.0,vector_first-7e723fa35fd9,post,2,oe-006,0.5,3,0.0,0.0,vector_first,0.121,0.019,0.419852,0.016,ancestor_reuse,True
generated_exact_oracle,tridb_live,0.0,0.0,29.0,,1.0,openevolve,0.0,0.0,5,False,1,0.556753,0.5623501000000001,0.56284762,0.0,vector_first-8549959dfc39,during,2,oe-006,0.0,3,0.0,0.0,vector_first,0.082,0.023,0.42996,0.02,ancestor_reuse,True
generated_exact_oracle,tridb_live,0.0,0.0,29.0,,1.0,openevolve,0.0,0.0,2,False,1,0.6067,0.6183541,0.61939002,0.0,vector_first-8735078935c5,during,2,oe-006,0.0,3,0.0,0.0,vector_first,0.089,0.03,0.46147099999999996,0.021,ancestor_reuse,True
generated_exact_oracle,tridb_live,0.0,0.0,29.0,,5.0,openevolve,0.0,0.0,3,False,5,0.681258,0.7581017999999999,0.76493236,0.0,vector_first-8773821ec9c7,during,2,oe-006,0.0,3,0.0,0.0,vector_first,0.113,0.085,0.46225800000000006,0.024,ancestor_reuse,True
generated_exact_oracle,tridb_live,0.0,0.0,29.0,,10.0,openevolve,0.0,0.0,1,False,10,0.680232,0.7018167000000001,0.70373534,0.0,vector_first-879c2f5ec6a7,during,2,oe-006,0.0,3,0.0,0.0,vector_first,0.105,0.103,0.43623199999999995,0.019,ancestor_reuse,True
generated_exact_oracle,tridb_live,0.0,0.0,29.0,,10.0,openevolve,0.0,0.0,2,False,10,0.628232,0.6597797,0.66258394,0.0,vector_first-9e027ae921ee,during,2,oe-006,0.0,3,0.0,0.0,vector_first,0.092,0.102,0.41923200000000005,0.019,ancestor_reuse,True
generated_exact_oracle,tridb_live,0.0,0.0,29.0,,1.0,openevolve,0.0,0.0,1,False,1,0.630848,0.6408100999999999,0.6416956199999999,0.0,vector_first-9f2a495d4986,during,2,oe-006,0.0,3,0.0,0.0,vector_first,0.086,0.025,0.44984799999999997,0.023,ancestor_reuse,True
generated_exact_oracle,tridb_live,0.0,0.0,29.0,,5.0,openevolve,0.0,0.0,2,False,5,0.536985,0.5615334,0.56371548,0.0,vector_first-a5b8d6da0107,post,2,oe-006,0.0,3,0.0,0.0,vector_first,0.079,0.0,0.43798500000000007,0.019,ancestor_reuse,True
generated_exact_oracle,tridb_live,0.0,0.0,29.0,,5.0,openevolve,0.0,0.0,3,False,5,0.509671,0.5374918000000001,0.53996476,0.0,vector_first-a6608b0002af,post,2,oe-006,0.0,3,0.0,0.0,vector_first,0.072,0.0,0.422671,0.019,ancestor_reuse,True
generated_exact_oracle,tridb_live,0.0,0.0,29.0,,10.0,openevolve,0.0,0.0,2,False,10,0.511344,0.5153166,0.51566972,0.0,vector_first-a802c228be07,post,2,oe-006,0.0,3,0.0,0.0,vector_first,0.076,0.0,0.413547,0.017,ancestor_reuse,True
generated_exact_oracle,tridb_live,0.0,5.0,29.0,,31.0,openevolve,0.0,1.0,5,False,31,0.732701,0.7508756,0.75249112,0.3333333333333333,vector_first-a9f78619c4c5,during,2,oe-006,1.0,3,0.0,0.0,vector_first,0.141,0.147,0.42092,0.027,ancestor_reuse,True
generated_exact_oracle,tridb_live,0.0,1.0,29.0,,31.0,openevolve,1.0,1.0,1,False,31,0.752944,0.7676284,0.7689336800000001,1.0,vector_first-ae5e5305d255,during,2,oe-006,0.5,3,0.0,0.0,vector_first,0.142,0.148,0.43026000000000003,0.02,ancestor_reuse,True
generated_exact_oracle,tridb_live,0.0,0.0,29.0,,1.0,openevolve,0.0,0.0,5,False,1,0.58232,0.8096798,0.8298895599999999,0.0,vector_first-bbed0b0c4edb,post,2,oe-006,0.0,3,0.0,0.0,vector_first,0.086,0.0,0.47231999999999996,0.024,ancestor_reuse,True
generated_exact_oracle,tridb_live,0.0,0.0,29.0,,1.0,openevolve,0.0,0.0,1,False,1,0.550011,0.5858724,0.58906008,0.0,vector_first-c1efa57fb2c2,post,2,oe-006,0.0,3,0.0,0.0,vector_first,0.084,0.0,0.45201100000000005,0.02,ancestor_reuse,True
generated_exact_oracle,tridb_live,0.0,1.0,29.0,,10.0,openevolve,0.0,0.0,3,False,10,0.55422,0.5719626000000001,0.5735397200000001,0.0,vector_first-c254a691f33b,post,2,oe-006,0.0,3,0.0,0.0,vector_first,0.084,0.021,0.42693400000000004,0.02,ancestor_reuse,True
generated_exact_oracle,tridb_live,0.0,2.0,29.0,,20.0,openevolve,1.0,1.0,2,False,20,0.553286,0.5602052,0.56082024,1.0,vector_first-c9c7dff0ae35,post,2,oe-006,1.0,3,0.0,0.0,vector_first,0.091,0.031,0.40897399999999995,0.016,ancestor_reuse,True
generated_exact_oracle,tridb_live,0.0,1.0,29.0,,20.0,openevolve,1.0,1.0,1,False,20,0.539423,0.5607709999999999,0.5626686,1.0,vector_first-ce905df43902,post,2,oe-006,0.5,3,0.0,0.0,vector_first,0.09,0.018,0.41914299999999993,0.015,ancestor_reuse,True
generated_exact_oracle,tridb_live,0.0,0.0,29.0,,5.0,openevolve,0.0,0.0,5,False,5,0.611376,1.6329759,1.72378478,0.0,vector_first-d746def0ad41,post,2,oe-006,0.0,3,0.0,0.0,vector_first,0.098,0.0,0.48737600000000003,0.026,ancestor_reuse,True
generated_exact_oracle,tridb_live,0.0,2.0,29.0,,31.0,openevolve,1.0,1.0,2,False,31,0.576998,0.5860394,0.58684308,1.0,vector_first-e1291c2e8845,post,2,oe-006,1.0,3,0.0,0.0,vector_first,0.119,0.033,0.40564,0.017,ancestor_reuse,True
generated_exact_oracle,tridb_live,0.0,4.0,29.0,,20.0,openevolve,0.0,1.0,5,False,20,0.891907,1.0522528,1.0665057599999999,0.3333333333333333,vector_first-e83511f32e02,during,2,oe-006,1.0,3,0.0,0.0,vector_first,0.139,0.126,0.5929070000000001,0.027,ancestor_reuse,True
generated_exact_oracle,tridb_live,0.0,0.0,29.0,,8.0,openevolve,0.0,0.0,2,True,8,0.549919,0.5678263,0.56941806,0.0,vector_first-ebaeb868fc9b,post,2,oe-006,0.0,3,0.0,0.0,vector_first,0.091,0.0,0.439373,0.019,ancestor_reuse,True
generated_exact_oracle,tridb_live,0.0,0.0,29.0,,5.0,openevolve,0.0,0.0,1,False,5,0.638142,0.6575837999999999,0.65931196,0.0,vector_first-f0a58d413e0f,during,2,oe-006,0.0,3,0.0,0.0,vector_first,0.091,0.079,0.442744,0.018,ancestor_reuse,True
generated_exact_oracle,tridb_live,0.0,5.0,29.0,,31.0,openevolve,0.0,1.0,5,False,31,0.665081,0.8823734,0.90168828,0.3333333333333333,vector_first-f0db45cb5ec3,post,2,oe-006,1.0,3,0.0,0.0,vector_first,0.139,0.08,0.42408100000000004,0.022,ancestor_reuse,True
generated_exact_oracle,tridb_live,0.0,1.0,29.0,,10.0,openevolve,0.0,0.0,5,False,10,0.657432,0.6725078999999999,0.67384798,0.0,vector_first-f99672c00fed,during,2,oe-006,0.0,3,0.0,0.0,vector_first,0.097,0.102,0.426346,0.029,ancestor_reuse,True
generated_exact_oracle,tridb_live,0.0,1.0,1.0,,1.0,openevolve,1.0,1.0,3,False,20,0.626844,0.745401,0.7559393999999999,1.0,filter_first-03c0190c958c,pre,2,oe-007,1.0,3,0.0,0.0,filter_first,0.13,0.0,0.514521,0.031,sibling_comparison,True
generated_exact_oracle,tridb_live,0.0,1.0,1.0,,1.0,openevolve,1.0,1.0,5,False,1,0.491323,0.4916857,0.49171794,1.0,filter_first-0b936184cc1f,pre,2,oe-007,1.0,3,0.0,0.0,filter_first,0.058,0.0,0.416323,0.016,sibling_comparison,True
generated_exact_oracle,tridb_live,0.0,1.0,1.0,,1.0,openevolve,1.0,1.0,3,False,10,0.490393,0.5045499999999999,0.5058083999999999,1.0,filter_first-100fc75abb62,pre,2,oe-007,1.0,3,0.0,0.0,filter_first,0.063,0.0,0.410393,0.016,sibling_comparison,True
generated_exact_oracle,tridb_live,0.0,1.0,1.0,,1.0,openevolve,1.0,1.0,5,False,31,0.537611,0.570704,0.5736456,1.0,filter_first-18c5ab755e0f,pre,2,oe-007,1.0,3,0.0,0.0,filter_first,0.086,0.0,0.43161099999999997,0.02,sibling_comparison,True
generated_exact_oracle,tridb_live,0.0,1.0,1.0,,1.0,openevolve,1.0,1.0,3,False,5,0.52261,0.5401897,0.54175234,1.0,filter_first-1bcb17c507ca,pre,2,oe-007,1.0,3,0.0,0.0,filter_first,0.075,0.0,0.43261000000000005,0.019,sibling_comparison,True
generated_exact_oracle,tridb_live,0.0,0.0,1.0,,1.0,openevolve,0.0,0.0,1,False,20,0.509001,0.5259507,0.52745734,0.0,filter_first-1cad3c1573b2,pre,2,oe-007,0.0,3,0.0,0.0,filter_first,0.062,0.0,0.432001,0.015,sibling_comparison,True
generated_exact_oracle,tridb_live,0.0,1.0,1.0,,1.0,openevolve,1.0,1.0,5,False,5,0.511259,0.5130958999999999,0.5132591799999999,1.0,filter_first-31743712ac49,pre,2,oe-007,1.0,3,0.0,0.0,filter_first,0.068,0.0,0.4243,0.016,sibling_comparison,True
generated_exact_oracle,tridb_live,0.0,1.0,1.0,,1.0,openevolve,1.0,1.0,2,False,1,0.482088,0.4965582,0.49784444,1.0,filter_first-3a7f1025f729,pre,2,oe-007,1.0,3,0.0,0.0,filter_first,0.051,0.0,0.414088,0.017,sibling_comparison,True
generated_exact_oracle,tridb_live,0.0,1.0,1.0,,1.0,openevolve,1.0,1.0,2,False,20,0.493595,0.4973966,0.49773452,1.0,filter_first-46ec65dc7fea,pre,2,oe-007,1.0,3,0.0,0.0,filter_first,0.058,0.0,0.422595,0.015,sibling_comparison,True
generated_exact_oracle,tridb_live,0.0,1.0,1.0,,1.0,openevolve,1.0,1.0,3,False,1,0.487232,0.5031701,0.50458682,1.0,filter_first-68e8f1c34182,pre,2,oe-007,1.0,3,0.0,0.0,filter_first,0.054,0.0,0.416232,0.016,sibling_comparison,True
generated_exact_oracle,tridb_live,0.0,0.0,1.0,,1.0,openevolve,0.0,0.0,1,False,10,0.530258,0.5953253,0.60110906,0.0,filter_first-8532bb36e741,pre,2,oe-007,0.0,3,0.0,0.0,filter_first,0.084,0.0,0.428258,0.018,sibling_comparison,True
generated_exact_oracle,tridb_live,0.0,0.0,1.0,,1.0,openevolve,0.0,0.0,1,False,5,0.549998,1.7323982,1.8375004400000001,0.0,filter_first-8699218b4a03,pre,2,oe-007,0.0,3,0.0,0.0,filter_first,0.092,0.0,0.435998,0.022,sibling_comparison,True
generated_exact_oracle,tridb_live,0.0,1.0,1.0,,1.0,openevolve,1.0,1.0,2,False,10,0.502688,0.508529,0.5090482000000001,1.0,filter_first-88d1f0b4340a,pre,2,oe-007,1.0,3,0.0,0.0,filter_first,0.06,0.0,0.425178,0.016,sibling_comparison,True
generated_exact_oracle,tridb_live,0.0,1.0,1.0,,1.0,openevolve,1.0,1.0,2,False,5,0.517429,0.5275477000000001,0.52844714,1.0,filter_first-bb7c33f6d989,pre,2,oe-007,1.0,3,0.0,0.0,filter_first,0.077,0.0,0.42142900000000005,0.019,sibling_comparison,True
generated_exact_oracle,tridb_live,0.0,0.0,1.0,,1.0,openevolve,0.0,0.0,1,False,31,0.521142,0.5307918,0.53164956,0.0,filter_first-be38ca0c5e18,pre,2,oe-007,0.0,3,0.0,0.0,filter_first,0.077,0.0,0.4279470000000001,0.02,sibling_comparison,True
generated_exact_oracle,tridb_live,0.0,1.0,1.0,,1.0,openevolve,1.0,1.0,3,False,31,0.492999,0.4970832,0.49744624,1.0,filter_first-cd32452ab5b9,pre,2,oe-007,1.0,3,0.0,0.0,filter_first,0.064,0.0,0.412537,0.017,sibling_comparison,True
generated_exact_oracle,tridb_live,0.0,1.0,1.0,,1.0,openevolve,1.0,1.0,2,False,31,0.602557,1.0158496,1.05258672,1.0,filter_first-ce8f691a5541,pre,2,oe-007,1.0,3,0.0,0.0,filter_first,0.095,0.0,0.490557,0.017,sibling_comparison,True
generated_exact_oracle,tridb_live,0.0,1.0,1.0,,1.0,openevolve,1.0,1.0,5,False,10,0.494936,0.5145622999999999,0.5163068599999999,1.0,filter_first-dac925d86324,pre,2,oe-007,1.0,3,0.0,0.0,filter_first,0.055,0.0,0.420743,0.015,sibling_comparison,True
generated_exact_oracle,tridb_live,0.0,1.0,1.0,,1.0,openevolve,1.0,1.0,5,False,20,0.530353,0.5606371,0.56332902,1.0,filter_first-dc7fbfdd08ef,pre,2,oe-007,1.0,3,0.0,0.0,filter_first,0.082,0.0,0.43106,0.02,sibling_comparison,True
generated_exact_oracle,tridb_live,0.0,0.0,1.0,,1.0,openevolve,0.0,0.0,1,False,1,0.513032,0.5146664,0.51481168,0.0,filter_first-ef43b60e2e3b,pre,2,oe-007,0.0,3,0.0,0.0,filter_first,0.058,0.0,0.427886,0.018,sibling_comparison,True
generated_exact_oracle,tridb_live,0.0,1.0,1.0,,,openevolve,1.0,1.0,5,False,31,0.605517,0.6190827,0.62028854,1.0,traverse_first-025d91062f7e,post,2,oe-007,1.0,3,0.0,0.0,traverse_first,0.003,0.141,0.431517,0.03,sibling_comparison,True
generated_exact_oracle,tridb_live,0.0,1.0,1.0,,,openevolve,1.0,1.0,5,False,20,0.598711,0.6004128999999999,0.60056418,1.0,traverse_first-08ab08ac3fd6,post,2,oe-007,1.0,3,0.0,0.0,traverse_first,0.003,0.134,0.4332889999999999,0.027,sibling_comparison,True
generated_exact_oracle,tridb_live,0.0,1.0,1.0,,,openevolve,1.0,1.0,3,False,20,0.622537,0.9923055999999999,1.0251739199999998,1.0,traverse_first-0ce2265627bb,during,2,oe-007,1.0,3,0.0,0.0,traverse_first,0.003,0.134,0.440615,0.021,sibling_comparison,True
generated_exact_oracle,tridb_live,0.0,0.0,1.0,,,openevolve,0.0,0.0,1,False,1,0.48737,0.5176495999999999,0.52034112,0.0,traverse_first-0e65f761853b,during,2,oe-007,0.0,3,0.0,0.0,traverse_first,0.0,0.039,0.43137000000000003,0.017,sibling_comparison,True
generated_exact_oracle,tridb_live,0.0,1.0,1.0,,,openevolve,1.0,1.0,2,False,1,0.519218,0.5257394000000001,0.52631908,1.0,traverse_first-1401f30333f9,post,2,oe-007,1.0,3,0.0,0.0,traverse_first,0.003,0.072,0.42546400000000006,0.017,sibling_comparison,True
generated_exact_oracle,tridb_live,0.0,0.0,1.0,,,openevolve,0.0,0.0,1,False,31,0.510834,0.8262497999999999,0.8542867599999999,0.0,traverse_first-15ea918cf3ed,during,2,oe-007,0.0,3,0.0,0.0,traverse_first,0.0,0.033,0.456834,0.02,sibling_comparison,True
generated_exact_oracle,tridb_live,0.0,1.0,1.0,,,openevolve,1.0,1.0,2,False,31,0.548726,0.561758,0.5629164,1.0,traverse_first-181bab948b21,post,2,oe-007,1.0,3,0.0,0.0,traverse_first,0.003,0.073,0.4547260000000001,0.018,sibling_comparison,True
generated_exact_oracle,tridb_live,0.0,0.0,1.0,,,openevolve,0.0,0.0,1,False,5,0.780948,0.781875,0.7819573999999999,0.0,traverse_first-2ef9d31e2115,during,2,oe-007,0.0,3,0.0,0.0,traverse_first,0.0,0.029,0.7209779999999999,0.017,sibling_comparison,True
generated_exact_oracle,tridb_live,0.0,0.0,1.0,,,openevolve,0.0,0.0,1,False,31,0.487103,0.4872119,0.48722158,0.0,traverse_first-337d9b2cc0f4,post,2,oe-007,0.0,3,0.0,0.0,traverse_first,0.0,0.026,0.442103,0.014,sibling_comparison,True
generated_exact_oracle,tridb_live,0.0,1.0,1.0,,,openevolve,1.0,1.0,3,False,20,0.604528,0.6165529,0.61762178,1.0,traverse_first-488fa7065b52,post,2,oe-007,1.0,3,0.0,0.0,traverse_first,0.003,0.129,0.45252799999999993,0.022,sibling_comparison,True
generated_exact_oracle,tridb_live,0.0,1.0,1.0,,,openevolve,1.0,1.0,5,False,1,0.640163,0.8871653,0.90912106,1.0,traverse_first-49ace1949b9b,during,2,oe-007,1.0,3,0.0,0.0,traverse_first,0.003,0.156,0.43215099999999995,0.03,sibling_comparison,True
generated_exact_oracle,tridb_live,0.0,1.0,1.0,,,openevolve,1.0,1.0,3,False,1,0.586752,0.9086568,0.9372705600000001,1.0,traverse_first-4ee862e3f54f,during,2,oe-007,1.0,3,0.0,0.0,traverse_first,0.003,0.141,0.43901199999999996,0.022,sibling_comparison,True
generated_exact_oracle,tridb_live,0.0,1.0,1.0,,,openevolve,1.0,1.0,3,False,10,0.601289,0.6869491999999999,0.6945634399999999,1.0,traverse_first-520420e3895b,post,2,oe-007,1.0,3,0.0,0.0,traverse_first,0.003,0.138,0.43728899999999993,0.023,sibling_comparison,True
generated_exact_oracle,tridb_live,0.0,1.0,1.0,,,openevolve,1.0,1.0,5,False,5,0.589306,0.5927431,0.59304862,1.0,traverse_first-58584ddc9129,post,2,oe-007,1.0,3,0.0,0.0,traverse_first,0.002,0.134,0.42508099999999993,0.029,sibling_comparison,True
generated_exact_oracle,tridb_live,0.0,1.0,1.0,,,openevolve,1.0,1.0,2,False,10,0.530236,0.5473351000000001,0.5488550200000001,1.0,traverse_first-5be44627d46d,post,2,oe-007,1.0,3,0.0,0.0,traverse_first,0.002,0.075,0.43423600000000007,0.021,sibling_comparison,True
generated_exact_oracle,tridb_live,0.0,1.0,1.0,,,openevolve,1.0,1.0,2,False,20,0.510575,0.5201815999999999,0.52103552,1.0,traverse_first-5dac164247a2,post,2,oe-007,1.0,3,0.0,0.0,traverse_first,0.002,0.073,0.418249,0.017,sibling_comparison,True
generated_exact_oracle,tridb_live,0.0,1.0,1.0,,,openevolve,1.0,1.0,5,False,20,0.626472,0.671328,0.6753152,1.0,traverse_first-62b9b3f6c548,during,2,oe-007,1.0,3,0.0,0.0,traverse_first,0.003,0.149,0.455472,0.032,sibling_comparison,True
generated_exact_oracle,tridb_live,0.0,0.0,1.0,,,openevolve,0.0,0.0,1,False,20,0.461259,0.4632381,0.46341402,0.0,traverse_first-6e5585f7fa7d,during,2,oe-007,0.0,3,0.0,0.0,traverse_first,0.0,0.025,0.422259,0.015,sibling_comparison,True
generated_exact_oracle,tridb_live,0.0,1.0,1.0,,,openevolve,1.0,1.0,3,False,1,0.563263,0.5726599,0.57349518,1.0,traverse_first-70d454e2e64f,post,2,oe-007,1.0,3,0.0,0.0,traverse_first,0.002,0.132,0.41394,0.018,sibling_comparison,True
generated_exact_oracle,tridb_live,0.0,0.0,1.0,,,openevolve,0.0,0.0,1,False,20,0.457486,0.4593643,0.45953126,0.0,traverse_first-76359c42693a,post,2,oe-007,0.0,3,0.0,0.0,traverse_first,0.0,0.026,0.416486,0.014,sibling_comparison,True
generated_exact_oracle,tridb_live,0.0,1.0,1.0,,,openevolve,1.0,1.0,3,False,31,0.637628,0.6415979,0.64195078,1.0,traverse_first-782e67473b54,during,2,oe-007,1.0,3,0.0,0.0,traverse_first,0.004,0.131,0.44862799999999997,0.022,sibling_comparison,True
generated_exact_oracle,tridb_live,0.0,1.0,1.0,,,openevolve,1.0,1.0,3,False,5,0.561081,0.5928636,0.5956887200000001,1.0,traverse_first-79ee91cd021b,post,2,oe-007,1.0,3,0.0,0.0,traverse_first,0.002,0.121,0.41508100000000003,0.022,sibling_comparison,True
generated_exact_oracle,tridb_live,0.0,0.0,1.0,,,openevolve,0.0,0.0,1,False,10,0.680301,0.7472826,0.75323652,0.0,traverse_first-7e45a5be9de9,post,2,oe-007,0.0,3,0.0,0.0,traverse_first,0.0,0.069,0.5723010000000001,0.039,sibling_comparison,True
generated_exact_oracle,tridb_live,0.0,1.0,1.0,,,openevolve,1.0,1.0,5,False,1,0.924748,0.9458044,0.94767608,1.0,traverse_first-83bddfb7afc0,post,2,oe-007,1.0,3,0.0,0.0,traverse_first,0.004,0.155,0.734682,0.032,sibling_comparison,True
generated_exact_oracle,tridb_live,0.0,1.0,1.0,,,openevolve,1.0,1.0,3,False,10,0.599094,0.6141096,0.61544432,1.0,traverse_first-85c5a61d5cac,during,2,oe-007,1.0,3,0.0,0.0,traverse_first,0.002,0.127,0.426153,0.021,sibling_comparison,True
generated_exact_oracle,tridb_live,0.0,1.0,1.0,,,openevolve,1.0,1.0,5,False,5,0.592248,0.5945573999999999,0.59476268,1.0,traverse_first-8601c73b4d10,during,2,oe-007,1.0,3,0.0,0.0,traverse_first,0.002,0.146,0.414248,0.027,sibling_comparison,True
generated_exact_oracle,tridb_live,0.0,1.0,1.0,,,openevolve,1.0,1.0,3,False,5,0.576181,0.6257683,0.63017606,1.0,traverse_first-89a453d84bbf,during,2,oe-007,1.0,3,0.0,0.0,traverse_first,0.003,0.126,0.42818100000000003,0.024,sibling_comparison,True
generated_exact_oracle,tridb_live,0.0,0.0,1.0,,,openevolve,0.0,0.0,1,False,10,0.738655,1.4981190999999998,1.56562702,0.0,traverse_first-8d055dcb7096,during,2,oe-007,0.0,3,0.0,0.0,traverse_first,0.0,0.078,0.620655,0.044,sibling_comparison,True
generated_exact_oracle,tridb_live,0.0,1.0,1.0,,,openevolve,1.0,1.0,2,False,31,0.551345,0.5678951,0.5693662199999999,1.0,traverse_first-90c6f45e3991,during,2,oe-007,1.0,3,0.0,0.0,traverse_first,0.004,0.083,0.459345,0.019,sibling_comparison,True
generated_exact_oracle,tridb_live,0.0,1.0,1.0,,,openevolve,1.0,1.0,2,False,1,0.524642,0.5548622000000001,0.55754844,1.0,traverse_first-92d6d9491887,during,2,oe-007,1.0,3,0.0,0.0,traverse_first,0.003,0.079,0.4236420000000001,0.019,sibling_comparison,True
generated_exact_oracle,tridb_live,0.0,0.0,1.0,,,openevolve,0.0,0.0,1,False,1,0.507842,0.6867530000000001,0.7026562000000001,0.0,traverse_first-a6e5d14e469b,post,2,oe-007,0.0,3,0.0,0.0,traverse_first,0.0,0.044,0.441842,0.022,sibling_comparison,True
generated_exact_oracle,tridb_live,0.0,1.0,1.0,,,openevolve,1.0,1.0,2,False,5,0.794979,0.7985924999999999,0.7989137,1.0,traverse_first-b279d6126ea0,post,2,oe-007,1.0,3,0.0,0.0,traverse_first,0.002,0.07,0.700994,0.022,sibling_comparison,True
generated_exact_oracle,tridb_live,0.0,1.0,1.0,,,openevolve,1.0,1.0,3,False,31,0.619231,0.671062,0.6756692,1.0,traverse_first-b8c2c2ac41e4,post,2,oe-007,1.0,3,0.0,0.0,traverse_first,0.003,0.141,0.446231,0.025,sibling_comparison,True
generated_exact_oracle,tridb_live,0.0,1.0,1.0,,,openevolve,1.0,1.0,2,False,5,0.805133,0.820073,0.821401,1.0,traverse_first-cccdd3ed958f,during,2,oe-007,1.0,3,0.0,0.0,traverse_first,0.003,0.072,0.710133,0.02,sibling_comparison,True
generated_exact_oracle,tridb_live,0.0,1.0,1.0,,,openevolve,1.0,1.0,5,False,31,0.637043,0.6435329,0.64410978,1.0,traverse_first-d56cf7e61a35,during,2,oe-007,1.0,3,0.0,0.0,traverse_first,0.003,0.154,0.43725400000000003,0.034,sibling_comparison,True
generated_exact_oracle,tridb_live,0.0,1.0,1.0,,,openevolve,1.0,1.0,5,False,10,0.631238,0.632066,0.6321396,1.0,traverse_first-df19a1a33fe5,during,2,oe-007,1.0,3,0.0,0.0,traverse_first,0.002,0.148,0.43623799999999996,0.031,sibling_comparison,True
generated_exact_oracle,tridb_live,0.0,1.0,1.0,,,openevolve,1.0,1.0,5,False,10,0.598589,0.5988266,0.59884772,1.0,traverse_first-e036b666ccda,post,2,oe-007,1.0,3,0.0,0.0,traverse_first,0.004,0.141,0.418083,0.028,sibling_comparison,True
generated_exact_oracle,tridb_live,0.0,1.0,1.0,,,openevolve,1.0,1.0,2,False,20,0.516227,0.5236268000000001,0.52428456,1.0,traverse_first-e4d7ef105a79,during,2,oe-007,1.0,3,0.0,0.0,traverse_first,0.003,0.072,0.41927800000000004,0.017,sibling_comparison,True
generated_exact_oracle,tridb_live,0.0,0.0,1.0,,,openevolve,0.0,0.0,1,False,5,0.797271,0.8305233,0.83347906,0.0,traverse_first-f0fdb2bba196,post,2,oe-007,0.0,3,0.0,0.0,traverse_first,0.0,0.04,0.737271,0.02,sibling_comparison,True
generated_exact_oracle,tridb_live,0.0,1.0,1.0,,,openevolve,1.0,1.0,2,False,10,0.572149,0.7844616999999999,0.80333394,1.0,traverse_first-f9b36ac9da92,during,2,oe-007,1.0,3,0.0,0.0,traverse_first,0.006,0.091,0.452149,0.029,sibling_comparison,True
generated_exact_oracle,tridb_live,0.0,0.0,1.0,,5.0,openevolve,0.0,0.0,5,False,5,0.582209,0.6235027999999999,0.6271733599999999,0.0,vector_first-022628fa8c07,during,2,oe-007,0.0,3,0.0,0.0,vector_first,0.069,0.094,0.41920899999999994,0.0,sibling_comparison,True
generated_exact_oracle,tridb_live,0.0,1.0,1.0,,31.0,openevolve,1.0,1.0,3,False,31,0.688265,0.7289828,0.73260216,1.0,vector_first-02563f96566e,post,2,oe-007,1.0,3,0.0,0.0,vector_first,0.122,0.114,0.43750700000000003,0.022,sibling_comparison,True
generated_exact_oracle,tridb_live,0.0,1.0,1.0,,31.0,openevolve,1.0,1.0,2,False,31,0.804133,0.8783074000000001,0.88490068,1.0,vector_first-0d6433b7dd6b,during,2,oe-007,1.0,3,0.0,0.0,vector_first,0.166,0.187,0.426133,0.019,sibling_comparison,True
generated_exact_oracle,tridb_live,0.0,0.0,1.0,,1.0,openevolve,0.0,0.0,3,False,1,0.533848,0.5347741,0.53485642,0.0,vector_first-17479e220710,post,2,oe-007,0.0,3,0.0,0.0,vector_first,0.074,0.0,0.42459699999999995,0.022,sibling_comparison,True
generated_exact_oracle,tridb_live,0.0,0.0,1.0,,20.0,openevolve,0.0,0.0,3,False,20,0.647436,0.6490515,0.6491951,0.0,vector_first-181f342b270a,post,2,oe-007,0.0,3,0.0,0.0,vector_first,0.125,0.036,0.450436,0.031,sibling_comparison,True
generated_exact_oracle,tridb_live,0.0,0.0,1.0,,1.0,openevolve,0.0,0.0,3,False,1,0.50641,0.5109658,0.51137076,0.0,vector_first-1af22faa6077,during,2,oe-007,0.0,3,0.0,0.0,vector_first,0.058,0.029,0.41547200000000006,0.0,sibling_comparison,True
generated_exact_oracle,tridb_live,0.0,0.0,1.0,,10.0,openevolve,0.0,0.0,3,False,10,0.660757,0.6820860999999999,0.68398202,0.0,vector_first-1f98d69fd4bb,during,2,oe-007,0.0,3,0.0,0.0,vector_first,0.105,0.136,0.41975700000000005,0.0,sibling_comparison,True
generated_exact_oracle,tridb_live,0.0,0.0,1.0,,20.0,openevolve,0.0,0.0,2,False,20,0.709123,0.7220659,0.72321638,0.0,vector_first-27d19d1f923e,during,2,oe-007,0.0,3,0.0,0.0,vector_first,0.116,0.163,0.42884,0.0,sibling_comparison,True
generated_exact_oracle,tridb_live,0.0,0.0,1.0,,10.0,openevolve,0.0,0.0,5,False,10,0.754288,0.7735957,0.77531194,0.0,vector_first-3b5ba3173bf9,post,2,oe-007,0.0,3,0.0,0.0,vector_first,0.119,0.094,0.466741,0.046,sibling_comparison,True
generated_exact_oracle,tridb_live,0.0,0.0,1.0,,10.0,openevolve,0.0,0.0,1,False,10,0.527431,0.5312218,0.53155876,0.0,vector_first-404f84e6a5f4,post,2,oe-007,0.0,3,0.0,0.0,vector_first,0.079,0.0,0.423431,0.018,sibling_comparison,True
generated_exact_oracle,tridb_live,0.0,0.0,1.0,,20.0,openevolve,0.0,0.0,1,False,20,0.722973,0.7560317999999999,0.75897036,0.0,vector_first-4c96de282a3c,during,2,oe-007,0.0,3,0.0,0.0,vector_first,0.132,0.155,0.435973,0.0,sibling_comparison,True
generated_exact_oracle,tridb_live,0.0,0.0,1.0,,5.0,openevolve,0.0,0.0,1,False,5,0.490234,0.5079199,0.5094919800000001,0.0,vector_first-539cd672e6b6,post,2,oe-007,0.0,3,0.0,0.0,vector_first,0.062,0.0,0.413234,0.015,sibling_comparison,True
generated_exact_oracle,tridb_live,0.0,1.0,1.0,,31.0,openevolve,1.0,1.0,3,False,31,0.7962,1.0395087,1.0611361400000001,1.0,vector_first-55a4789c3974,during,2,oe-007,1.0,3,0.0,0.0,vector_first,0.126,0.17,0.4582,0.018,sibling_comparison,True
generated_exact_oracle,tridb_live,0.0,0.0,1.0,,5.0,openevolve,0.0,0.0,2,False,5,0.564887,0.572402,0.57307,0.0,vector_first-7462d459aaf5,during,2,oe-007,0.0,3,0.0,0.0,vector_first,0.061,0.094,0.406887,0.0,sibling_comparison,True
generated_exact_oracle,tridb_live,0.0,0.0,1.0,,20.0,openevolve,0.0,0.0,5,False,20,0.655667,0.6622757,0.66286314,0.0,vector_first-769ad60b254f,post,2,oe-007,0.0,3,0.0,0.0,vector_first,0.113,0.08,0.429667,0.034,sibling_comparison,True
generated_exact_oracle,tridb_live,0.0,0.0,1.0,,1.0,openevolve,0.0,0.0,2,False,1,0.509043,0.540579,0.5433822,0.0,vector_first-79d7f13154dd,post,2,oe-007,0.0,3,0.0,0.0,vector_first,0.062,0.0,0.428043,0.019,sibling_comparison,True
generated_exact_oracle,tridb_live,0.0,0.0,1.0,,20.0,openevolve,0.0,0.0,3,False,20,0.692856,0.7425855,0.7470059,0.0,vector_first-7a75fc9fb9ab,during,2,oe-007,0.0,3,0.0,0.0,vector_first,0.11,0.158,0.422744,0.0,sibling_comparison,True
generated_exact_oracle,tridb_live,0.0,0.0,1.0,,31.0,openevolve,0.0,0.0,1,False,31,0.572852,0.5898737,0.59138674,0.0,vector_first-7e723fa35fd9,post,2,oe-007,0.0,3,0.0,0.0,vector_first,0.114,0.024,0.419852,0.016,sibling_comparison,True
generated_exact_oracle,tridb_live,0.0,0.0,1.0,,1.0,openevolve,0.0,0.0,5,False,1,0.497056,0.5116774000000001,0.5129770800000001,0.0,vector_first-8549959dfc39,during,2,oe-007,0.0,3,0.0,0.0,vector_first,0.057,0.026,0.41430200000000006,0.0,sibling_comparison,True
generated_exact_oracle,tridb_live,0.0,0.0,1.0,,1.0,openevolve,0.0,0.0,2,False,1,0.513264,0.5189835,0.5194919,0.0,vector_first-8735078935c5,during,2,oe-007,0.0,3,0.0,0.0,vector_first,0.059,0.028,0.4206190000000001,0.0,sibling_comparison,True
generated_exact_oracle,tridb_live,0.0,0.0,1.0,,5.0,openevolve,0.0,0.0,3,False,5,0.618581,0.8859269,0.90969098,0.0,vector_first-8773821ec9c7,during,2,oe-007,0.0,3,0.0,0.0,vector_first,0.084,0.094,0.4125810000000001,0.0,sibling_comparison,True
generated_exact_oracle,tridb_live,0.0,0.0,1.0,,10.0,openevolve,0.0,0.0,1,False,10,0.635089,0.6434743,0.6442196600000001,0.0,vector_first-879c2f5ec6a7,during,2,oe-007,0.0,3,0.0,0.0,vector_first,0.096,0.132,0.41608900000000004,0.0,sibling_comparison,True
generated_exact_oracle,tridb_live,0.0,0.0,1.0,,10.0,openevolve,0.0,0.0,2,False,10,0.642969,0.7533045,0.7631121000000001,0.0,vector_first-9e027ae921ee,during,2,oe-007,0.0,3,0.0,0.0,vector_first,0.089,0.123,0.425525,0.0,sibling_comparison,True
generated_exact_oracle,tridb_live,0.0,0.0,1.0,,1.0,openevolve,0.0,0.0,1,False,1,0.541702,0.5995225,0.6046621,0.0,vector_first-9f2a495d4986,during,2,oe-007,0.0,3,0.0,0.0,vector_first,0.082,0.036,0.421702,0.0,sibling_comparison,True
generated_exact_oracle,tridb_live,0.0,0.0,1.0,,5.0,openevolve,0.0,0.0,2,False,5,0.520629,0.5337231,0.53488702,0.0,vector_first-a5b8d6da0107,post,2,oe-007,0.0,3,0.0,0.0,vector_first,0.083,0.0,0.42062900000000003,0.02,sibling_comparison,True
generated_exact_oracle,tridb_live,0.0,0.0,1.0,,5.0,openevolve,0.0,0.0,3,False,5,0.561612,0.5822283,0.58406086,0.0,vector_first-a6608b0002af,post,2,oe-007,0.0,3,0.0,0.0,vector_first,0.09,0.0,0.442685,0.023,sibling_comparison,True
generated_exact_oracle,tridb_live,0.0,0.0,1.0,,10.0,openevolve,0.0,0.0,2,False,10,0.526208,0.5276426,0.52777012,0.0,vector_first-a802c228be07,post,2,oe-007,0.0,3,0.0,0.0,vector_first,0.077,0.0,0.415871,0.019,sibling_comparison,True
generated_exact_oracle,tridb_live,0.0,1.0,1.0,,31.0,openevolve,1.0,1.0,5,False,31,0.813215,0.8606468,0.8648629600000001,1.0,vector_first-a9f78619c4c5,during,2,oe-007,1.0,3,0.0,0.0,vector_first,0.165,0.18,0.46321399999999996,0.022,sibling_comparison,True
generated_exact_oracle,tridb_live,0.0,0.0,1.0,,31.0,openevolve,0.0,0.0,1,False,31,0.793807,0.8227573,0.82533066,0.0,vector_first-ae5e5305d255,during,2,oe-007,0.0,3,0.0,0.0,vector_first,0.139,0.187,0.42897399999999997,0.021,sibling_comparison,True
generated_exact_oracle,tridb_live,0.0,0.0,1.0,,1.0,openevolve,0.0,0.0,5,False,1,0.519017,0.5404622,0.5423684400000001,0.0,vector_first-bbed0b0c4edb,post,2,oe-007,0.0,3,0.0,0.0,vector_first,0.069,0.0,0.42297000000000007,0.028,sibling_comparison,True
generated_exact_oracle,tridb_live,0.0,0.0,1.0,,1.0,openevolve,0.0,0.0,1,False,1,0.514108,0.5174983,0.51779966,0.0,vector_first-c1efa57fb2c2,post,2,oe-007,0.0,3,0.0,0.0,vector_first,0.06,0.0,0.43287499999999995,0.017,sibling_comparison,True
generated_exact_oracle,tridb_live,0.0,0.0,1.0,,10.0,openevolve,0.0,0.0,3,False,10,0.551072,0.5531474000000001,0.55333188,0.0,vector_first-c254a691f33b,post,2,oe-007,0.0,3,0.0,0.0,vector_first,0.084,0.024,0.418038,0.024,sibling_comparison,True
generated_exact_oracle,tridb_live,0.0,0.0,1.0,,20.0,openevolve,0.0,0.0,2,False,20,0.560106,0.6324434999999999,0.6388735,0.0,vector_first-c9c7dff0ae35,post,2,oe-007,0.0,3,0.0,0.0,vector_first,0.109,0.0,0.42623500000000003,0.022,sibling_comparison,True
generated_exact_oracle,tridb_live,0.0,0.0,1.0,,20.0,openevolve,0.0,0.0,1,False,20,0.583305,0.5837055,0.5837411,0.0,vector_first-ce905df43902,post,2,oe-007,0.0,3,0.0,0.0,vector_first,0.112,0.0,0.44430499999999995,0.02,sibling_comparison,True
generated_exact_oracle,tridb_live,0.0,0.0,1.0,,5.0,openevolve,0.0,0.0,5,False,5,0.581948,0.6012719000000001,0.60298958,0.0,vector_first-d746def0ad41,post,2,oe-007,0.0,3,0.0,0.0,vector_first,0.084,0.045,0.42641900000000005,0.033,sibling_comparison,True
generated_exact_oracle,tridb_live,0.0,1.0,1.0,,31.0,openevolve,1.0,1.0,2,False,31,0.606952,0.6339322,0.6363304399999999,1.0,vector_first-e1291c2e8845,post,2,oe-007,1.0,3,0.0,0.0,vector_first,0.114,0.059,0.417889,0.018,sibling_comparison,True
generated_exact_oracle,tridb_live,0.0,0.0,1.0,,20.0,openevolve,0.0,0.0,5,False,20,0.682508,0.6989204,0.70037928,0.0,vector_first-e83511f32e02,during,2,oe-007,0.0,3,0.0,0.0,vector_first,0.107,0.159,0.417512,0.0,sibling_comparison,True
generated_exact_oracle,tridb_live,0.0,0.0,1.0,,8.0,openevolve,0.0,0.0,2,True,8,0.521564,0.5440073,0.54600226,0.0,vector_first-ebaeb868fc9b,post,2,oe-007,0.0,3,0.0,0.0,vector_first,0.075,0.0,0.420501,0.018,sibling_comparison,True
generated_exact_oracle,tridb_live,0.0,0.0,1.0,,5.0,openevolve,0.0,0.0,1,False,5,0.6102,0.6225849,0.62368578,0.0,vector_first-f0a58d413e0f,during,2,oe-007,0.0,3,0.0,0.0,vector_first,0.077,0.095,0.411667,0.0,sibling_comparison,True
generated_exact_oracle,tridb_live,0.0,1.0,1.0,,31.0,openevolve,1.0,1.0,5,False,31,0.702666,0.7269345,0.7290917,1.0,vector_first-f0db45cb5ec3,post,2,oe-007,1.0,3,0.0,0.0,vector_first,0.117,0.126,0.430666,0.029,sibling_comparison,True
generated_exact_oracle,tridb_live,0.0,0.0,1.0,,10.0,openevolve,0.0,0.0,5,False,10,0.741486,0.9596262,0.97901644,0.0,vector_first-f99672c00fed,during,2,oe-007,0.0,3,0.0,0.0,vector_first,0.132,0.153,0.456486,0.0,sibling_comparison,True
generated_exact_oracle,tridb_live,0.0,3.0,13.0,,13.0,openevolve,1.0,1.0,3,False,20,0.499536,0.5054499,0.50597558,1.0,filter_first-03c0190c958c,pre,2,oe-008,1.0,3,0.0,0.0,filter_first,0.067,0.0,0.41553599999999996,0.018,descendant_search,True
generated_exact_oracle,tridb_live,0.0,0.0,13.0,,1.0,openevolve,0.0,0.0,5,False,1,0.496408,0.5238166000000001,0.52625292,0.0,filter_first-0b936184cc1f,pre,2,oe-008,0.0,3,0.0,0.0,filter_first,0.065,0.0,0.400408,0.017,descendant_search,True
generated_exact_oracle,tridb_live,0.0,3.0,13.0,,10.0,openevolve,1.0,1.0,3,False,10,0.493107,0.5153109,0.51728458,1.0,filter_first-100fc75abb62,pre,2,oe-008,1.0,3,0.0,0.0,filter_first,0.07,0.0,0.407107,0.018,descendant_search,True
generated_exact_oracle,tridb_live,0.0,3.0,13.0,,13.0,openevolve,1.0,1.0,5,False,31,0.510837,0.5580915,0.5622919,1.0,filter_first-18c5ab755e0f,pre,2,oe-008,1.0,3,0.0,0.0,filter_first,0.071,0.0,0.417837,0.019,descendant_search,True
generated_exact_oracle,tridb_live,0.0,1.0,13.0,,5.0,openevolve,1.0,1.0,3,False,5,0.494009,0.5041349,0.50503498,1.0,filter_first-1bcb17c507ca,pre,2,oe-008,0.3333333333333333,3,0.0,0.0,filter_first,0.067,0.0,0.40700899999999995,0.017,descendant_search,True
generated_exact_oracle,tridb_live,0.0,1.0,13.0,,13.0,openevolve,1.0,1.0,1,False,20,0.490121,0.49862419999999996,0.49938003999999997,1.0,filter_first-1cad3c1573b2,pre,2,oe-008,0.3333333333333333,3,0.0,0.0,filter_first,0.066,0.0,0.41012099999999996,0.014,descendant_search,True
generated_exact_oracle,tridb_live,0.0,1.0,13.0,,5.0,openevolve,1.0,1.0,5,False,5,0.524696,0.5299060999999999,0.53036922,1.0,filter_first-31743712ac49,pre,2,oe-008,0.3333333333333333,3,0.0,0.0,filter_first,0.077,0.0,0.4246960000000001,0.019,descendant_search,True
generated_exact_oracle,tridb_live,0.0,0.0,13.0,,1.0,openevolve,0.0,0.0,2,False,1,0.48206,0.49293020000000004,0.49389644000000005,0.0,filter_first-3a7f1025f729,pre,2,oe-008,0.0,3,0.0,0.0,filter_first,0.058,0.0,0.40806,0.016,descendant_search,True
generated_exact_oracle,tridb_live,0.0,3.0,13.0,,13.0,openevolve,1.0,1.0,2,False,20,0.496825,0.5039611,0.50459542,1.0,filter_first-46ec65dc7fea,pre,2,oe-008,1.0,3,0.0,0.0,filter_first,0.071,0.0,0.41275400000000007,0.016,descendant_search,True
generated_exact_oracle,tridb_live,0.0,0.0,13.0,,1.0,openevolve,0.0,0.0,3,False,1,0.505083,0.5083842,0.5086776399999999,0.0,filter_first-68e8f1c34182,pre,2,oe-008,0.0,3,0.0,0.0,filter_first,0.064,0.0,0.421751,0.017,descendant_search,True
generated_exact_oracle,tridb_live,0.0,1.0,13.0,,10.0,openevolve,1.0,1.0,1,False,10,0.519048,0.5272182,0.52794444,1.0,filter_first-8532bb36e741,pre,2,oe-008,0.3333333333333333,3,0.0,0.0,filter_first,0.073,0.0,0.431048,0.015,descendant_search,True
generated_exact_oracle,tridb_live,0.0,1.0,13.0,,5.0,openevolve,1.0,1.0,1,False,5,0.49461,0.5022015,0.5028762999999999,1.0,filter_first-8699218b4a03,pre,2,oe-008,0.3333333333333333,3,0.0,0.0,filter_first,0.066,0.0,0.41561,0.014,descendant_search,True
generated_exact_oracle,tridb_live,0.0,3.0,13.0,,10.0,openevolve,1.0,1.0,2,False,10,0.535042,0.5375755,0.5378007,1.0,filter_first-88d1f0b4340a,pre,2,oe-008,1.0,3,0.0,0.0,filter_first,0.095,0.0,0.421042,0.019,descendant_search,True
generated_exact_oracle,tridb_live,0.0,1.0,13.0,,5.0,openevolve,1.0,1.0,2,False,5,0.497065,0.49880919999999995,0.49896423999999995,1.0,filter_first-bb7c33f6d989,pre,2,oe-008,0.3333333333333333,3,0.0,0.0,filter_first,0.07,0.0,0.411065,0.016,descendant_search,True
generated_exact_oracle,tridb_live,0.0,1.0,13.0,,13.0,openevolve,1.0,1.0,1,False,31,0.50269,0.5473975,0.5513715,1.0,filter_first-be38ca0c5e18,pre,2,oe-008,0.3333333333333333,3,0.0,0.0,filter_first,0.073,0.0,0.41469,0.015,descendant_search,True
generated_exact_oracle,tridb_live,0.0,3.0,13.0,,13.0,openevolve,1.0,1.0,3,False,31,0.506667,0.5222955,0.5236847,1.0,filter_first-cd32452ab5b9,pre,2,oe-008,1.0,3,0.0,0.0,filter_first,0.072,0.0,0.416002,0.019,descendant_search,True
generated_exact_oracle,tridb_live,0.0,3.0,13.0,,13.0,openevolve,1.0,1.0,2,False,31,0.507601,0.5117761000000001,0.51214722,1.0,filter_first-ce8f691a5541,pre,2,oe-008,1.0,3,0.0,0.0,filter_first,0.071,0.0,0.419601,0.017,descendant_search,True
generated_exact_oracle,tridb_live,0.0,3.0,13.0,,10.0,openevolve,1.0,1.0,5,False,10,0.506726,0.5155424000000001,0.51632608,1.0,filter_first-dac925d86324,pre,2,oe-008,1.0,3,0.0,0.0,filter_first,0.067,0.0,0.421726,0.018,descendant_search,True
generated_exact_oracle,tridb_live,0.0,3.0,13.0,,13.0,openevolve,1.0,1.0,5,False,20,0.497116,0.4973842,0.49740804,1.0,filter_first-dc7fbfdd08ef,pre,2,oe-008,1.0,3,0.0,0.0,filter_first,0.067,0.0,0.41082199999999996,0.018,descendant_search,True
generated_exact_oracle,tridb_live,0.0,0.0,13.0,,1.0,openevolve,0.0,0.0,1,False,1,0.497027,0.5478491,0.55236662,0.0,filter_first-ef43b60e2e3b,pre,2,oe-008,0.0,3,0.0,0.0,filter_first,0.06,0.0,0.406027,0.015,descendant_search,True
generated_exact_oracle,tridb_live,0.0,3.0,13.0,,,openevolve,1.0,1.0,5,False,31,0.501303,0.5077236,0.5082943200000001,1.0,traverse_first-025d91062f7e,post,2,oe-008,1.0,3,0.0,0.0,traverse_first,0.012,0.051,0.41730300000000004,0.02,descendant_search,True
generated_exact_oracle,tridb_live,0.0,3.0,13.0,,,openevolve,1.0,1.0,5,False,20,0.484828,0.4877827,0.48804534,1.0,traverse_first-08ab08ac3fd6,post,2,oe-008,1.0,3,0.0,0.0,traverse_first,0.012,0.054,0.40682799999999997,0.016,descendant_search,True
generated_exact_oracle,tridb_live,0.0,3.0,13.0,,,openevolve,1.0,1.0,3,False,20,0.488241,0.4946184,0.49518528,1.0,traverse_first-0ce2265627bb,during,2,oe-008,1.0,3,0.0,0.0,traverse_first,0.013,0.051,0.41146099999999997,0.016,descendant_search,True
generated_exact_oracle,tridb_live,0.0,1.0,13.0,,,openevolve,1.0,1.0,1,False,1,0.495742,0.8260087,0.8553657400000001,1.0,traverse_first-0e65f761853b,during,2,oe-008,0.3333333333333333,3,0.0,0.0,traverse_first,0.004,0.036,0.442742,0.019,descendant_search,True
generated_exact_oracle,tridb_live,0.0,1.0,13.0,,,openevolve,1.0,1.0,2,False,1,0.488707,0.5016013,0.50274746,1.0,traverse_first-1401f30333f9,post,2,oe-008,0.3333333333333333,3,0.0,0.0,traverse_first,0.012,0.052,0.408707,0.016,descendant_search,True
generated_exact_oracle,tridb_live,0.0,1.0,13.0,,,openevolve,1.0,1.0,1,False,31,0.445912,0.45960639999999997,0.46082367999999996,1.0,traverse_first-15ea918cf3ed,during,2,oe-008,0.3333333333333333,3,0.0,0.0,traverse_first,0.003,0.024,0.406912,0.014,descendant_search,True
generated_exact_oracle,tridb_live,0.0,3.0,13.0,,,openevolve,1.0,1.0,2,False,31,0.537384,0.5811951,0.58508942,1.0,traverse_first-181bab948b21,post,2,oe-008,1.0,3,0.0,0.0,traverse_first,0.012,0.054,0.428384,0.016,descendant_search,True
generated_exact_oracle,tridb_live,0.0,1.0,13.0,,,openevolve,1.0,1.0,1,False,5,0.465548,0.5301895999999999,0.53593552,1.0,traverse_first-2ef9d31e2115,during,2,oe-008,0.3333333333333333,3,0.0,0.0,traverse_first,0.003,0.019,0.41854800000000003,0.013,descendant_search,True
generated_exact_oracle,tridb_live,0.0,1.0,13.0,,,openevolve,1.0,1.0,1,False,31,0.448441,0.5013799,0.50608558,1.0,traverse_first-337d9b2cc0f4,post,2,oe-008,0.3333333333333333,3,0.0,0.0,traverse_first,0.003,0.031,0.40640600000000004,0.015,descendant_search,True
generated_exact_oracle,tridb_live,0.0,3.0,13.0,,,openevolve,1.0,1.0,3,False,20,0.486173,0.5320667,0.53614614,1.0,traverse_first-488fa7065b52,post,2,oe-008,1.0,3,0.0,0.0,traverse_first,0.012,0.051,0.410173,0.016,descendant_search,True
generated_exact_oracle,tridb_live,0.0,1.0,13.0,,,openevolve,1.0,1.0,5,False,1,0.491433,0.5037,0.5047904000000001,1.0,traverse_first-49ace1949b9b,during,2,oe-008,0.3333333333333333,3,0.0,0.0,traverse_first,0.011,0.051,0.411093,0.017,descendant_search,True
generated_exact_oracle,tridb_live,0.0,1.0,13.0,,,openevolve,1.0,1.0,3,False,1,0.4982,0.49951670000000004,0.49963374000000005,1.0,traverse_first-4ee862e3f54f,during,2,oe-008,0.3333333333333333,3,0.0,0.0,traverse_first,0.012,0.055,0.416663,0.018,descendant_search,True
generated_exact_oracle,tridb_live,0.0,3.0,13.0,,,openevolve,1.0,1.0,3,False,10,0.492903,0.4963239,0.49662797999999997,1.0,traverse_first-520420e3895b,post,2,oe-008,1.0,3,0.0,0.0,traverse_first,0.011,0.054,0.40770399999999996,0.017,descendant_search,True
generated_exact_oracle,tridb_live,0.0,3.0,13.0,,,openevolve,1.0,1.0,5,False,5,0.493436,0.4951451,0.49529702000000003,1.0,traverse_first-58584ddc9129,post,2,oe-008,1.0,3,0.0,0.0,traverse_first,0.011,0.051,0.41043599999999997,0.019,descendant_search,True
generated_exact_oracle,tridb_live,0.0,3.0,13.0,,,openevolve,1.0,1.0,2,False,10,0.480603,0.4836423,0.48391246000000004,1.0,traverse_first-5be44627d46d,post,2,oe-008,1.0,3,0.0,0.0,traverse_first,0.011,0.053,0.398603,0.017,descendant_search,True
generated_exact_oracle,tridb_live,0.0,3.0,13.0,,,openevolve,1.0,1.0,2,False,20,0.495696,0.5004678,0.50089196,1.0,traverse_first-5dac164247a2,post,2,oe-008,1.0,3,0.0,0.0,traverse_first,0.012,0.053,0.414696,0.017,descendant_search,True
generated_exact_oracle,tridb_live,0.0,3.0,13.0,,,openevolve,1.0,1.0,5,False,20,0.486304,0.4886404,0.48884808,1.0,traverse_first-62b9b3f6c548,during,2,oe-008,1.0,3,0.0,0.0,traverse_first,0.011,0.05,0.408304,0.017,descendant_search,True
generated_exact_oracle,tridb_live,0.0,1.0,13.0,,,openevolve,1.0,1.0,1,False,20,0.470019,0.7335524999999999,0.7569777,1.0,traverse_first-6e5585f7fa7d,during,2,oe-008,0.3333333333333333,3,0.0,0.0,traverse_first,0.002,0.018,0.42701900000000004,0.012,descendant_search,True
generated_exact_oracle,tridb_live,0.0,1.0,13.0,,,openevolve,1.0,1.0,3,False,1,0.486006,0.5113752,0.51363024,1.0,traverse_first-70d454e2e64f,post,2,oe-008,0.3333333333333333,3,0.0,0.0,traverse_first,0.013,0.052,0.407153,0.017,descendant_search,True
generated_exact_oracle,tridb_live,0.0,1.0,13.0,,,openevolve,1.0,1.0,1,False,20,0.448996,0.4499347,0.45001814,1.0,traverse_first-76359c42693a,post,2,oe-008,0.3333333333333333,3,0.0,0.0,traverse_first,0.002,0.024,0.40303900000000004,0.012,descendant_search,True
generated_exact_oracle,tridb_live,0.0,3.0,13.0,,,openevolve,1.0,1.0,3,False,31,0.522049,0.5636074,0.56730148,1.0,traverse_first-782e67473b54,during,2,oe-008,1.0,3,0.0,0.0,traverse_first,0.013,0.056,0.43804899999999997,0.017,descendant_search,True
generated_exact_oracle,tridb_live,0.0,3.0,13.0,,,openevolve,1.0,1.0,3,False,5,0.492901,0.49859079999999995,0.49909655999999997,1.0,traverse_first-79ee91cd021b,post,2,oe-008,1.0,3,0.0,0.0,traverse_first,0.014,0.051,0.41120999999999996,0.018,descendant_search,True
generated_exact_oracle,tridb_live,0.0,1.0,13.0,,,openevolve,1.0,1.0,1,False,10,0.457193,0.5401928,0.54757056,1.0,traverse_first-7e45a5be9de9,post,2,oe-008,0.3333333333333333,3,0.0,0.0,traverse_first,0.002,0.027,0.42119300000000004,0.013,descendant_search,True
generated_exact_oracle,tridb_live,0.0,1.0,13.0,,,openevolve,1.0,1.0,5,False,1,0.497266,0.5688042999999999,0.57516326,1.0,traverse_first-83bddfb7afc0,post,2,oe-008,0.3333333333333333,3,0.0,0.0,traverse_first,0.014,0.05,0.420266,0.016,descendant_search,True
generated_exact_oracle,tridb_live,0.0,3.0,13.0,,,openevolve,1.0,1.0,3,False,10,0.480817,0.5145076000000001,0.5175023200000001,1.0,traverse_first-85c5a61d5cac,during,2,oe-008,1.0,3,0.0,0.0,traverse_first,0.01,0.052,0.403478,0.017,descendant_search,True
generated_exact_oracle,tridb_live,0.0,3.0,13.0,,,openevolve,1.0,1.0,5,False,5,0.48398,0.5022266,0.50384852,1.0,traverse_first-8601c73b4d10,during,2,oe-008,1.0,3,0.0,0.0,traverse_first,0.011,0.053,0.409497,0.018,descendant_search,True
generated_exact_oracle,tridb_live,0.0,3.0,13.0,,,openevolve,1.0,1.0,3,False,5,0.513742,0.5939481999999999,0.60107764,1.0,traverse_first-89a453d84bbf,during,2,oe-008,1.0,3,0.0,0.0,traverse_first,0.012,0.053,0.430742,0.021,descendant_search,True
generated_exact_oracle,tridb_live,0.0,1.0,13.0,,,openevolve,1.0,1.0,1,False,10,0.448104,0.448248,0.4482608,1.0,traverse_first-8d055dcb7096,during,2,oe-008,0.3333333333333333,3,0.0,0.0,traverse_first,0.002,0.018,0.40835600000000005,0.014,descendant_search,True
generated_exact_oracle,tridb_live,0.0,3.0,13.0,,,openevolve,1.0,1.0,2,False,31,0.513459,0.6570549,0.66981898,1.0,traverse_first-90c6f45e3991,during,2,oe-008,1.0,3,0.0,0.0,traverse_first,0.015,0.058,0.42486399999999996,0.019,descendant_search,True
generated_exact_oracle,tridb_live,0.0,1.0,13.0,,,openevolve,1.0,1.0,2,False,1,0.486964,0.5136643,0.51603766,1.0,traverse_first-92d6d9491887,during,2,oe-008,0.3333333333333333,3,0.0,0.0,traverse_first,0.014,0.052,0.40279,0.016,descendant_search,True
generated_exact_oracle,tridb_live,0.0,1.0,13.0,,,openevolve,1.0,1.0,1,False,1,0.455093,0.4601447,0.46059374000000003,1.0,traverse_first-a6e5d14e469b,post,2,oe-008,0.3333333333333333,3,0.0,0.0,traverse_first,0.003,0.027,0.409706,0.016,descendant_search,True
generated_exact_oracle,tridb_live,0.0,3.0,13.0,,,openevolve,1.0,1.0,2,False,5,0.504944,0.5063966,0.50652572,1.0,traverse_first-b279d6126ea0,post,2,oe-008,1.0,3,0.0,0.0,traverse_first,0.012,0.057,0.415558,0.021,descendant_search,True
generated_exact_oracle,tridb_live,0.0,3.0,13.0,,,openevolve,1.0,1.0,3,False,31,0.517098,0.5328264,0.53422448,1.0,traverse_first-b8c2c2ac41e4,post,2,oe-008,1.0,3,0.0,0.0,traverse_first,0.014,0.054,0.427098,0.018,descendant_search,True
generated_exact_oracle,tridb_live,0.0,3.0,13.0,,,openevolve,1.0,1.0,2,False,5,0.514104,0.5328833999999999,0.5345526799999999,1.0,traverse_first-cccdd3ed958f,during,2,oe-008,1.0,3,0.0,0.0,traverse_first,0.014,0.055,0.41510400000000003,0.018,descendant_search,True
generated_exact_oracle,tridb_live,0.0,3.0,13.0,,,openevolve,1.0,1.0,5,False,31,0.500144,0.5055485,0.5060289,1.0,traverse_first-d56cf7e61a35,during,2,oe-008,1.0,3,0.0,0.0,traverse_first,0.013,0.051,0.418149,0.017,descendant_search,True
generated_exact_oracle,tridb_live,0.0,3.0,13.0,,,openevolve,1.0,1.0,5,False,10,0.528776,0.5577272,0.56030064,1.0,traverse_first-df19a1a33fe5,during,2,oe-008,1.0,3,0.0,0.0,traverse_first,0.012,0.064,0.43077600000000005,0.023,descendant_search,True
generated_exact_oracle,tridb_live,0.0,3.0,13.0,,,openevolve,1.0,1.0,5,False,10,0.493072,0.5199622,0.52235244,1.0,traverse_first-e036b666ccda,post,2,oe-008,1.0,3,0.0,0.0,traverse_first,0.012,0.054,0.415072,0.017,descendant_search,True
generated_exact_oracle,tridb_live,0.0,3.0,13.0,,,openevolve,1.0,1.0,2,False,20,0.519752,0.5221621999999999,0.5223764399999999,1.0,traverse_first-e4d7ef105a79,during,2,oe-008,1.0,3,0.0,0.0,traverse_first,0.013,0.062,0.417946,0.019,descendant_search,True
generated_exact_oracle,tridb_live,0.0,1.0,13.0,,,openevolve,1.0,1.0,1,False,5,0.471498,0.49141229999999997,0.49318246,1.0,traverse_first-f0fdb2bba196,post,2,oe-008,0.3333333333333333,3,0.0,0.0,traverse_first,0.003,0.033,0.41802700000000004,0.016,descendant_search,True
generated_exact_oracle,tridb_live,0.0,3.0,13.0,,,openevolve,1.0,1.0,2,False,10,0.497264,0.5120015,0.5133114999999999,1.0,traverse_first-f9b36ac9da92,during,2,oe-008,1.0,3,0.0,0.0,traverse_first,0.013,0.061,0.40426399999999996,0.019,descendant_search,True
generated_exact_oracle,tridb_live,0.0,1.0,13.0,,5.0,openevolve,1.0,1.0,5,False,5,0.606602,0.6158026999999999,0.61662054,1.0,vector_first-022628fa8c07,during,2,oe-008,0.3333333333333333,3,0.0,0.0,vector_first,0.089,0.076,0.42182499999999995,0.02,descendant_search,True
generated_exact_oracle,tridb_live,0.0,3.0,13.0,,31.0,openevolve,1.0,1.0,3,False,31,0.664345,0.6653178999999999,0.6654043799999999,1.0,vector_first-02563f96566e,post,2,oe-008,1.0,3,0.0,0.0,vector_first,0.131,0.051,0.448426,0.023,descendant_search,True
generated_exact_oracle,tridb_live,0.0,3.0,13.0,,31.0,openevolve,1.0,1.0,2,False,31,0.711126,0.73359,0.7355868,1.0,vector_first-0d6433b7dd6b,during,2,oe-008,1.0,3,0.0,0.0,vector_first,0.131,0.144,0.41612600000000005,0.021,descendant_search,True
generated_exact_oracle,tridb_live,0.0,0.0,13.0,,1.0,openevolve,0.0,0.0,3,False,1,0.494519,0.5094563,0.51078406,0.0,vector_first-17479e220710,post,2,oe-008,0.0,3,0.0,0.0,vector_first,0.07,0.0,0.40651899999999996,0.018,descendant_search,True
generated_exact_oracle,tridb_live,0.0,3.0,13.0,,20.0,openevolve,1.0,1.0,3,False,20,0.601258,0.6098566,0.61062092,1.0,vector_first-181f342b270a,post,2,oe-008,1.0,3,0.0,0.0,vector_first,0.098,0.047,0.427812,0.019,descendant_search,True
generated_exact_oracle,tridb_live,0.0,0.0,13.0,,1.0,openevolve,0.0,0.0,3,False,1,0.538374,0.6641246999999999,0.6753025399999999,0.0,vector_first-1af22faa6077,during,2,oe-008,0.0,3,0.0,0.0,vector_first,0.081,0.029,0.414374,0.02,descendant_search,True
generated_exact_oracle,tridb_live,0.0,3.0,13.0,,10.0,openevolve,1.0,1.0,3,False,10,0.691025,0.6963052999999999,0.69677466,1.0,vector_first-1f98d69fd4bb,during,2,oe-008,1.0,3,0.0,0.0,vector_first,0.098,0.099,0.446025,0.023,descendant_search,True
generated_exact_oracle,tridb_live,0.0,3.0,13.0,,20.0,openevolve,1.0,1.0,2,False,20,0.679637,0.6992957,0.70104314,1.0,vector_first-27d19d1f923e,during,2,oe-008,1.0,3,0.0,0.0,vector_first,0.118,0.123,0.42347999999999997,0.021,descendant_search,True
generated_exact_oracle,tridb_live,0.0,3.0,13.0,,10.0,openevolve,1.0,1.0,5,False,10,0.654189,0.6595989,0.66007978,1.0,vector_first-3b5ba3173bf9,post,2,oe-008,1.0,3,0.0,0.0,vector_first,0.11,0.054,0.462189,0.023,descendant_search,True
generated_exact_oracle,tridb_live,0.0,1.0,13.0,,10.0,openevolve,1.0,1.0,1,False,10,0.54535,0.5756484999999999,0.5783417,1.0,vector_first-404f84e6a5f4,post,2,oe-008,0.3333333333333333,3,0.0,0.0,vector_first,0.082,0.019,0.42935,0.015,descendant_search,True
generated_exact_oracle,tridb_live,0.0,1.0,13.0,,20.0,openevolve,1.0,1.0,1,False,20,0.721507,0.7296258999999999,0.73034758,1.0,vector_first-4c96de282a3c,during,2,oe-008,0.3333333333333333,3,0.0,0.0,vector_first,0.127,0.125,0.43252799999999997,0.021,descendant_search,True
generated_exact_oracle,tridb_live,0.0,1.0,13.0,,5.0,openevolve,1.0,1.0,1,False,5,0.536821,0.5474689,0.54841538,1.0,vector_first-539cd672e6b6,post,2,oe-008,0.3333333333333333,3,0.0,0.0,vector_first,0.069,0.019,0.43365200000000004,0.015,descendant_search,True
generated_exact_oracle,tridb_live,0.0,3.0,13.0,,31.0,openevolve,1.0,1.0,3,False,31,0.692482,0.7277962,0.73093524,1.0,vector_first-55a4789c3974,during,2,oe-008,1.0,3,0.0,0.0,vector_first,0.121,0.139,0.41658300000000004,0.02,descendant_search,True
generated_exact_oracle,tridb_live,0.0,1.0,13.0,,5.0,openevolve,1.0,1.0,2,False,5,0.623028,0.6243392999999999,0.62445586,1.0,vector_first-7462d459aaf5,during,2,oe-008,0.3333333333333333,3,0.0,0.0,vector_first,0.088,0.077,0.432324,0.02,descendant_search,True
generated_exact_oracle,tridb_live,0.0,3.0,13.0,,20.0,openevolve,1.0,1.0,5,False,20,0.594324,0.5980310999999999,0.5983606199999999,1.0,vector_first-769ad60b254f,post,2,oe-008,1.0,3,0.0,0.0,vector_first,0.1,0.047,0.4243239999999999,0.019,descendant_search,True
generated_exact_oracle,tridb_live,0.0,0.0,13.0,,1.0,openevolve,0.0,0.0,2,False,1,0.498447,0.5236452,0.52588504,0.0,vector_first-79d7f13154dd,post,2,oe-008,0.0,3,0.0,0.0,vector_first,0.073,0.0,0.407447,0.018,descendant_search,True
generated_exact_oracle,tridb_live,0.0,3.0,13.0,,20.0,openevolve,1.0,1.0,3,False,20,0.690017,0.6962405,0.6967937,1.0,vector_first-7a75fc9fb9ab,during,2,oe-008,1.0,3,0.0,0.0,vector_first,0.117,0.12,0.42032400000000003,0.021,descendant_search,True
generated_exact_oracle,tridb_live,0.0,1.0,13.0,,31.0,openevolve,1.0,1.0,1,False,31,0.571361,0.5774009,0.5779377800000001,1.0,vector_first-7e723fa35fd9,post,2,oe-008,0.3333333333333333,3,0.0,0.0,vector_first,0.113,0.019,0.423361,0.016,descendant_search,True
generated_exact_oracle,tridb_live,0.0,0.0,13.0,,1.0,openevolve,0.0,0.0,5,False,1,0.609687,0.7027722000000001,0.7110464400000001,0.0,vector_first-8549959dfc39,during,2,oe-008,0.0,3,0.0,0.0,vector_first,0.072,0.026,0.499687,0.018,descendant_search,True
generated_exact_oracle,tridb_live,0.0,0.0,13.0,,1.0,openevolve,0.0,0.0,2,False,1,0.533061,0.5406966000000001,0.5413753200000001,0.0,vector_first-8735078935c5,during,2,oe-008,0.0,3,0.0,0.0,vector_first,0.076,0.023,0.41854500000000006,0.017,descendant_search,True
generated_exact_oracle,tridb_live,0.0,1.0,13.0,,5.0,openevolve,1.0,1.0,3,False,5,0.60235,0.6156592,0.61684224,1.0,vector_first-8773821ec9c7,during,2,oe-008,0.3333333333333333,3,0.0,0.0,vector_first,0.092,0.075,0.41622600000000004,0.02,descendant_search,True
generated_exact_oracle,tridb_live,0.0,1.0,13.0,,10.0,openevolve,1.0,1.0,1,False,10,0.668534,0.6728405,0.6732233,1.0,vector_first-879c2f5ec6a7,during,2,oe-008,0.3333333333333333,3,0.0,0.0,vector_first,0.105,0.099,0.427165,0.018,descendant_search,True
generated_exact_oracle,tridb_live,0.0,3.0,13.0,,10.0,openevolve,1.0,1.0,2,False,10,0.774813,0.8059836,0.80875432,1.0,vector_first-9e027ae921ee,during,2,oe-008,1.0,3,0.0,0.0,vector_first,0.089,0.097,0.528813,0.026,descendant_search,True
generated_exact_oracle,tridb_live,0.0,0.0,13.0,,1.0,openevolve,0.0,0.0,1,False,1,0.5324,0.5951345,0.6007109,0.0,vector_first-9f2a495d4986,during,2,oe-008,0.0,3,0.0,0.0,vector_first,0.075,0.021,0.421654,0.017,descendant_search,True
generated_exact_oracle,tridb_live,0.0,1.0,13.0,,5.0,openevolve,1.0,1.0,2,False,5,0.553017,0.6558708,0.66501336,1.0,vector_first-a5b8d6da0107,post,2,oe-008,0.3333333333333333,3,0.0,0.0,vector_first,0.073,0.027,0.432017,0.019,descendant_search,True
generated_exact_oracle,tridb_live,0.0,1.0,13.0,,5.0,openevolve,1.0,1.0,3,False,5,0.534263,0.5768222000000001,0.58060524,1.0,vector_first-a6608b0002af,post,2,oe-008,0.3333333333333333,3,0.0,0.0,vector_first,0.07,0.02,0.42447100000000004,0.02,descendant_search,True
generated_exact_oracle,tridb_live,0.0,3.0,13.0,,10.0,openevolve,1.0,1.0,2,False,10,0.557277,0.5764659,0.5781715799999999,1.0,vector_first-a802c228be07,post,2,oe-008,1.0,3,0.0,0.0,vector_first,0.072,0.045,0.425277,0.017,descendant_search,True
generated_exact_oracle,tridb_live,0.0,3.0,13.0,,31.0,openevolve,1.0,1.0,5,False,31,0.716324,0.749633,0.7525938,1.0,vector_first-a9f78619c4c5,during,2,oe-008,1.0,3,0.0,0.0,vector_first,0.133,0.144,0.422324,0.022,descendant_search,True
generated_exact_oracle,tridb_live,0.0,1.0,13.0,,31.0,openevolve,1.0,1.0,1,False,31,0.792427,1.1406829,1.17163898,1.0,vector_first-ae5e5305d255,during,2,oe-008,0.3333333333333333,3,0.0,0.0,vector_first,0.139,0.148,0.457427,0.022,descendant_search,True
generated_exact_oracle,tridb_live,0.0,0.0,13.0,,1.0,openevolve,0.0,0.0,5,False,1,0.515618,0.5537087,0.55709454,0.0,vector_first-bbed0b0c4edb,post,2,oe-008,0.0,3,0.0,0.0,vector_first,0.077,0.0,0.41861800000000005,0.02,descendant_search,True
generated_exact_oracle,tridb_live,0.0,0.0,13.0,,1.0,openevolve,0.0,0.0,1,False,1,0.513707,0.5148023,0.5148996600000001,0.0,vector_first-c1efa57fb2c2,post,2,oe-008,0.0,3,0.0,0.0,vector_first,0.076,0.0,0.41770700000000005,0.016,descendant_search,True
generated_exact_oracle,tridb_live,0.0,3.0,13.0,,10.0,openevolve,1.0,1.0,3,False,10,0.64562,0.7073357,0.71282154,1.0,vector_first-c254a691f33b,post,2,oe-008,1.0,3,0.0,0.0,vector_first,0.085,0.064,0.45661999999999997,0.027,descendant_search,True
generated_exact_oracle,tridb_live,0.0,3.0,13.0,,20.0,openevolve,1.0,1.0,2,False,20,0.583477,0.5911558,0.59183836,1.0,vector_first-c9c7dff0ae35,post,2,oe-008,1.0,3,0.0,0.0,vector_first,0.099,0.047,0.415477,0.018,descendant_search,True
generated_exact_oracle,tridb_live,0.0,1.0,13.0,,20.0,openevolve,1.0,1.0,1,False,20,0.593747,0.5986601,0.59909682,1.0,vector_first-ce905df43902,post,2,oe-008,0.3333333333333333,3,0.0,0.0,vector_first,0.123,0.022,0.430747,0.018,descendant_search,True
generated_exact_oracle,tridb_live,0.0,1.0,13.0,,5.0,openevolve,1.0,1.0,5,False,5,0.52939,0.5600773,0.56280506,1.0,vector_first-d746def0ad41,post,2,oe-008,0.3333333333333333,3,0.0,0.0,vector_first,0.077,0.022,0.41254900000000005,0.02,descendant_search,True
generated_exact_oracle,tridb_live,0.0,3.0,13.0,,31.0,openevolve,1.0,1.0,2,False,31,0.597613,0.6073402,0.60820484,1.0,vector_first-e1291c2e8845,post,2,oe-008,1.0,3,0.0,0.0,vector_first,0.114,0.046,0.41895299999999996,0.018,descendant_search,True
generated_exact_oracle,tridb_live,0.0,3.0,13.0,,20.0,openevolve,1.0,1.0,5,False,20,0.672171,0.6968913,0.69908866,1.0,vector_first-e83511f32e02,during,2,oe-008,1.0,3,0.0,0.0,vector_first,0.112,0.12,0.435134,0.02,descendant_search,True
generated_exact_oracle,tridb_live,0.0,2.0,13.0,,8.0,openevolve,1.0,1.0,2,True,8,0.550763,0.558602,0.5592988,1.0,vector_first-ebaeb868fc9b,post,2,oe-008,0.6666666666666666,3,0.0,0.0,vector_first,0.086,0.034,0.408473,0.018,descendant_search,True
generated_exact_oracle,tridb_live,0.0,1.0,13.0,,5.0,openevolve,1.0,1.0,1,False,5,0.670843,0.9164269,0.93825658,1.0,vector_first-f0a58d413e0f,during,2,oe-008,0.3333333333333333,3,0.0,0.0,vector_first,0.097,0.077,0.456843,0.019,descendant_search,True
generated_exact_oracle,tridb_live,0.0,3.0,13.0,,31.0,openevolve,1.0,1.0,5,False,31,0.600925,0.6130110999999999,0.61408542,1.0,vector_first-f0db45cb5ec3,post,2,oe-008,1.0,3,0.0,0.0,vector_first,0.114,0.046,0.42092500000000005,0.019,descendant_search,True
generated_exact_oracle,tridb_live,0.0,3.0,13.0,,10.0,openevolve,1.0,1.0,5,False,10,0.806079,1.2998370000000001,1.3437266,1.0,vector_first-f99672c00fed,during,2,oe-008,1.0,3,0.0,0.0,vector_first,0.157,0.11,0.5090790000000001,0.03,descendant_search,True
generated_exact_oracle,tridb_live,0.0,0.0,29.0,,20.0,openevolve,0.0,0.0,3,False,20,0.532203,0.5364879,0.53686878,0.0,filter_first-03c0190c958c,pre,2,oe-009,0.0,3,0.0,0.0,filter_first,0.104,0.0,0.410714,0.017,ancestor_reuse,True
generated_exact_oracle,tridb_live,0.0,0.0,29.0,,1.0,openevolve,0.0,0.0,5,False,1,0.536752,0.5383306,0.5384709200000001,0.0,filter_first-0b936184cc1f,pre,2,oe-009,0.0,3,0.0,0.0,filter_first,0.101,0.0,0.413752,0.02,ancestor_reuse,True
generated_exact_oracle,tridb_live,0.0,0.0,29.0,,10.0,openevolve,0.0,0.0,3,False,10,0.53117,0.5332103,0.53339166,0.0,filter_first-100fc75abb62,pre,2,oe-009,0.0,3,0.0,0.0,filter_first,0.104,0.0,0.41017000000000003,0.017,ancestor_reuse,True
generated_exact_oracle,tridb_live,0.0,5.0,29.0,,29.0,openevolve,1.0,1.0,5,False,31,0.5404,0.5462994999999999,0.5468238999999999,1.0,filter_first-18c5ab755e0f,pre,2,oe-009,1.0,3,0.0,0.0,filter_first,0.105,0.0,0.4164,0.02,ancestor_reuse,True
generated_exact_oracle,tridb_live,0.0,0.0,29.0,,5.0,openevolve,0.0,0.0,3,False,5,0.528752,0.5348594,0.53540228,0.0,filter_first-1bcb17c507ca,pre,2,oe-009,0.0,3,0.0,0.0,filter_first,0.099,0.0,0.4061,0.017,ancestor_reuse,True
generated_exact_oracle,tridb_live,0.0,0.0,29.0,,20.0,openevolve,0.0,0.0,1,False,20,0.52988,0.5599409000000001,0.56261298,0.0,filter_first-1cad3c1573b2,pre,2,oe-009,0.0,3,0.0,0.0,filter_first,0.1,0.0,0.42688000000000004,0.014,ancestor_reuse,True
generated_exact_oracle,tridb_live,0.0,0.0,29.0,,5.0,openevolve,0.0,0.0,5,False,5,0.533217,0.5373543000000001,0.53772206,0.0,filter_first-31743712ac49,pre,2,oe-009,0.0,3,0.0,0.0,filter_first,0.105,0.0,0.40746499999999997,0.02,ancestor_reuse,True
generated_exact_oracle,tridb_live,0.0,0.0,29.0,,1.0,openevolve,0.0,0.0,2,False,1,0.518234,0.5244422000000001,0.52499404,0.0,filter_first-3a7f1025f729,pre,2,oe-009,0.0,3,0.0,0.0,filter_first,0.086,0.0,0.417234,0.015,ancestor_reuse,True
generated_exact_oracle,tridb_live,0.0,0.0,29.0,,20.0,openevolve,0.0,0.0,2,False,20,0.546558,0.5520651,0.55255462,0.0,filter_first-46ec65dc7fea,pre,2,oe-009,0.0,3,0.0,0.0,filter_first,0.11,0.0,0.420851,0.019,ancestor_reuse,True
generated_exact_oracle,tridb_live,0.0,0.0,29.0,,1.0,openevolve,0.0,0.0,3,False,1,0.520297,0.5208208,0.52086736,0.0,filter_first-68e8f1c34182,pre,2,oe-009,0.0,3,0.0,0.0,filter_first,0.09,0.0,0.412297,0.016,ancestor_reuse,True
generated_exact_oracle,tridb_live,0.0,0.0,29.0,,10.0,openevolve,0.0,0.0,1,False,10,0.515167,0.5250589,0.52593818,0.0,filter_first-8532bb36e741,pre,2,oe-009,0.0,3,0.0,0.0,filter_first,0.101,0.0,0.40016700000000005,0.014,ancestor_reuse,True
generated_exact_oracle,tridb_live,0.0,0.0,29.0,,5.0,openevolve,0.0,0.0,1,False,5,0.535939,0.558295,0.5602822000000001,0.0,filter_first-8699218b4a03,pre,2,oe-009,0.0,3,0.0,0.0,filter_first,0.095,0.0,0.4329390000000001,0.015,ancestor_reuse,True
generated_exact_oracle,tridb_live,0.0,0.0,29.0,,10.0,openevolve,0.0,0.0,2,False,10,0.523879,0.5562709,0.5591501799999999,0.0,filter_first-88d1f0b4340a,pre,2,oe-009,0.0,3,0.0,0.0,filter_first,0.106,0.0,0.40732900000000005,0.016,ancestor_reuse,True
generated_exact_oracle,tridb_live,0.0,0.0,29.0,,5.0,openevolve,0.0,0.0,2,False,5,0.544168,0.5577184000000001,0.55892288,0.0,filter_first-bb7c33f6d989,pre,2,oe-009,0.0,3,0.0,0.0,filter_first,0.102,0.0,0.424168,0.016,ancestor_reuse,True
generated_exact_oracle,tridb_live,0.0,1.0,29.0,,29.0,openevolve,1.0,1.0,1,False,31,0.539151,0.7983401999999999,0.82137924,1.0,filter_first-be38ca0c5e18,pre,2,oe-009,0.5,3,0.0,0.0,filter_first,0.096,0.0,0.42815100000000006,0.014,ancestor_reuse,True
generated_exact_oracle,tridb_live,0.0,3.0,29.0,,29.0,openevolve,1.0,1.0,3,False,31,0.534021,0.5369217000000001,0.53717954,1.0,filter_first-cd32452ab5b9,pre,2,oe-009,1.0,3,0.0,0.0,filter_first,0.1,0.0,0.419021,0.017,ancestor_reuse,True
generated_exact_oracle,tridb_live,0.0,2.0,29.0,,29.0,openevolve,1.0,1.0,2,False,31,0.536198,0.5390311999999999,0.5392830399999999,1.0,filter_first-ce8f691a5541,pre,2,oe-009,1.0,3,0.0,0.0,filter_first,0.101,0.0,0.419346,0.017,ancestor_reuse,True
generated_exact_oracle,tridb_live,0.0,0.0,29.0,,10.0,openevolve,0.0,0.0,5,False,10,0.523567,0.5275936,0.52795152,0.0,filter_first-dac925d86324,pre,2,oe-009,0.0,3,0.0,0.0,filter_first,0.099,0.0,0.406567,0.02,ancestor_reuse,True
generated_exact_oracle,tridb_live,0.0,0.0,29.0,,20.0,openevolve,0.0,0.0,5,False,20,0.529939,0.532063,0.5322517999999999,0.0,filter_first-dc7fbfdd08ef,pre,2,oe-009,0.0,3,0.0,0.0,filter_first,0.096,0.0,0.40929899999999997,0.019,ancestor_reuse,True
generated_exact_oracle,tridb_live,0.0,0.0,29.0,,1.0,openevolve,0.0,0.0,1,False,1,0.536856,0.5925498,0.59750036,0.0,filter_first-ef43b60e2e3b,pre,2,oe-009,0.0,3,0.0,0.0,filter_first,0.094,0.0,0.42368800000000006,0.016,ancestor_reuse,True
generated_exact_oracle,tridb_live,0.0,5.0,29.0,,,openevolve,1.0,1.0,5,False,31,0.537748,0.5477812000000001,0.5486730400000001,1.0,traverse_first-025d91062f7e,post,2,oe-009,1.0,3,0.0,0.0,traverse_first,0.011,0.091,0.41889600000000005,0.023,ancestor_reuse,True
generated_exact_oracle,tridb_live,0.0,5.0,29.0,,,openevolve,1.0,1.0,5,False,20,0.550579,0.5614393,0.56240466,1.0,traverse_first-08ab08ac3fd6,post,2,oe-009,1.0,3,0.0,0.0,traverse_first,0.01,0.089,0.43157900000000005,0.025,ancestor_reuse,True
generated_exact_oracle,tridb_live,0.0,3.0,29.0,,,openevolve,1.0,1.0,3,False,20,0.521439,0.5310033000000001,0.53185346,1.0,traverse_first-0ce2265627bb,during,2,oe-009,1.0,3,0.0,0.0,traverse_first,0.015,0.065,0.419439,0.022,ancestor_reuse,True
generated_exact_oracle,tridb_live,0.0,1.0,29.0,,,openevolve,1.0,1.0,1,False,1,0.475335,0.48111570000000003,0.48162954,1.0,traverse_first-0e65f761853b,during,2,oe-009,0.5,3,0.0,0.0,traverse_first,0.003,0.025,0.42975800000000003,0.015,ancestor_reuse,True
generated_exact_oracle,tridb_live,0.0,1.0,29.0,,,openevolve,1.0,1.0,2,False,1,0.669998,0.7239836000000001,0.72878232,1.0,traverse_first-1401f30333f9,post,2,oe-009,0.5,3,0.0,0.0,traverse_first,0.011,0.093,0.519998,0.041,ancestor_reuse,True
generated_exact_oracle,tridb_live,0.0,1.0,29.0,,,openevolve,1.0,1.0,1,False,31,0.492311,0.5260475,0.5290463000000001,1.0,traverse_first-15ea918cf3ed,during,2,oe-009,0.5,3,0.0,0.0,traverse_first,0.003,0.029,0.439311,0.017,ancestor_reuse,True
generated_exact_oracle,tridb_live,0.0,2.0,29.0,,,openevolve,1.0,1.0,2,False,31,0.487111,0.4911781,0.49153962,1.0,traverse_first-181bab948b21,post,2,oe-009,1.0,3,0.0,0.0,traverse_first,0.005,0.049,0.409111,0.02,ancestor_reuse,True
generated_exact_oracle,tridb_live,0.0,1.0,29.0,,,openevolve,1.0,1.0,1,False,5,0.476468,0.4974299,0.49929318,1.0,traverse_first-2ef9d31e2115,during,2,oe-009,0.5,3,0.0,0.0,traverse_first,0.003,0.025,0.428468,0.017,ancestor_reuse,True
generated_exact_oracle,tridb_live,0.0,1.0,29.0,,,openevolve,1.0,1.0,1,False,31,0.46345,0.47082549999999995,0.4714811,1.0,traverse_first-337d9b2cc0f4,post,2,oe-009,0.5,3,0.0,0.0,traverse_first,0.003,0.034,0.409094,0.016,ancestor_reuse,True
generated_exact_oracle,tridb_live,0.0,3.0,29.0,,,openevolve,1.0,1.0,3,False,20,0.512829,0.5429033999999999,0.5455766799999999,1.0,traverse_first-488fa7065b52,post,2,oe-009,1.0,3,0.0,0.0,traverse_first,0.012,0.056,0.426829,0.019,ancestor_reuse,True
generated_exact_oracle,tridb_live,0.0,1.0,29.0,,,openevolve,1.0,1.0,5,False,1,0.67285,0.6789304,0.67947088,1.0,traverse_first-49ace1949b9b,during,2,oe-009,0.5,3,0.0,0.0,traverse_first,0.013,0.097,0.534606,0.023,ancestor_reuse,True
generated_exact_oracle,tridb_live,0.0,1.0,29.0,,,openevolve,1.0,1.0,3,False,1,0.53298,0.6402699,0.6498067799999999,1.0,traverse_first-4ee862e3f54f,during,2,oe-009,0.5,3,0.0,0.0,traverse_first,0.014,0.065,0.42898000000000003,0.025,ancestor_reuse,True
generated_exact_oracle,tridb_live,0.0,3.0,29.0,,,openevolve,1.0,1.0,3,False,10,0.488551,0.5208727000000001,0.5237457400000001,1.0,traverse_first-520420e3895b,post,2,oe-009,1.0,3,0.0,0.0,traverse_first,0.012,0.053,0.407551,0.016,ancestor_reuse,True
generated_exact_oracle,tridb_live,0.0,5.0,29.0,,,openevolve,1.0,1.0,5,False,5,0.578459,0.5811706999999999,0.58141174,1.0,traverse_first-58584ddc9129,post,2,oe-009,1.0,3,0.0,0.0,traverse_first,0.011,0.094,0.450472,0.023,ancestor_reuse,True
generated_exact_oracle,tridb_live,0.0,2.0,29.0,,,openevolve,1.0,1.0,2,False,10,0.485048,0.4915064,0.49208048,1.0,traverse_first-5be44627d46d,post,2,oe-009,1.0,3,0.0,0.0,traverse_first,0.006,0.044,0.417224,0.017,ancestor_reuse,True
generated_exact_oracle,tridb_live,0.0,2.0,29.0,,,openevolve,1.0,1.0,2,False,20,0.497454,0.5921448,0.6005617600000001,1.0,traverse_first-5dac164247a2,post,2,oe-009,1.0,3,0.0,0.0,traverse_first,0.006,0.047,0.424454,0.02,ancestor_reuse,True
generated_exact_oracle,tridb_live,0.0,5.0,29.0,,,openevolve,1.0,1.0,5,False,20,0.551064,0.5552733000000001,0.5556474600000001,1.0,traverse_first-62b9b3f6c548,during,2,oe-009,1.0,3,0.0,0.0,traverse_first,0.011,0.093,0.42451700000000003,0.023,ancestor_reuse,True
generated_exact_oracle,tridb_live,0.0,1.0,29.0,,,openevolve,1.0,1.0,1,False,20,0.481128,0.482775,0.4829214,1.0,traverse_first-6e5585f7fa7d,during,2,oe-009,0.5,3,0.0,0.0,traverse_first,0.003,0.022,0.438128,0.016,ancestor_reuse,True
generated_exact_oracle,tridb_live,0.0,1.0,29.0,,,openevolve,1.0,1.0,3,False,1,0.503418,0.5039328000000001,0.5039785600000001,1.0,traverse_first-70d454e2e64f,post,2,oe-009,0.5,3,0.0,0.0,traverse_first,0.01,0.057,0.4179900000000001,0.016,ancestor_reuse,True
generated_exact_oracle,tridb_live,0.0,1.0,29.0,,,openevolve,1.0,1.0,1,False,20,0.506263,0.692509,0.7090642,1.0,traverse_first-76359c42693a,post,2,oe-009,0.5,3,0.0,0.0,traverse_first,0.004,0.04,0.438263,0.024,ancestor_reuse,True
generated_exact_oracle,tridb_live,0.0,3.0,29.0,,,openevolve,1.0,1.0,3,False,31,0.518463,0.5394555000000001,0.5413215,1.0,traverse_first-782e67473b54,during,2,oe-009,1.0,3,0.0,0.0,traverse_first,0.013,0.063,0.42446300000000003,0.018,ancestor_reuse,True
generated_exact_oracle,tridb_live,0.0,3.0,29.0,,,openevolve,1.0,1.0,3,False,5,0.609953,0.9838903999999999,1.01712928,1.0,traverse_first-79ee91cd021b,post,2,oe-009,1.0,3,0.0,0.0,traverse_first,0.013,0.077,0.48695299999999997,0.033,ancestor_reuse,True
generated_exact_oracle,tridb_live,0.0,1.0,29.0,,,openevolve,1.0,1.0,1,False,10,0.467783,0.472868,0.47332,1.0,traverse_first-7e45a5be9de9,post,2,oe-009,0.5,3,0.0,0.0,traverse_first,0.003,0.03,0.417433,0.015,ancestor_reuse,True
generated_exact_oracle,tridb_live,0.0,1.0,29.0,,,openevolve,1.0,1.0,5,False,1,0.554204,0.5570651,0.55731942,1.0,traverse_first-83bddfb7afc0,post,2,oe-009,0.5,3,0.0,0.0,traverse_first,0.012,0.09,0.42838299999999996,0.022,ancestor_reuse,True
generated_exact_oracle,tridb_live,0.0,3.0,29.0,,,openevolve,1.0,1.0,3,False,10,0.520205,0.8054285,0.8307817,1.0,traverse_first-85c5a61d5cac,during,2,oe-009,1.0,3,0.0,0.0,traverse_first,0.013,0.06,0.43428300000000003,0.019,ancestor_reuse,True
generated_exact_oracle,tridb_live,0.0,5.0,29.0,,,openevolve,1.0,1.0,5,False,5,0.571955,0.5910475999999999,0.5927447199999999,1.0,traverse_first-8601c73b4d10,during,2,oe-009,1.0,3,0.0,0.0,traverse_first,0.012,0.097,0.430955,0.024,ancestor_reuse,True
generated_exact_oracle,tridb_live,0.0,3.0,29.0,,,openevolve,1.0,1.0,3,False,5,0.510597,0.5252570999999999,0.5265602199999999,1.0,traverse_first-89a453d84bbf,during,2,oe-009,1.0,3,0.0,0.0,traverse_first,0.012,0.062,0.417597,0.019,ancestor_reuse,True
generated_exact_oracle,tridb_live,0.0,1.0,29.0,,,openevolve,1.0,1.0,1,False,10,0.478592,0.4905872,0.49165344,1.0,traverse_first-8d055dcb7096,during,2,oe-009,0.5,3,0.0,0.0,traverse_first,0.003,0.025,0.43159200000000003,0.018,ancestor_reuse,True
generated_exact_oracle,tridb_live,0.0,2.0,29.0,,,openevolve,1.0,1.0,2,False,31,0.511935,0.5310222,0.53271884,1.0,traverse_first-90c6f45e3991,during,2,oe-009,1.0,3,0.0,0.0,traverse_first,0.006,0.053,0.431935,0.02,ancestor_reuse,True
generated_exact_oracle,tridb_live,0.0,1.0,29.0,,,openevolve,1.0,1.0,2,False,1,0.689786,0.8336294,0.84641548,1.0,traverse_first-92d6d9491887,during,2,oe-009,0.5,3,0.0,0.0,traverse_first,0.011,0.097,0.538786,0.043,ancestor_reuse,True
generated_exact_oracle,tridb_live,0.0,1.0,29.0,,,openevolve,1.0,1.0,1,False,1,0.452443,0.4610749,0.46184218,1.0,traverse_first-a6e5d14e469b,post,2,oe-009,0.5,3,0.0,0.0,traverse_first,0.002,0.027,0.408661,0.015,ancestor_reuse,True
generated_exact_oracle,tridb_live,0.0,2.0,29.0,,,openevolve,1.0,1.0,2,False,5,0.540198,0.5485257,0.5492659400000001,1.0,traverse_first-b279d6126ea0,post,2,oe-009,1.0,3,0.0,0.0,traverse_first,0.008,0.052,0.451198,0.023,ancestor_reuse,True
generated_exact_oracle,tridb_live,0.0,3.0,29.0,,,openevolve,1.0,1.0,3,False,31,0.502758,0.5202756,0.5218327199999999,1.0,traverse_first-b8c2c2ac41e4,post,2,oe-009,1.0,3,0.0,0.0,traverse_first,0.011,0.056,0.41475800000000007,0.017,ancestor_reuse,True
generated_exact_oracle,tridb_live,0.0,2.0,29.0,,,openevolve,1.0,1.0,2,False,5,0.513372,0.5330360999999999,0.5347840199999999,1.0,traverse_first-cccdd3ed958f,during,2,oe-009,1.0,3,0.0,0.0,traverse_first,0.006,0.052,0.42837200000000003,0.019,ancestor_reuse,True
generated_exact_oracle,tridb_live,0.0,5.0,29.0,,,openevolve,1.0,1.0,5,False,31,0.546964,0.558493,0.5595178,1.0,traverse_first-d56cf7e61a35,during,2,oe-009,1.0,3,0.0,0.0,traverse_first,0.012,0.093,0.42530500000000004,0.02,ancestor_reuse,True
generated_exact_oracle,tridb_live,0.0,5.0,29.0,,,openevolve,1.0,1.0,5,False,10,0.534863,0.5348936,0.53489632,1.0,traverse_first-df19a1a33fe5,during,2,oe-009,1.0,3,0.0,0.0,traverse_first,0.011,0.088,0.41489699999999996,0.021,ancestor_reuse,True
generated_exact_oracle,tridb_live,0.0,5.0,29.0,,,openevolve,1.0,1.0,5,False,10,0.547558,0.5686405,0.5705145,1.0,traverse_first-e036b666ccda,post,2,oe-009,1.0,3,0.0,0.0,traverse_first,0.011,0.083,0.427558,0.023,ancestor_reuse,True
generated_exact_oracle,tridb_live,0.0,2.0,29.0,,,openevolve,1.0,1.0,2,False,20,0.506263,0.5593117,0.56402714,1.0,traverse_first-e4d7ef105a79,during,2,oe-009,1.0,3,0.0,0.0,traverse_first,0.009,0.05,0.425263,0.021,ancestor_reuse,True
generated_exact_oracle,tridb_live,0.0,1.0,29.0,,,openevolve,1.0,1.0,1,False,5,0.496282,0.5063188000000001,0.5072109600000001,1.0,traverse_first-f0fdb2bba196,post,2,oe-009,0.5,3,0.0,0.0,traverse_first,0.003,0.033,0.43843400000000005,0.017,ancestor_reuse,True
generated_exact_oracle,tridb_live,0.0,2.0,29.0,,,openevolve,1.0,1.0,2,False,10,0.498417,0.5016894,0.50198028,1.0,traverse_first-f9b36ac9da92,during,2,oe-009,1.0,3,0.0,0.0,traverse_first,0.007,0.051,0.421417,0.019,ancestor_reuse,True
generated_exact_oracle,tridb_live,0.0,0.0,29.0,,5.0,openevolve,0.0,0.0,5,False,5,0.60489,0.6155631,0.61651182,0.0,vector_first-022628fa8c07,during,2,oe-009,0.0,3,0.0,0.0,vector_first,0.088,0.078,0.416632,0.021,ancestor_reuse,True
generated_exact_oracle,tridb_live,0.0,3.0,29.0,,31.0,openevolve,1.0,1.0,3,False,31,0.654139,0.6850018,0.68774516,1.0,vector_first-02563f96566e,post,2,oe-009,1.0,3,0.0,0.0,vector_first,0.128,0.051,0.444431,0.022,ancestor_reuse,True
generated_exact_oracle,tridb_live,0.0,2.0,29.0,,31.0,openevolve,1.0,1.0,2,False,31,0.803559,0.878718,0.8853988,1.0,vector_first-0d6433b7dd6b,during,2,oe-009,1.0,3,0.0,0.0,vector_first,0.138,0.152,0.45255900000000004,0.03,ancestor_reuse,True
generated_exact_oracle,tridb_live,0.0,0.0,29.0,,1.0,openevolve,0.0,0.0,3,False,1,0.506439,0.5230376999999999,0.5245131399999999,0.0,vector_first-17479e220710,post,2,oe-009,0.0,3,0.0,0.0,vector_first,0.066,0.0,0.417882,0.017,ancestor_reuse,True
generated_exact_oracle,tridb_live,0.0,0.0,29.0,,20.0,openevolve,0.0,0.0,3,False,20,0.597052,0.6450606999999999,0.6493281399999999,0.0,vector_first-181f342b270a,post,2,oe-009,0.0,3,0.0,0.0,vector_first,0.131,0.0,0.443052,0.023,ancestor_reuse,True
generated_exact_oracle,tridb_live,0.0,0.0,29.0,,1.0,openevolve,0.0,0.0,3,False,1,0.540603,0.8183007,0.84298494,0.0,vector_first-1af22faa6077,during,2,oe-009,0.0,3,0.0,0.0,vector_first,0.073,0.021,0.42460299999999995,0.017,ancestor_reuse,True
generated_exact_oracle,tridb_live,0.0,0.0,29.0,,10.0,openevolve,0.0,0.0,3,False,10,0.632779,0.6498313,0.65134706,0.0,vector_first-1f98d69fd4bb,during,2,oe-009,0.0,3,0.0,0.0,vector_first,0.086,0.104,0.40972600000000003,0.021,ancestor_reuse,True
generated_exact_oracle,tridb_live,0.0,0.0,29.0,,20.0,openevolve,0.0,0.0,2,False,20,0.661773,0.6830787,0.68497254,0.0,vector_first-27d19d1f923e,during,2,oe-009,0.0,3,0.0,0.0,vector_first,0.109,0.131,0.40477299999999994,0.02,ancestor_reuse,True
generated_exact_oracle,tridb_live,0.0,0.0,29.0,,10.0,openevolve,0.0,0.0,5,False,10,0.509513,0.5331362000000001,0.53523604,0.0,vector_first-3b5ba3173bf9,post,2,oe-009,0.0,3,0.0,0.0,vector_first,0.085,0.0,0.404513,0.02,ancestor_reuse,True
generated_exact_oracle,tridb_live,0.0,0.0,29.0,,10.0,openevolve,0.0,0.0,1,False,10,0.535918,0.9896908,1.03002616,0.0,vector_first-404f84e6a5f4,post,2,oe-009,0.0,3,0.0,0.0,vector_first,0.094,0.0,0.422918,0.019,ancestor_reuse,True
generated_exact_oracle,tridb_live,0.0,0.0,29.0,,20.0,openevolve,0.0,0.0,1,False,20,0.710672,0.7755979999999999,0.7813692,0.0,vector_first-4c96de282a3c,during,2,oe-009,0.0,3,0.0,0.0,vector_first,0.122,0.135,0.420672,0.024,ancestor_reuse,True
generated_exact_oracle,tridb_live,0.0,0.0,29.0,,5.0,openevolve,0.0,0.0,1,False,5,0.514375,0.5345854,0.53638188,0.0,vector_first-539cd672e6b6,post,2,oe-009,0.0,3,0.0,0.0,vector_first,0.074,0.0,0.42437500000000006,0.017,ancestor_reuse,True
generated_exact_oracle,tridb_live,0.0,3.0,29.0,,31.0,openevolve,1.0,1.0,3,False,31,0.886936,1.3568494,1.39861948,1.0,vector_first-55a4789c3974,during,2,oe-009,1.0,3,0.0,0.0,vector_first,0.239,0.163,0.45793599999999995,0.029,ancestor_reuse,True
generated_exact_oracle,tridb_live,0.0,0.0,29.0,,5.0,openevolve,0.0,0.0,2,False,5,0.633997,0.7455727,0.75549054,0.0,vector_first-7462d459aaf5,during,2,oe-009,0.0,3,0.0,0.0,vector_first,0.096,0.085,0.42599700000000007,0.021,ancestor_reuse,True
generated_exact_oracle,tridb_live,0.0,0.0,29.0,,20.0,openevolve,0.0,0.0,5,False,20,0.596795,0.6547424000000001,0.65989328,0.0,vector_first-769ad60b254f,post,2,oe-009,0.0,3,0.0,0.0,vector_first,0.13,0.0,0.43979499999999994,0.027,ancestor_reuse,True
generated_exact_oracle,tridb_live,0.0,0.0,29.0,,1.0,openevolve,0.0,0.0,2,False,1,0.524089,0.5252005,0.5252993,0.0,vector_first-79d7f13154dd,post,2,oe-009,0.0,3,0.0,0.0,vector_first,0.071,0.0,0.43608900000000006,0.017,ancestor_reuse,True
generated_exact_oracle,tridb_live,0.0,0.0,29.0,,20.0,openevolve,0.0,0.0,3,False,20,0.693203,0.9464207,0.96892894,0.0,vector_first-7a75fc9fb9ab,during,2,oe-009,0.0,3,0.0,0.0,vector_first,0.106,0.118,0.424203,0.021,ancestor_reuse,True
generated_exact_oracle,tridb_live,0.0,1.0,29.0,,31.0,openevolve,1.0,1.0,1,False,31,0.800346,0.9552558,0.96902556,1.0,vector_first-7e723fa35fd9,post,2,oe-009,0.5,3,0.0,0.0,vector_first,0.181,0.032,0.532346,0.026,ancestor_reuse,True
generated_exact_oracle,tridb_live,0.0,0.0,29.0,,1.0,openevolve,0.0,0.0,5,False,1,0.565172,0.6171407,0.62176014,0.0,vector_first-8549959dfc39,during,2,oe-009,0.0,3,0.0,0.0,vector_first,0.074,0.026,0.443172,0.021,ancestor_reuse,True
generated_exact_oracle,tridb_live,0.0,0.0,29.0,,1.0,openevolve,0.0,0.0,2,False,1,0.53239,0.5486863,0.55013486,0.0,vector_first-8735078935c5,during,2,oe-009,0.0,3,0.0,0.0,vector_first,0.076,0.026,0.410628,0.018,ancestor_reuse,True
generated_exact_oracle,tridb_live,0.0,0.0,29.0,,5.0,openevolve,0.0,0.0,3,False,5,0.927625,0.9371541999999999,0.93800124,0.0,vector_first-8773821ec9c7,during,2,oe-009,0.0,3,0.0,0.0,vector_first,0.088,0.077,0.7326250000000001,0.02,ancestor_reuse,True
generated_exact_oracle,tridb_live,0.0,0.0,29.0,,10.0,openevolve,0.0,0.0,1,False,10,0.69272,0.7117612999999999,0.71345386,0.0,vector_first-879c2f5ec6a7,during,2,oe-009,0.0,3,0.0,0.0,vector_first,0.113,0.105,0.44672,0.02,ancestor_reuse,True
generated_exact_oracle,tridb_live,0.0,0.0,29.0,,10.0,openevolve,0.0,0.0,2,False,10,1.090159,1.2447772,1.25852104,0.0,vector_first-9e027ae921ee,during,2,oe-009,0.0,3,0.0,0.0,vector_first,0.241,0.22,0.582333,0.05,ancestor_reuse,True
generated_exact_oracle,tridb_live,0.0,0.0,29.0,,1.0,openevolve,0.0,0.0,1,False,1,0.540842,0.6244322,0.6318624399999999,0.0,vector_first-9f2a495d4986,during,2,oe-009,0.0,3,0.0,0.0,vector_first,0.079,0.023,0.42184200000000005,0.019,ancestor_reuse,True
generated_exact_oracle,tridb_live,0.0,0.0,29.0,,5.0,openevolve,0.0,0.0,2,False,5,0.524072,0.5376746,0.5388837200000001,0.0,vector_first-a5b8d6da0107,post,2,oe-009,0.0,3,0.0,0.0,vector_first,0.088,0.0,0.417072,0.019,ancestor_reuse,True
generated_exact_oracle,tridb_live,0.0,0.0,29.0,,5.0,openevolve,0.0,0.0,3,False,5,0.506436,0.5488035,0.5525694999999999,0.0,vector_first-a6608b0002af,post,2,oe-009,0.0,3,0.0,0.0,vector_first,0.072,0.0,0.422436,0.018,ancestor_reuse,True
generated_exact_oracle,tridb_live,0.0,0.0,29.0,,10.0,openevolve,0.0,0.0,2,False,10,0.537239,0.5817611,0.58571862,0.0,vector_first-a802c228be07,post,2,oe-009,0.0,3,0.0,0.0,vector_first,0.085,0.0,0.43323900000000004,0.019,ancestor_reuse,True
generated_exact_oracle,tridb_live,0.0,5.0,29.0,,31.0,openevolve,1.0,1.0,5,False,31,0.775487,0.9137647999999999,0.92605616,1.0,vector_first-a9f78619c4c5,during,2,oe-009,1.0,3,0.0,0.0,vector_first,0.149,0.148,0.45348700000000003,0.031,ancestor_reuse,True
generated_exact_oracle,tridb_live,0.0,1.0,29.0,,31.0,openevolve,1.0,1.0,1,False,31,0.761388,0.7638333,0.76405066,1.0,vector_first-ae5e5305d255,during,2,oe-009,0.5,3,0.0,0.0,vector_first,0.136,0.148,0.437452,0.019,ancestor_reuse,True
generated_exact_oracle,tridb_live,0.0,0.0,29.0,,1.0,openevolve,0.0,0.0,5,False,1,0.511146,0.5118543,0.5119172599999999,0.0,vector_first-bbed0b0c4edb,post,2,oe-009,0.0,3,0.0,0.0,vector_first,0.067,0.0,0.423146,0.019,ancestor_reuse,True
generated_exact_oracle,tridb_live,0.0,0.0,29.0,,1.0,openevolve,0.0,0.0,1,False,1,0.508281,0.5247366,0.5261993199999999,0.0,vector_first-c1efa57fb2c2,post,2,oe-009,0.0,3,0.0,0.0,vector_first,0.074,0.0,0.418281,0.018,ancestor_reuse,True
generated_exact_oracle,tridb_live,0.0,0.0,29.0,,10.0,openevolve,0.0,0.0,3,False,10,0.512148,0.5307195,0.5323703,0.0,vector_first-c254a691f33b,post,2,oe-009,0.0,3,0.0,0.0,vector_first,0.072,0.0,0.4221480000000001,0.018,ancestor_reuse,True
generated_exact_oracle,tridb_live,0.0,0.0,29.0,,20.0,openevolve,0.0,0.0,2,False,20,0.532034,0.539783,0.5404718000000001,0.0,vector_first-c9c7dff0ae35,post,2,oe-009,0.0,3,0.0,0.0,vector_first,0.098,0.0,0.404644,0.016,ancestor_reuse,True
generated_exact_oracle,tridb_live,0.0,0.0,29.0,,20.0,openevolve,0.0,0.0,1,False,20,0.522277,0.532042,0.53291,0.0,vector_first-ce905df43902,post,2,oe-009,0.0,3,0.0,0.0,vector_first,0.099,0.0,0.403532,0.018,ancestor_reuse,True
generated_exact_oracle,tridb_live,0.0,0.0,29.0,,5.0,openevolve,0.0,0.0,5,False,5,0.504791,0.5085944,0.50893248,0.0,vector_first-d746def0ad41,post,2,oe-009,0.0,3,0.0,0.0,vector_first,0.071,0.0,0.410779,0.02,ancestor_reuse,True
generated_exact_oracle,tridb_live,0.0,2.0,29.0,,31.0,openevolve,1.0,1.0,2,False,31,0.586428,0.6189072,0.6217942399999999,1.0,vector_first-e1291c2e8845,post,2,oe-009,1.0,3,0.0,0.0,vector_first,0.113,0.035,0.4234279999999999,0.018,ancestor_reuse,True
generated_exact_oracle,tridb_live,0.0,0.0,29.0,,20.0,openevolve,0.0,0.0,5,False,20,0.718406,0.7217593999999999,0.72205748,0.0,vector_first-e83511f32e02,during,2,oe-009,0.0,3,0.0,0.0,vector_first,0.113,0.124,0.431132,0.026,ancestor_reuse,True
generated_exact_oracle,tridb_live,0.0,0.0,29.0,,8.0,openevolve,0.0,0.0,2,True,8,0.515373,0.6080199000000001,0.61625518,0.0,vector_first-ebaeb868fc9b,post,2,oe-009,0.0,3,0.0,0.0,vector_first,0.083,0.0,0.416373,0.016,ancestor_reuse,True
generated_exact_oracle,tridb_live,0.0,0.0,29.0,,5.0,openevolve,0.0,0.0,1,False,5,0.598442,0.6194588,0.62132696,0.0,vector_first-f0a58d413e0f,during,2,oe-009,0.0,3,0.0,0.0,vector_first,0.085,0.078,0.42044200000000004,0.018,ancestor_reuse,True
generated_exact_oracle,tridb_live,0.0,5.0,29.0,,31.0,openevolve,1.0,1.0,5,False,31,0.666472,0.6898009,0.69187458,1.0,vector_first-f0db45cb5ec3,post,2,oe-009,1.0,3,0.0,0.0,vector_first,0.139,0.082,0.42847199999999996,0.023,ancestor_reuse,True
generated_exact_oracle,tridb_live,0.0,0.0,29.0,,10.0,openevolve,0.0,0.0,5,False,10,0.69644,0.7760729,0.78315138,0.0,vector_first-f99672c00fed,during,2,oe-009,0.0,3,0.0,0.0,vector_first,0.107,0.119,0.44843999999999995,0.031,ancestor_reuse,True
manually_audited_v0.1,tridb_live,0.0,0.0,4176.0,,50.0,stark_prime,0.0,0.0,1,False,50,13.038175,13.2248044,13.24139368,0.0,filter_first-03f67415e651,pre,2,stark-prime-000,0.0,3,0.0,0.0,filter_first,12.309,0.0,0.6831750000000003,0.047,typed_chain,True
manually_audited_v0.1,tridb_live,0.0,0.0,4176.0,,20.0,stark_prime,0.0,0.0,1,False,20,13.086697,13.2857005,13.3033897,0.0,filter_first-1cad3c1573b2,pre,2,stark-prime-000,0.0,3,0.0,0.0,filter_first,12.295,0.0,0.705642000000001,0.046,typed_chain,True
manually_audited_v0.1,tridb_live,0.0,0.0,4176.0,,100.0,stark_prime,0.0,0.0,1,False,100,13.021951,13.920036699999999,13.99986654,0.0,filter_first-2387000dc3a8,pre,2,stark-prime-000,0.0,3,0.0,0.0,filter_first,12.242,0.0,0.7339509999999994,0.049,typed_chain,True
manually_audited_v0.1,tridb_live,0.0,0.0,4176.0,,100.0,stark_prime,0.0,0.0,2,False,100,13.074034,13.227371499999999,13.2410015,0.0,filter_first-28ed17c208d7,pre,2,stark-prime-000,0.0,3,0.0,0.0,filter_first,12.326,0.0,0.6740339999999989,0.074,typed_chain,True
manually_audited_v0.1,tridb_live,0.0,0.0,4176.0,,50.0,stark_prime,0.0,0.0,2,False,50,13.08404,13.254167,13.2692894,0.0,filter_first-2d01f654960c,pre,2,stark-prime-000,0.0,3,0.0,0.0,filter_first,12.359,0.0,0.6057940000000013,0.069,typed_chain,True
manually_audited_v0.1,tridb_live,0.0,0.0,4176.0,,1.0,stark_prime,0.0,0.0,2,False,1,3.228436,3.8357677,3.88975274,0.0,filter_first-3a7f1025f729,pre,2,stark-prime-000,0.0,3,0.0,0.0,filter_first,2.51,0.0,0.6514359999999999,0.059,typed_chain,True
manually_audited_v0.1,tridb_live,0.0,0.0,4176.0,,20.0,stark_prime,0.0,0.0,2,False,20,13.352356,13.6267336,13.65112272,0.0,filter_first-46ec65dc7fea,pre,2,stark-prime-000,0.0,3,0.0,0.0,filter_first,12.346,0.0,0.9353560000000005,0.068,typed_chain,True
manually_audited_v0.1,tridb_live,0.0,0.0,4176.0,,10.0,stark_prime,0.0,0.0,1,False,10,13.063183,13.665379300000001,13.718907860000002,0.0,filter_first-8532bb36e741,pre,2,stark-prime-000,0.0,3,0.0,0.0,filter_first,12.429,0.0,0.5861830000000001,0.048,typed_chain,True
manually_audited_v0.1,tridb_live,0.0,0.0,4176.0,,5.0,stark_prime,0.0,0.0,1,False,5,14.46395,20.9156486,21.48913292,0.0,filter_first-8699218b4a03,pre,2,stark-prime-000,0.0,3,0.0,0.0,filter_first,13.495,0.0,0.9229500000000002,0.05,typed_chain,True
manually_audited_v0.1,tridb_live,0.0,0.0,4176.0,,10.0,stark_prime,0.0,0.0,2,False,10,13.047988,13.1940976,13.207085119999999,0.0,filter_first-88d1f0b4340a,pre,2,stark-prime-000,0.0,3,0.0,0.0,filter_first,12.34,0.0,0.6459880000000009,0.068,typed_chain,True
manually_audited_v0.1,tridb_live,0.0,0.0,4176.0,,5.0,stark_prime,0.0,0.0,2,False,5,13.655168,14.0935931,14.13256422,0.0,filter_first-bb7c33f6d989,pre,2,stark-prime-000,0.0,3,0.0,0.0,filter_first,12.682,0.0,0.9081679999999999,0.069,typed_chain,True
manually_audited_v0.1,tridb_live,0.0,0.0,4176.0,,1.0,stark_prime,0.0,0.0,1,False,1,4.262244,7.678041,7.981667400000001,0.0,filter_first-ef43b60e2e3b,pre,2,stark-prime-000,0.0,3,0.0,0.0,filter_first,3.258,0.0,0.7455740000000004,0.051,typed_chain,True
manually_audited_v0.1,tridb_live,0.0,0.0,4176.0,,,stark_prime,0.0,0.0,1,False,1,0.497895,0.7020249,0.72016978,0.0,traverse_first-0e65f761853b,during,2,stark-prime-000,0.0,3,0.0,0.0,traverse_first,0.0,0.027,0.444895,0.026,typed_chain,True
manually_audited_v0.1,tridb_live,0.0,1.0,4176.0,,,stark_prime,1.0,1.0,2,False,1,0.609652,0.6260554,0.6275134800000001,1.0,traverse_first-1401f30333f9,post,2,stark-prime-000,0.25,3,0.0,0.0,traverse_first,0.011,0.142,0.41965199999999997,0.038,typed_chain,True
manually_audited_v0.1,tridb_live,0.0,4.0,4176.0,,,stark_prime,1.0,1.0,2,False,50,0.645869,0.697727,0.7023366,1.0,traverse_first-15df7fd20126,post,2,stark-prime-000,1.0,3,0.0,0.0,traverse_first,0.014,0.147,0.447869,0.042,typed_chain,True
manually_audited_v0.1,tridb_live,0.0,0.0,4176.0,,,stark_prime,0.0,0.0,1,False,50,0.818217,0.8478108000000001,0.85044136,0.0,traverse_first-18e80c0b50a9,post,2,stark-prime-000,0.0,3,0.0,0.0,traverse_first,0.0,0.02,0.7732169999999999,0.022,typed_chain,True
manually_audited_v0.1,tridb_live,0.0,0.0,4176.0,,,stark_prime,0.0,0.0,1,False,5,0.448473,0.4575612,0.45836904,0.0,traverse_first-2ef9d31e2115,during,2,stark-prime-000,0.0,3,0.0,0.0,traverse_first,0.0,0.016,0.414473,0.019,typed_chain,True
manually_audited_v0.1,tridb_live,0.0,0.0,4176.0,,,stark_prime,0.0,0.0,1,False,100,0.478749,0.5109743999999999,0.51383888,0.0,traverse_first-3161568b8481,during,2,stark-prime-000,0.0,3,0.0,0.0,traverse_first,0.0,0.022,0.437749,0.022,typed_chain,True
manually_audited_v0.1,tridb_live,0.0,4.0,4176.0,,,stark_prime,1.0,1.0,2,False,50,0.664396,0.7219708,0.72708856,1.0,traverse_first-532feb3a2124,during,2,stark-prime-000,1.0,3,0.0,0.0,traverse_first,0.021,0.163,0.436396,0.043,typed_chain,True
manually_audited_v0.1,tridb_live,0.0,4.0,4176.0,,,stark_prime,1.0,1.0,2,False,10,0.655154,0.6593516,0.65972472,1.0,traverse_first-5be44627d46d,post,2,stark-prime-000,1.0,3,0.0,0.0,traverse_first,0.016,0.145,0.45181800000000005,0.042,typed_chain,True
manually_audited_v0.1,tridb_live,0.0,4.0,4176.0,,,stark_prime,1.0,1.0,2,False,20,0.636748,0.6751410999999999,0.67855382,1.0,traverse_first-5dac164247a2,post,2,stark-prime-000,1.0,3,0.0,0.0,traverse_first,0.016,0.147,0.43974799999999997,0.041,typed_chain,True
manually_audited_v0.1,tridb_live,0.0,4.0,4176.0,,,stark_prime,1.0,1.0,2,False,100,0.705817,0.7578541,0.76247962,1.0,traverse_first-6c308678a8d4,post,2,stark-prime-000,1.0,3,0.0,0.0,traverse_first,0.014,0.18,0.46781700000000004,0.044,typed_chain,True
manually_audited_v0.1,tridb_live,0.0,0.0,4176.0,,,stark_prime,0.0,0.0,1,False,20,0.491766,0.6586863,0.67352366,0.0,traverse_first-6e5585f7fa7d,during,2,stark-prime-000,0.0,3,0.0,0.0,traverse_first,0.0,0.029,0.43578300000000003,0.029,typed_chain,True
manually_audited_v0.1,tridb_live,0.0,4.0,4176.0,,,stark_prime,1.0,1.0,2,False,100,0.635221,0.697645,0.7031938,1.0,traverse_first-702b20668df6,during,2,stark-prime-000,1.0,3,0.0,0.0,traverse_first,0.017,0.151,0.4282210000000001,0.039,typed_chain,True
manually_audited_v0.1,tridb_live,0.0,0.0,4176.0,,,stark_prime,0.0,0.0,1,False,20,0.471208,0.4859509,0.48726138,0.0,traverse_first-76359c42693a,post,2,stark-prime-000,0.0,3,0.0,0.0,traverse_first,0.0,0.023,0.42820800000000003,0.022,typed_chain,True
manually_audited_v0.1,tridb_live,0.0,0.0,4176.0,,,stark_prime,0.0,0.0,1,False,10,0.641901,4.7128656,5.07472912,0.0,traverse_first-7e45a5be9de9,post,2,stark-prime-000,0.0,3,0.0,0.0,traverse_first,0.0,0.046,0.5559010000000001,0.04,typed_chain,True
manually_audited_v0.1,tridb_live,0.0,0.0,4176.0,,,stark_prime,0.0,0.0,1,False,50,0.460958,0.8405429,0.8742837800000001,0.0,traverse_first-82c8aed23797,during,2,stark-prime-000,0.0,3,0.0,0.0,traverse_first,0.0,0.02,0.415958,0.024,typed_chain,True
manually_audited_v0.1,tridb_live,0.0,0.0,4176.0,,,stark_prime,0.0,0.0,1,False,10,0.462587,0.47892559999999995,0.48037791999999996,0.0,traverse_first-8d055dcb7096,during,2,stark-prime-000,0.0,3,0.0,0.0,traverse_first,0.0,0.017,0.42458700000000005,0.02,typed_chain,True
manually_audited_v0.1,tridb_live,0.0,1.0,4176.0,,,stark_prime,1.0,1.0,2,False,1,0.662579,0.8397386,0.85548612,1.0,traverse_first-92d6d9491887,during,2,stark-prime-000,0.25,3,0.0,0.0,traverse_first,0.022,0.173,0.42357900000000004,0.043,typed_chain,True
manually_audited_v0.1,tridb_live,0.0,0.0,4176.0,,,stark_prime,0.0,0.0,1,False,1,0.457609,0.4652635,0.46594389999999997,0.0,traverse_first-a6e5d14e469b,post,2,stark-prime-000,0.0,3,0.0,0.0,traverse_first,0.0,0.017,0.420609,0.02,typed_chain,True
manually_audited_v0.1,tridb_live,0.0,4.0,4176.0,,,stark_prime,1.0,1.0,2,False,5,0.608802,0.6159920999999999,0.6166312199999999,1.0,traverse_first-b279d6126ea0,post,2,stark-prime-000,1.0,3,0.0,0.0,traverse_first,0.012,0.142,0.425791,0.035,typed_chain,True
manually_audited_v0.1,tridb_live,0.0,0.0,4176.0,,,stark_prime,0.0,0.0,1,False,100,0.493334,0.504791,0.5058094,0.0,traverse_first-c289b470b52c,post,2,stark-prime-000,0.0,3,0.0,0.0,traverse_first,0.0,0.021,0.450334,0.022,typed_chain,True
manually_audited_v0.1,tridb_live,0.0,4.0,4176.0,,,stark_prime,1.0,1.0,2,False,5,0.628193,0.6475088,0.64922576,1.0,traverse_first-cccdd3ed958f,during,2,stark-prime-000,1.0,3,0.0,0.0,traverse_first,0.014,0.149,0.4197930000000001,0.039,typed_chain,True
manually_audited_v0.1,tridb_live,0.0,4.0,4176.0,,,stark_prime,1.0,1.0,2,False,20,0.719333,0.7953389000000001,0.80209498,1.0,traverse_first-e4d7ef105a79,during,2,stark-prime-000,1.0,3,0.0,0.0,traverse_first,0.017,0.184,0.474333,0.044,typed_chain,True
manually_audited_v0.1,tridb_live,0.0,0.0,4176.0,,,stark_prime,0.0,0.0,1,False,5,0.433031,0.4365698,0.43688435999999997,0.0,traverse_first-f0fdb2bba196,post,2,stark-prime-000,0.0,3,0.0,0.0,traverse_first,0.0,0.016,0.400003,0.018,typed_chain,True
manually_audited_v0.1,tridb_live,0.0,4.0,4176.0,,,stark_prime,1.0,1.0,2,False,10,0.99297,1.1977488,1.21595136,1.0,traverse_first-f9b36ac9da92,during,2,stark-prime-000,1.0,3,0.0,0.0,traverse_first,0.039,0.342,0.5808260000000001,0.074,typed_chain,True
manually_audited_v0.1,tridb_live,0.0,0.0,4176.0,,50.0,stark_prime,0.0,0.0,1,False,50,1.450685,1.4657816000000001,1.4671235200000001,0.0,vector_first-12e4b447491a,post,2,stark-prime-000,0.0,3,0.0,0.0,vector_first,0.925,0.0,0.49568500000000004,0.034,typed_chain,True
manually_audited_v0.1,tridb_live,0.0,0.0,4176.0,,50.0,stark_prime,0.0,0.0,2,False,50,1.716822,1.8615051,1.87436582,0.0,vector_first-2670324e0bc6,during,2,stark-prime-000,0.0,3,0.0,0.0,vector_first,0.953,0.234,0.5268220000000001,0.0,typed_chain,True
manually_audited_v0.1,tridb_live,0.0,0.0,4176.0,,20.0,stark_prime,0.0,0.0,2,False,20,1.467904,1.5256839999999998,1.5308199999999998,0.0,vector_first-27d19d1f923e,during,2,stark-prime-000,0.0,3,0.0,0.0,vector_first,0.798,0.149,0.5109040000000001,0.0,typed_chain,True
manually_audited_v0.1,tridb_live,0.0,0.0,4176.0,,10.0,stark_prime,0.0,0.0,1,False,10,1.308692,1.3418561,1.34480402,0.0,vector_first-404f84e6a5f4,post,2,stark-prime-000,0.0,3,0.0,0.0,vector_first,0.776,0.0,0.4810789999999999,0.035,typed_chain,True
manually_audited_v0.1,tridb_live,0.0,0.0,4176.0,,20.0,stark_prime,0.0,0.0,1,False,20,1.379029,1.4642724999999999,1.4718497,0.0,vector_first-4c96de282a3c,during,2,stark-prime-000,0.0,3,0.0,0.0,vector_first,0.791,0.148,0.4377439999999999,0.0,typed_chain,True
manually_audited_v0.1,tridb_live,0.0,0.0,4176.0,,5.0,stark_prime,0.0,0.0,1,False,5,1.252821,1.278759,1.2810646,0.0,vector_first-539cd672e6b6,post,2,stark-prime-000,0.0,3,0.0,0.0,vector_first,0.756,0.0,0.4618209999999999,0.033,typed_chain,True
manually_audited_v0.1,tridb_live,0.0,0.0,4176.0,,100.0,stark_prime,0.0,0.0,2,False,100,1.664354,1.6760252,1.67706264,0.0,vector_first-736b83dff9a6,post,2,stark-prime-000,0.0,3,0.0,0.0,vector_first,1.058,0.057,0.494947,0.054,typed_chain,True
manually_audited_v0.1,tridb_live,0.0,0.0,4176.0,,5.0,stark_prime,0.0,0.0,2,False,5,1.287348,1.3457841,1.35097842,0.0,vector_first-7462d459aaf5,during,2,stark-prime-000,0.0,3,0.0,0.0,vector_first,0.741,0.092,0.471348,0.0,typed_chain,True
manually_audited_v0.1,tridb_live,0.0,0.0,4176.0,,1.0,stark_prime,0.0,0.0,2,False,1,1.241818,2.1921657999999997,2.2766411599999996,0.0,vector_first-79d7f13154dd,post,2,stark-prime-000,0.0,3,0.0,0.0,vector_first,0.713,0.0,0.4768180000000001,0.052,typed_chain,True
manually_audited_v0.1,tridb_live,0.0,0.0,4176.0,,1.0,stark_prime,0.0,0.0,2,False,1,1.277176,1.5948624999999998,1.6231012999999999,0.0,vector_first-8735078935c5,during,2,stark-prime-000,0.0,3,0.0,0.0,vector_first,0.747,0.037,0.49317600000000006,0.0,typed_chain,True
manually_audited_v0.1,tridb_live,0.0,0.0,4176.0,,10.0,stark_prime,0.0,0.0,1,False,10,1.398314,1.6539995,1.6767271000000001,0.0,vector_first-879c2f5ec6a7,during,2,stark-prime-000,0.0,3,0.0,0.0,vector_first,0.789,0.115,0.49181600000000003,0.0,typed_chain,True
manually_audited_v0.1,tridb_live,0.0,0.0,4176.0,,100.0,stark_prime,0.0,0.0,1,False,100,1.99314,2.3844500999999996,2.4192332199999997,0.0,vector_first-95fb2abe9f82,during,2,stark-prime-000,0.0,3,0.0,0.0,vector_first,1.113,0.373,0.4808290000000002,0.0,typed_chain,True
manually_audited_v0.1,tridb_live,0.0,0.0,4176.0,,100.0,stark_prime,0.0,0.0,1,False,100,1.624196,1.6676345,1.6714957,0.0,vector_first-9a76384ab2d2,post,2,stark-prime-000,0.0,3,0.0,0.0,vector_first,1.068,0.0,0.5284610000000001,0.035,typed_chain,True
manually_audited_v0.1,tridb_live,0.0,0.0,4176.0,,10.0,stark_prime,0.0,0.0,2,False,10,1.366924,1.4075743,1.41118766,0.0,vector_first-9e027ae921ee,during,2,stark-prime-000,0.0,3,0.0,0.0,vector_first,0.78,0.119,0.467924,0.0,typed_chain,True
manually_audited_v0.1,tridb_live,0.0,0.0,4176.0,,1.0,stark_prime,0.0,0.0,1,False,1,1.98352,2.3594203,2.39283366,0.0,vector_first-9f2a495d4986,during,2,stark-prime-000,0.0,3,0.0,0.0,vector_first,1.484,0.034,0.46551999999999993,0.0,typed_chain,True
manually_audited_v0.1,tridb_live,0.0,0.0,4176.0,,5.0,stark_prime,0.0,0.0,2,False,5,1.297461,1.3769643,1.38403126,0.0,vector_first-a5b8d6da0107,post,2,stark-prime-000,0.0,3,0.0,0.0,vector_first,0.757,0.03,0.47054799999999997,0.054,typed_chain,True
manually_audited_v0.1,tridb_live,0.0,0.0,4176.0,,50.0,stark_prime,0.0,0.0,2,False,50,1.487528,1.4939351,1.49450462,0.0,vector_first-a7431c3167bb,post,2,stark-prime-000,0.0,3,0.0,0.0,vector_first,0.89,0.057,0.48664700000000005,0.052,typed_chain,True
manually_audited_v0.1,tridb_live,0.0,0.0,4176.0,,10.0,stark_prime,0.0,0.0,2,False,10,1.304077,1.3188919,1.32020878,0.0,vector_first-a802c228be07,post,2,stark-prime-000,0.0,3,0.0,0.0,vector_first,0.768,0.028,0.461538,0.056,typed_chain,True
manually_audited_v0.1,tridb_live,0.0,0.0,4176.0,,50.0,stark_prime,0.0,0.0,1,False,50,1.955086,2.1178024,2.13226608,0.0,vector_first-b3f469e3373a,during,2,stark-prime-000,0.0,3,0.0,0.0,vector_first,0.981,0.26,0.47940099999999997,0.0,typed_chain,True
manually_audited_v0.1,tridb_live,0.0,0.0,4176.0,,100.0,stark_prime,0.0,0.0,2,False,100,1.909316,1.9631927,1.96798174,0.0,vector_first-b9cbe3a2c022,during,2,stark-prime-000,0.0,3,0.0,0.0,vector_first,1.052,0.355,0.49717900000000004,0.0,typed_chain,True
manually_audited_v0.1,tridb_live,0.0,0.0,4176.0,,1.0,stark_prime,0.0,0.0,1,False,1,1.509464,1.8872615,1.9208435,0.0,vector_first-c1efa57fb2c2,post,2,stark-prime-000,0.0,3,0.0,0.0,vector_first,0.794,0.0,0.6452389999999999,0.036,typed_chain,True
manually_audited_v0.1,tridb_live,0.0,0.0,4176.0,,20.0,stark_prime,0.0,0.0,2,False,20,1.385044,1.4045560000000001,1.4062904,0.0,vector_first-c9c7dff0ae35,post,2,stark-prime-000,0.0,3,0.0,0.0,vector_first,0.797,0.029,0.48572400000000004,0.051,typed_chain,True
manually_audited_v0.1,tridb_live,0.0,0.0,4176.0,,20.0,stark_prime,0.0,0.0,1,False,20,1.2888,1.3006422,1.30169484,0.0,vector_first-ce905df43902,post,2,stark-prime-000,0.0,3,0.0,0.0,vector_first,0.773,0.0,0.4688,0.032,typed_chain,True
manually_audited_v0.1,tridb_live,0.0,0.0,4176.0,,8.0,stark_prime,0.0,0.0,2,True,8,1.36956,1.4354679,1.44132638,0.0,vector_first-ebaeb868fc9b,post,2,stark-prime-000,0.0,3,0.0,0.0,vector_first,0.802,0.033,0.48079099999999997,0.052,typed_chain,True
manually_audited_v0.1,tridb_live,0.0,0.0,4176.0,,5.0,stark_prime,0.0,0.0,1,False,5,1.264497,1.299966,1.3031188,0.0,vector_first-f0a58d413e0f,during,2,stark-prime-000,0.0,3,0.0,0.0,vector_first,0.727,0.089,0.44878799999999996,0.0,typed_chain,True
manually_audited_v0.1,tridb_live,0.0,0.0,27671.0,,50.0,stark_prime,0.0,0.0,1,False,50,74.038543,74.2360741,74.25363242,0.0,filter_first-03f67415e651,pre,1,stark-prime-001,0.0,3,0.0,0.0,filter_first,73.235,0.0,0.795022000000003,0.065,neighbor_intersection,True
manually_audited_v0.1,tridb_live,0.0,0.0,27671.0,,20.0,stark_prime,0.0,0.0,1,False,20,71.400061,71.5327912,71.54458944,0.0,filter_first-1cad3c1573b2,pre,1,stark-prime-001,0.0,3,0.0,0.0,filter_first,70.548,0.0,0.7934010000000029,0.063,neighbor_intersection,True
manually_audited_v0.1,tridb_live,0.0,0.0,27671.0,,100.0,stark_prime,0.0,0.0,1,False,100,132.45399,135.3161187,135.57053014,0.0,filter_first-2387000dc3a8,pre,1,stark-prime-001,0.0,3,0.0,0.0,filter_first,131.336,0.0,1.348748999999998,0.065,neighbor_intersection,True
manually_audited_v0.1,tridb_live,0.0,0.0,27671.0,,100.0,stark_prime,0.0,0.0,2,False,100,107.536075,118.0999051,119.03891222,0.0,filter_first-28ed17c208d7,pre,1,stark-prime-001,0.0,3,0.0,0.0,filter_first,106.412,0.0,1.0060749999999956,0.119,neighbor_intersection,True
manually_audited_v0.1,tridb_live,0.0,0.0,27671.0,,50.0,stark_prime,0.0,0.0,2,False,50,75.246615,91.369134,92.8022468,0.0,filter_first-2d01f654960c,pre,1,stark-prime-001,0.0,3,0.0,0.0,filter_first,74.308,0.0,0.8405549999999948,0.117,neighbor_intersection,True
manually_audited_v0.1,tridb_live,0.0,0.0,27671.0,,1.0,stark_prime,0.0,0.0,2,False,1,17.878999,18.274427499999998,18.309576699999997,0.0,filter_first-3a7f1025f729,pre,1,stark-prime-001,0.0,3,0.0,0.0,filter_first,17.082,0.0,0.756138,0.096,neighbor_intersection,True
manually_audited_v0.1,tridb_live,0.0,0.0,27671.0,,20.0,stark_prime,0.0,0.0,2,False,20,70.595694,71.27412389999999,71.33442878,0.0,filter_first-46ec65dc7fea,pre,1,stark-prime-001,0.0,3,0.0,0.0,filter_first,69.254,0.0,0.7775049999999908,0.117,neighbor_intersection,True
manually_audited_v0.1,tridb_live,0.0,0.0,27671.0,,10.0,stark_prime,0.0,0.0,1,False,10,66.203728,66.4498294,66.47170508,0.0,filter_first-8532bb36e741,pre,1,stark-prime-001,0.0,3,0.0,0.0,filter_first,65.313,0.0,0.8307279999999935,0.063,neighbor_intersection,True
manually_audited_v0.1,tridb_live,0.0,0.0,27671.0,,5.0,stark_prime,0.0,0.0,1,False,5,32.929179,33.20470769999999,33.22919914,0.0,filter_first-8699218b4a03,pre,1,stark-prime-001,0.0,3,0.0,0.0,filter_first,32.128,0.0,0.8037029999999987,0.051,neighbor_intersection,True
manually_audited_v0.1,tridb_live,0.0,0.0,27671.0,,10.0,stark_prime,0.0,0.0,2,False,10,69.356822,69.6441191,69.66965662,0.0,filter_first-88d1f0b4340a,pre,1,stark-prime-001,0.0,3,0.0,0.0,filter_first,68.336,0.0,0.9200409999999977,0.114,neighbor_intersection,True
manually_audited_v0.1,tridb_live,0.0,0.0,27671.0,,5.0,stark_prime,0.0,0.0,2,False,5,54.407518,55.4477569,55.54022258,0.0,filter_first-bb7c33f6d989,pre,1,stark-prime-001,0.0,3,0.0,0.0,filter_first,53.187,0.0,1.1115180000000038,0.109,neighbor_intersection,True
manually_audited_v0.1,tridb_live,0.0,0.0,27671.0,,1.0,stark_prime,0.0,0.0,1,False,1,36.028816,40.6076011,41.014604219999995,0.0,filter_first-ef43b60e2e3b,pre,1,stark-prime-001,0.0,3,0.0,0.0,filter_first,35.308,0.0,0.804355000000001,0.052,neighbor_intersection,True
manually_audited_v0.1,tridb_live,0.0,1.0,27671.0,,,stark_prime,1.0,1.0,1,False,1,0.506408,1.8948019999999999,2.0182148,1.0,traverse_first-0e65f761853b,during,1,stark-prime-001,1.0,3,0.0,0.0,traverse_first,0.004,0.026,0.454408,0.022,neighbor_intersection,True
manually_audited_v0.1,tridb_live,0.0,1.0,27671.0,,,stark_prime,1.0,1.0,2,False,1,0.655487,0.6568189999999999,0.6569374,1.0,traverse_first-1401f30333f9,post,1,stark-prime-001,1.0,3,0.0,0.0,traverse_first,0.003,0.188,0.41505500000000006,0.056,neighbor_intersection,True
manually_audited_v0.1,tridb_live,0.0,1.0,27671.0,,,stark_prime,1.0,1.0,2,False,50,0.817981,1.4202682,1.4738048400000001,1.0,traverse_first-15df7fd20126,post,1,stark-prime-001,1.0,3,0.0,0.0,traverse_first,0.005,0.237,0.507981,0.068,neighbor_intersection,True
manually_audited_v0.1,tridb_live,0.0,1.0,27671.0,,,stark_prime,1.0,1.0,1,False,50,0.45921,0.467715,0.468471,1.0,traverse_first-18e80c0b50a9,post,1,stark-prime-001,1.0,3,0.0,0.0,traverse_first,0.003,0.017,0.42421,0.015,neighbor_intersection,True
manually_audited_v0.1,tridb_live,0.0,1.0,27671.0,,,stark_prime,1.0,1.0,1,False,5,0.451082,0.47569069999999997,0.47787814,1.0,traverse_first-2ef9d31e2115,during,1,stark-prime-001,1.0,3,0.0,0.0,traverse_first,0.003,0.019,0.41486900000000004,0.016,neighbor_intersection,True
manually_audited_v0.1,tridb_live,0.0,1.0,27671.0,,,stark_prime,1.0,1.0,1,False,100,0.506135,0.7583384,0.78075648,1.0,traverse_first-3161568b8481,during,1,stark-prime-001,1.0,3,0.0,0.0,traverse_first,0.004,0.024,0.448135,0.022,neighbor_intersection,True
manually_audited_v0.1,tridb_live,0.0,1.0,27671.0,,,stark_prime,1.0,1.0,2,False,50,0.705459,0.70761,0.7078011999999999,1.0,traverse_first-532feb3a2124,during,1,stark-prime-001,1.0,3,0.0,0.0,traverse_first,0.004,0.201,0.43163799999999997,0.058,neighbor_intersection,True
manually_audited_v0.1,tridb_live,0.0,1.0,27671.0,,,stark_prime,1.0,1.0,2,False,10,0.650977,0.6778852,0.68027704,1.0,traverse_first-5be44627d46d,post,1,stark-prime-001,1.0,3,0.0,0.0,traverse_first,0.003,0.186,0.40797700000000003,0.055,neighbor_intersection,True
manually_audited_v0.1,tridb_live,0.0,1.0,27671.0,,,stark_prime,1.0,1.0,2,False,20,0.682608,0.6979143,0.6992748599999999,1.0,traverse_first-5dac164247a2,post,1,stark-prime-001,1.0,3,0.0,0.0,traverse_first,0.003,0.191,0.436615,0.06,neighbor_intersection,True
manually_audited_v0.1,tridb_live,0.0,1.0,27671.0,,,stark_prime,1.0,1.0,2,False,100,0.684163,0.7075305999999999,0.7096077199999999,1.0,traverse_first-6c308678a8d4,post,1,stark-prime-001,1.0,3,0.0,0.0,traverse_first,0.004,0.194,0.43116299999999996,0.059,neighbor_intersection,True
manually_audited_v0.1,tridb_live,0.0,1.0,27671.0,,,stark_prime,1.0,1.0,1,False,20,0.444164,0.4474544,0.44774688,1.0,traverse_first-6e5585f7fa7d,during,1,stark-prime-001,1.0,3,0.0,0.0,traverse_first,0.003,0.02,0.40282,0.015,neighbor_intersection,True
manually_audited_v0.1,tridb_live,0.0,1.0,27671.0,,,stark_prime,1.0,1.0,2,False,100,0.733325,0.8550977,0.86592194,1.0,traverse_first-702b20668df6,during,1,stark-prime-001,1.0,3,0.0,0.0,traverse_first,0.005,0.217,0.444325,0.068,neighbor_intersection,True
manually_audited_v0.1,tridb_live,0.0,1.0,27671.0,,,stark_prime,1.0,1.0,1,False,20,0.474694,1.3119882999999999,1.3864144600000001,1.0,traverse_first-76359c42693a,post,1,stark-prime-001,1.0,3,0.0,0.0,traverse_first,0.003,0.019,0.43784900000000004,0.017,neighbor_intersection,True
manually_audited_v0.1,tridb_live,0.0,1.0,27671.0,,,stark_prime,1.0,1.0,1,False,10,0.436163,0.4379594,0.43811908,1.0,traverse_first-7e45a5be9de9,post,1,stark-prime-001,1.0,3,0.0,0.0,traverse_first,0.002,0.015,0.404231,0.014,neighbor_intersection,True
manually_audited_v0.1,tridb_live,0.0,1.0,27671.0,,,stark_prime,1.0,1.0,1,False,50,0.459027,0.45955890000000005,0.45960618000000003,1.0,traverse_first-82c8aed23797,during,1,stark-prime-001,1.0,3,0.0,0.0,traverse_first,0.003,0.018,0.42161800000000005,0.015,neighbor_intersection,True
manually_audited_v0.1,tridb_live,0.0,1.0,27671.0,,,stark_prime,1.0,1.0,1,False,10,0.437849,0.4774427,0.48096214,1.0,traverse_first-8d055dcb7096,during,1,stark-prime-001,1.0,3,0.0,0.0,traverse_first,0.003,0.016,0.405849,0.014,neighbor_intersection,True
manually_audited_v0.1,tridb_live,0.0,1.0,27671.0,,,stark_prime,1.0,1.0,2,False,1,0.681552,0.8286534,0.84172908,1.0,traverse_first-92d6d9491887,during,1,stark-prime-001,1.0,3,0.0,0.0,traverse_first,0.004,0.2,0.41655200000000003,0.057,neighbor_intersection,True
manually_audited_v0.1,tridb_live,0.0,1.0,27671.0,,,stark_prime,1.0,1.0,1,False,1,0.44092,0.4460311,0.44648542,1.0,traverse_first-a6e5d14e469b,post,1,stark-prime-001,1.0,3,0.0,0.0,traverse_first,0.003,0.016,0.40691999999999995,0.015,neighbor_intersection,True
manually_audited_v0.1,tridb_live,0.0,1.0,27671.0,,,stark_prime,1.0,1.0,2,False,5,0.655497,0.6666732000000001,0.6676666400000001,1.0,traverse_first-b279d6126ea0,post,1,stark-prime-001,1.0,3,0.0,0.0,traverse_first,0.003,0.184,0.420497,0.052,neighbor_intersection,True
manually_audited_v0.1,tridb_live,0.0,1.0,27671.0,,,stark_prime,1.0,1.0,1,False,100,0.498261,0.5059866,0.50667332,1.0,traverse_first-c289b470b52c,post,1,stark-prime-001,1.0,3,0.0,0.0,traverse_first,0.004,0.025,0.452261,0.018,neighbor_intersection,True
manually_audited_v0.1,tridb_live,0.0,1.0,27671.0,,,stark_prime,1.0,1.0,2,False,5,0.680881,0.6968875,0.6983103,1.0,traverse_first-cccdd3ed958f,during,1,stark-prime-001,1.0,3,0.0,0.0,traverse_first,0.003,0.2,0.41588099999999995,0.053,neighbor_intersection,True
manually_audited_v0.1,tridb_live,0.0,1.0,27671.0,,,stark_prime,1.0,1.0,2,False,20,0.748879,0.7492407999999999,0.74927296,1.0,traverse_first-e4d7ef105a79,during,1,stark-prime-001,1.0,3,0.0,0.0,traverse_first,0.003,0.205,0.448879,0.056,neighbor_intersection,True
manually_audited_v0.1,tridb_live,0.0,1.0,27671.0,,,stark_prime,1.0,1.0,1,False,5,0.438571,0.4417687,0.44205294,1.0,traverse_first-f0fdb2bba196,post,1,stark-prime-001,1.0,3,0.0,0.0,traverse_first,0.002,0.017,0.400571,0.014,neighbor_intersection,True
manually_audited_v0.1,tridb_live,0.0,1.0,27671.0,,,stark_prime,1.0,1.0,2,False,10,0.71289,0.7463835,0.7493607,1.0,traverse_first-f9b36ac9da92,during,1,stark-prime-001,1.0,3,0.0,0.0,traverse_first,0.005,0.229,0.42689000000000005,0.062,neighbor_intersection,True
manually_audited_v0.1,tridb_live,0.0,0.0,27671.0,,50.0,stark_prime,0.0,0.0,1,False,50,1.685004,1.8149568,1.82650816,0.0,vector_first-12e4b447491a,post,1,stark-prime-001,0.0,3,0.0,0.0,vector_first,1.089,0.0,0.523004,0.03,neighbor_intersection,True
manually_audited_v0.1,tridb_live,0.0,0.0,27671.0,,50.0,stark_prime,0.0,0.0,2,False,50,1.778139,1.8162639,1.81965278,0.0,vector_first-2670324e0bc6,during,1,stark-prime-001,0.0,3,0.0,0.0,vector_first,1.096,0.222,0.47150000000000003,0.0,neighbor_intersection,True
manually_audited_v0.1,tridb_live,0.0,0.0,27671.0,,20.0,stark_prime,0.0,0.0,2,False,20,1.571679,1.5818913000000001,1.5827990600000001,0.0,vector_first-27d19d1f923e,during,1,stark-prime-001,0.0,3,0.0,0.0,vector_first,0.984,0.142,0.44702600000000015,0.0,neighbor_intersection,True
manually_audited_v0.1,tridb_live,0.0,0.0,27671.0,,10.0,stark_prime,0.0,0.0,1,False,10,1.464414,1.4909145000000001,1.4932701000000002,0.0,vector_first-404f84e6a5f4,post,1,stark-prime-001,0.0,3,0.0,0.0,vector_first,0.974,0.0,0.4594140000000002,0.031,neighbor_intersection,True
manually_audited_v0.1,tridb_live,0.0,0.0,27671.0,,20.0,stark_prime,0.0,0.0,1,False,20,1.664299,1.7612632000000001,1.76988224,0.0,vector_first-4c96de282a3c,during,1,stark-prime-001,0.0,3,0.0,0.0,vector_first,1.064,0.15,0.450299,0.0,neighbor_intersection,True
manually_audited_v0.1,tridb_live,0.0,0.0,27671.0,,5.0,stark_prime,0.0,0.0,1,False,5,1.494572,1.4964575,1.4966251,0.0,vector_first-539cd672e6b6,post,1,stark-prime-001,0.0,3,0.0,0.0,vector_first,0.982,0.0,0.4816610000000001,0.03,neighbor_intersection,True
manually_audited_v0.1,tridb_live,0.0,0.0,27671.0,,100.0,stark_prime,0.0,0.0,2,False,100,1.959043,2.0572546,2.0659845199999998,0.0,vector_first-736b83dff9a6,post,1,stark-prime-001,0.0,3,0.0,0.0,vector_first,1.287,0.0,0.5960430000000001,0.079,neighbor_intersection,True
manually_audited_v0.1,tridb_live,0.0,0.0,27671.0,,5.0,stark_prime,0.0,0.0,2,False,5,1.492221,1.5082707,1.50969734,0.0,vector_first-7462d459aaf5,during,1,stark-prime-001,0.0,3,0.0,0.0,vector_first,0.967,0.084,0.44205399999999995,0.0,neighbor_intersection,True
manually_audited_v0.1,tridb_live,0.0,0.0,27671.0,,1.0,stark_prime,0.0,0.0,2,False,1,1.526261,1.5769571,1.58146342,0.0,vector_first-79d7f13154dd,post,1,stark-prime-001,0.0,3,0.0,0.0,vector_first,0.994,0.0,0.47058999999999984,0.069,neighbor_intersection,True
manually_audited_v0.1,tridb_live,0.0,0.0,27671.0,,1.0,stark_prime,0.0,0.0,2,False,1,1.541472,1.6690002,1.68033604,0.0,vector_first-8735078935c5,during,1,stark-prime-001,0.0,3,0.0,0.0,vector_first,1.042,0.038,0.4614719999999999,0.0,neighbor_intersection,True
manually_audited_v0.1,tridb_live,0.0,0.0,27671.0,,10.0,stark_prime,0.0,0.0,1,False,10,1.775845,1.8030988000000001,1.80552136,0.0,vector_first-879c2f5ec6a7,during,1,stark-prime-001,0.0,3,0.0,0.0,vector_first,1.131,0.139,0.4791270000000001,0.0,neighbor_intersection,True
manually_audited_v0.1,tridb_live,0.0,0.0,27671.0,,100.0,stark_prime,0.0,0.0,1,False,100,2.228725,2.8666522,2.9233568400000003,0.0,vector_first-95fb2abe9f82,during,1,stark-prime-001,0.0,3,0.0,0.0,vector_first,1.371,0.357,0.5007249999999999,0.0,neighbor_intersection,True
manually_audited_v0.1,tridb_live,0.0,0.0,27671.0,,100.0,stark_prime,0.0,0.0,1,False,100,1.78306,1.9126239999999999,1.9241408,0.0,vector_first-9a76384ab2d2,post,1,stark-prime-001,0.0,3,0.0,0.0,vector_first,1.248,0.0,0.49906000000000006,0.033,neighbor_intersection,True
manually_audited_v0.1,tridb_live,0.0,0.0,27671.0,,10.0,stark_prime,0.0,0.0,2,False,10,1.498229,1.5068285,1.5075929,0.0,vector_first-9e027ae921ee,during,1,stark-prime-001,0.0,3,0.0,0.0,vector_first,0.955,0.11,0.4332290000000001,0.0,neighbor_intersection,True
manually_audited_v0.1,tridb_live,0.0,0.0,27671.0,,1.0,stark_prime,0.0,0.0,1,False,1,2.586626,6.100373599999999,6.412706719999999,0.0,vector_first-9f2a495d4986,during,1,stark-prime-001,0.0,3,0.0,0.0,vector_first,2.086,0.042,0.45862599999999976,0.0,neighbor_intersection,True
manually_audited_v0.1,tridb_live,0.0,0.0,27671.0,,5.0,stark_prime,0.0,0.0,2,False,5,1.582639,1.7403883,1.7544104600000001,0.0,vector_first-a5b8d6da0107,post,1,stark-prime-001,0.0,3,0.0,0.0,vector_first,1.041,0.0,0.4706389999999998,0.074,neighbor_intersection,True
manually_audited_v0.1,tridb_live,0.0,0.0,27671.0,,50.0,stark_prime,0.0,0.0,2,False,50,1.832106,2.3628621,2.41004042,0.0,vector_first-a7431c3167bb,post,1,stark-prime-001,0.0,3,0.0,0.0,vector_first,1.214,0.0,0.6168770000000001,0.077,neighbor_intersection,True
manually_audited_v0.1,tridb_live,0.0,0.0,27671.0,,10.0,stark_prime,0.0,0.0,2,False,10,1.558357,1.5622837,1.5626327400000002,0.0,vector_first-a802c228be07,post,1,stark-prime-001,0.0,3,0.0,0.0,vector_first,1.013,0.0,0.456685,0.078,neighbor_intersection,True
manually_audited_v0.1,tridb_live,0.0,0.0,27671.0,,50.0,stark_prime,0.0,0.0,1,False,50,2.035307,2.3794877000000003,2.41008154,0.0,vector_first-b3f469e3373a,during,1,stark-prime-001,0.0,3,0.0,0.0,vector_first,1.24,0.229,0.5110379999999999,0.0,neighbor_intersection,True
manually_audited_v0.1,tridb_live,0.0,0.0,27671.0,,100.0,stark_prime,0.0,0.0,2,False,100,2.118278,2.1191177,2.11919234,0.0,vector_first-b9cbe3a2c022,during,1,stark-prime-001,0.0,3,0.0,0.0,vector_first,1.274,0.359,0.47121100000000005,0.0,neighbor_intersection,True
manually_audited_v0.1,tridb_live,0.0,0.0,27671.0,,1.0,stark_prime,0.0,0.0,1,False,1,1.920465,2.3728491,2.41306102,0.0,vector_first-c1efa57fb2c2,post,1,stark-prime-001,0.0,3,0.0,0.0,vector_first,1.388,0.0,0.48446500000000015,0.039,neighbor_intersection,True
manually_audited_v0.1,tridb_live,0.0,0.0,27671.0,,20.0,stark_prime,0.0,0.0,2,False,20,1.618056,1.6984593,1.70560626,0.0,vector_first-c9c7dff0ae35,post,1,stark-prime-001,0.0,3,0.0,0.0,vector_first,1.071,0.0,0.48614500000000005,0.072,neighbor_intersection,True
manually_audited_v0.1,tridb_live,0.0,0.0,27671.0,,20.0,stark_prime,0.0,0.0,1,False,20,1.489749,1.4898786,1.4898901199999999,0.0,vector_first-ce905df43902,post,1,stark-prime-001,0.0,3,0.0,0.0,vector_first,1.003,0.0,0.451719,0.031,neighbor_intersection,True
manually_audited_v0.1,tridb_live,0.0,0.0,27671.0,,8.0,stark_prime,0.0,0.0,2,True,8,1.802938,1.8595741,1.86460842,0.0,vector_first-ebaeb868fc9b,post,1,stark-prime-001,0.0,3,0.0,0.0,vector_first,1.134,0.0,0.497938,0.075,neighbor_intersection,True
manually_audited_v0.1,tridb_live,0.0,0.0,27671.0,,5.0,stark_prime,0.0,0.0,1,False,5,1.571323,1.6117744,1.61537008,0.0,vector_first-f0a58d413e0f,during,1,stark-prime-001,0.0,3,0.0,0.0,vector_first,1.019,0.088,0.45673699999999995,0.0,neighbor_intersection,True
manually_audited_v0.1,tridb_live,0.0,0.0,15311.0,,50.0,stark_prime,0.0,0.0,1,False,50,49.619321,58.3416818,59.117002760000005,0.0,filter_first-03f67415e651,pre,2,stark-prime-002,0.0,3,0.0,0.0,filter_first,47.538,0.0,1.6847040000000035,0.054,typed_chain,True
manually_audited_v0.1,tridb_live,0.0,0.0,15311.0,,20.0,stark_prime,0.0,0.0,1,False,20,1.224398,1.8326504,1.88671728,0.0,filter_first-1cad3c1573b2,pre,2,stark-prime-002,0.0,3,0.0,0.0,filter_first,0.655,0.0,0.4743980000000001,0.028,typed_chain,True
manually_audited_v0.1,tridb_live,0.0,0.0,15311.0,,100.0,stark_prime,0.0,0.0,1,False,100,50.145374,50.4815807,50.51146574,0.0,filter_first-2387000dc3a8,pre,2,stark-prime-002,0.0,3,0.0,0.0,filter_first,48.064,0.0,2.0183739999999943,0.053,typed_chain,True
manually_audited_v0.1,tridb_live,0.0,3.0,15311.0,,100.0,stark_prime,1.0,1.0,2,False,100,47.981534,48.7271237,48.79339834,1.0,filter_first-28ed17c208d7,pre,2,stark-prime-002,1.0,3,0.0,0.0,filter_first,46.641,0.0,1.185966999999998,0.083,typed_chain,True
manually_audited_v0.1,tridb_live,0.0,3.0,15311.0,,50.0,stark_prime,1.0,1.0,2,False,50,48.734191,49.1047633,49.13770306,1.0,filter_first-2d01f654960c,pre,2,stark-prime-002,1.0,3,0.0,0.0,filter_first,47.178,0.0,1.4741910000000047,0.082,typed_chain,True
manually_audited_v0.1,tridb_live,0.0,0.0,15311.0,,1.0,stark_prime,0.0,0.0,2,False,1,1.130044,2.0961787,2.1820573399999996,0.0,filter_first-3a7f1025f729,pre,2,stark-prime-002,0.0,3,0.0,0.0,filter_first,0.548,0.0,0.5340440000000001,0.047,typed_chain,True
manually_audited_v0.1,tridb_live,0.0,3.0,15311.0,,20.0,stark_prime,1.0,1.0,2,False,20,1.199227,1.3577071,1.37179422,1.0,filter_first-46ec65dc7fea,pre,2,stark-prime-002,1.0,3,0.0,0.0,filter_first,0.629,0.0,0.533978,0.052,typed_chain,True
manually_audited_v0.1,tridb_live,0.0,0.0,15311.0,,10.0,stark_prime,0.0,0.0,1,False,10,1.137333,1.1668593,1.16948386,0.0,filter_first-8532bb36e741,pre,2,stark-prime-002,0.0,3,0.0,0.0,filter_first,0.614,0.0,0.5133329999999999,0.031,typed_chain,True
manually_audited_v0.1,tridb_live,0.0,0.0,15311.0,,5.0,stark_prime,0.0,0.0,1,False,5,1.194222,1.3133298,1.3239171600000001,0.0,filter_first-8699218b4a03,pre,2,stark-prime-002,0.0,3,0.0,0.0,filter_first,0.623,0.0,0.5352219999999999,0.034,typed_chain,True
manually_audited_v0.1,tridb_live,0.0,2.0,15311.0,,10.0,stark_prime,1.0,1.0,2,False,10,1.113208,1.1172480999999999,1.11760722,1.0,filter_first-88d1f0b4340a,pre,2,stark-prime-002,0.6666666666666666,3,0.0,0.0,filter_first,0.583,0.0,0.47969699999999993,0.05,typed_chain,True
manually_audited_v0.1,tridb_live,0.0,1.0,15311.0,,5.0,stark_prime,1.0,1.0,2,False,5,1.13686,1.2330997,1.24165434,1.0,filter_first-bb7c33f6d989,pre,2,stark-prime-002,0.3333333333333333,3,0.0,0.0,filter_first,0.589,0.0,0.49685999999999997,0.051,typed_chain,True
manually_audited_v0.1,tridb_live,0.0,0.0,15311.0,,1.0,stark_prime,0.0,0.0,1,False,1,1.340916,1.4667846,1.47797292,0.0,filter_first-ef43b60e2e3b,pre,2,stark-prime-002,0.0,3,0.0,0.0,filter_first,0.801,0.0,0.512916,0.027,typed_chain,True
manually_audited_v0.1,tridb_live,0.0,0.0,15311.0,,,stark_prime,0.0,0.0,1,False,1,0.549645,1.4665523999999999,1.5480552799999998,0.0,traverse_first-0e65f761853b,during,2,stark-prime-002,0.0,3,0.0,0.0,traverse_first,0.0,0.05,0.48064500000000004,0.033,typed_chain,True
manually_audited_v0.1,tridb_live,0.0,1.0,15311.0,,,stark_prime,1.0,1.0,2,False,1,0.612444,0.6240593999999999,0.6250918799999999,1.0,traverse_first-1401f30333f9,post,2,stark-prime-002,0.3333333333333333,3,0.0,0.0,traverse_first,0.011,0.144,0.430444,0.031,typed_chain,True
manually_audited_v0.1,tridb_live,0.0,3.0,15311.0,,,stark_prime,1.0,1.0,2,False,50,0.651623,0.6862433,0.68932066,1.0,traverse_first-15df7fd20126,post,2,stark-prime-002,1.0,3,0.0,0.0,traverse_first,0.01,0.15,0.45962299999999995,0.041,typed_chain,True
manually_audited_v0.1,tridb_live,0.0,0.0,15311.0,,,stark_prime,0.0,0.0,1,False,50,0.475873,0.4772401,0.47736162,0.0,traverse_first-18e80c0b50a9,post,2,stark-prime-002,0.0,3,0.0,0.0,traverse_first,0.0,0.041,0.418873,0.015,typed_chain,True
manually_audited_v0.1,tridb_live,0.0,0.0,15311.0,,,stark_prime,0.0,0.0,1,False,5,0.481549,0.4899253,0.49066986,0.0,traverse_first-2ef9d31e2115,during,2,stark-prime-002,0.0,3,0.0,0.0,traverse_first,0.0,0.04,0.427549,0.016,typed_chain,True
manually_audited_v0.1,tridb_live,0.0,0.0,15311.0,,,stark_prime,0.0,0.0,1,False,100,0.525315,0.6363057000000001,0.6461715400000001,0.0,traverse_first-3161568b8481,during,2,stark-prime-002,0.0,3,0.0,0.0,traverse_first,0.0,0.042,0.467315,0.017,typed_chain,True
manually_audited_v0.1,tridb_live,0.0,3.0,15311.0,,,stark_prime,1.0,1.0,2,False,50,0.698328,1.3832415,1.4441227,1.0,traverse_first-532feb3a2124,during,2,stark-prime-002,1.0,3,0.0,0.0,traverse_first,0.019,0.162,0.4418620000000001,0.038,typed_chain,True
manually_audited_v0.1,tridb_live,0.0,3.0,15311.0,,,stark_prime,1.0,1.0,2,False,10,0.816323,0.8297789,0.8309749799999999,1.0,traverse_first-5be44627d46d,post,2,stark-prime-002,1.0,3,0.0,0.0,traverse_first,0.011,0.152,0.616323,0.033,typed_chain,True
manually_audited_v0.1,tridb_live,0.0,3.0,15311.0,,,stark_prime,1.0,1.0,2,False,20,0.635473,0.6402718,0.6406983599999999,1.0,traverse_first-5dac164247a2,post,2,stark-prime-002,1.0,3,0.0,0.0,traverse_first,0.012,0.15,0.44247299999999995,0.032,typed_chain,True
manually_audited_v0.1,tridb_live,0.0,3.0,15311.0,,,stark_prime,1.0,1.0,2,False,100,0.659264,0.7104064999999999,0.7149525,1.0,traverse_first-6c308678a8d4,post,2,stark-prime-002,1.0,3,0.0,0.0,traverse_first,0.016,0.151,0.439264,0.051,typed_chain,True
manually_audited_v0.1,tridb_live,0.0,0.0,15311.0,,,stark_prime,0.0,0.0,1,False,20,0.484172,0.5106392000000001,0.5129918400000001,0.0,traverse_first-6e5585f7fa7d,during,2,stark-prime-002,0.0,3,0.0,0.0,traverse_first,0.0,0.042,0.425172,0.017,typed_chain,True
manually_audited_v0.1,tridb_live,0.0,3.0,15311.0,,,stark_prime,1.0,1.0,2,False,100,0.669321,0.693117,0.6952322,1.0,traverse_first-702b20668df6,during,2,stark-prime-002,1.0,3,0.0,0.0,traverse_first,0.016,0.154,0.46880799999999995,0.04,typed_chain,True
manually_audited_v0.1,tridb_live,0.0,0.0,15311.0,,,stark_prime,0.0,0.0,1,False,20,0.482202,0.4909212,0.49169624,0.0,traverse_first-76359c42693a,post,2,stark-prime-002,0.0,3,0.0,0.0,traverse_first,0.0,0.042,0.425202,0.016,typed_chain,True
manually_audited_v0.1,tridb_live,0.0,0.0,15311.0,,,stark_prime,0.0,0.0,1,False,10,0.508554,0.5336325,0.5358617,0.0,traverse_first-7e45a5be9de9,post,2,stark-prime-002,0.0,3,0.0,0.0,traverse_first,0.0,0.044,0.44955399999999995,0.016,typed_chain,True
manually_audited_v0.1,tridb_live,0.0,0.0,15311.0,,,stark_prime,0.0,0.0,1,False,50,0.500296,0.8046004,0.8316496800000001,0.0,traverse_first-82c8aed23797,during,2,stark-prime-002,0.0,3,0.0,0.0,traverse_first,0.0,0.043,0.44229599999999997,0.016,typed_chain,True
manually_audited_v0.1,tridb_live,0.0,0.0,15311.0,,,stark_prime,0.0,0.0,1,False,10,0.520126,0.540385,0.5421858,0.0,traverse_first-8d055dcb7096,during,2,stark-prime-002,0.0,3,0.0,0.0,traverse_first,0.0,0.046,0.456126,0.018,typed_chain,True
manually_audited_v0.1,tridb_live,0.0,1.0,15311.0,,,stark_prime,1.0,1.0,2,False,1,0.675109,0.8320978,0.84605236,1.0,traverse_first-92d6d9491887,during,2,stark-prime-002,0.3333333333333333,3,0.0,0.0,traverse_first,0.016,0.181,0.43810899999999997,0.043,typed_chain,True
manually_audited_v0.1,tridb_live,0.0,0.0,15311.0,,,stark_prime,0.0,0.0,1,False,1,0.518851,0.5682349,0.5726245799999999,0.0,traverse_first-a6e5d14e469b,post,2,stark-prime-002,0.0,3,0.0,0.0,traverse_first,0.0,0.045,0.45485099999999995,0.021,typed_chain,True
manually_audited_v0.1,tridb_live,0.0,3.0,15311.0,,,stark_prime,1.0,1.0,2,False,5,0.669145,0.9170851,0.93912422,1.0,traverse_first-b279d6126ea0,post,2,stark-prime-002,1.0,3,0.0,0.0,traverse_first,0.015,0.149,0.46514500000000003,0.041,typed_chain,True
manually_audited_v0.1,tridb_live,0.0,0.0,15311.0,,,stark_prime,0.0,0.0,1,False,100,0.492286,0.4943956,0.49458312,0.0,traverse_first-c289b470b52c,post,2,stark-prime-002,0.0,3,0.0,0.0,traverse_first,0.0,0.041,0.435177,0.015,typed_chain,True
manually_audited_v0.1,tridb_live,0.0,3.0,15311.0,,,stark_prime,1.0,1.0,2,False,5,0.673194,0.6829599,0.68382798,1.0,traverse_first-cccdd3ed958f,during,2,stark-prime-002,1.0,3,0.0,0.0,traverse_first,0.012,0.147,0.449045,0.037,typed_chain,True
manually_audited_v0.1,tridb_live,0.0,3.0,15311.0,,,stark_prime,1.0,1.0,2,False,20,0.646601,0.6768923,0.6795848600000001,1.0,traverse_first-e4d7ef105a79,during,2,stark-prime-002,1.0,3,0.0,0.0,traverse_first,0.015,0.155,0.43525800000000003,0.039,typed_chain,True
manually_audited_v0.1,tridb_live,0.0,0.0,15311.0,,,stark_prime,0.0,0.0,1,False,5,0.540093,0.8107508999999999,0.83480938,0.0,traverse_first-f0fdb2bba196,post,2,stark-prime-002,0.0,3,0.0,0.0,traverse_first,0.0,0.04,0.48309300000000005,0.015,typed_chain,True
manually_audited_v0.1,tridb_live,0.0,3.0,15311.0,,,stark_prime,1.0,1.0,2,False,10,0.71684,0.7507763,0.75379286,1.0,traverse_first-f9b36ac9da92,during,2,stark-prime-002,1.0,3,0.0,0.0,traverse_first,0.018,0.154,0.46231500000000003,0.038,typed_chain,True
manually_audited_v0.1,tridb_live,0.0,0.0,15311.0,,50.0,stark_prime,0.0,0.0,1,False,50,1.363262,1.5564443,1.57361606,0.0,vector_first-12e4b447491a,post,2,stark-prime-002,0.0,3,0.0,0.0,vector_first,0.688,0.034,0.593909,0.033,typed_chain,True
manually_audited_v0.1,tridb_live,0.0,3.0,15311.0,,50.0,stark_prime,1.0,1.0,2,False,50,1.559151,1.6009893,1.60470826,1.0,vector_first-2670324e0bc6,during,2,stark-prime-002,1.0,3,0.0,0.0,vector_first,0.729,0.225,0.5126379999999999,0.054,typed_chain,True
manually_audited_v0.1,tridb_live,0.0,3.0,15311.0,,20.0,stark_prime,1.0,1.0,2,False,20,1.3185,2.2192848,2.29935456,1.0,vector_first-27d19d1f923e,during,2,stark-prime-002,1.0,3,0.0,0.0,vector_first,0.649,0.144,0.5067680000000001,0.055,typed_chain,True
manually_audited_v0.1,tridb_live,0.0,0.0,15311.0,,10.0,stark_prime,0.0,0.0,1,False,10,1.364012,1.3876235,1.3897223,0.0,vector_first-404f84e6a5f4,post,2,stark-prime-002,0.0,3,0.0,0.0,vector_first,0.741,0.0,0.590012,0.038,typed_chain,True
manually_audited_v0.1,tridb_live,0.0,0.0,15311.0,,20.0,stark_prime,0.0,0.0,1,False,20,1.211075,1.5344125999999998,1.5631537199999999,0.0,vector_first-4c96de282a3c,during,2,stark-prime-002,0.0,3,0.0,0.0,vector_first,0.557,0.136,0.49707499999999993,0.025,typed_chain,True
manually_audited_v0.1,tridb_live,0.0,0.0,15311.0,,5.0,stark_prime,0.0,0.0,1,False,5,1.000914,1.0212306,1.02303652,0.0,vector_first-539cd672e6b6,post,2,stark-prime-002,0.0,3,0.0,0.0,vector_first,0.52,0.0,0.457828,0.026,typed_chain,True
manually_audited_v0.1,tridb_live,0.0,3.0,15311.0,,100.0,stark_prime,1.0,1.0,2,False,100,1.451866,1.4576287,1.45814094,1.0,vector_first-736b83dff9a6,post,2,stark-prime-002,1.0,3,0.0,0.0,vector_first,0.793,0.096,0.49626900000000007,0.052,typed_chain,True
manually_audited_v0.1,tridb_live,0.0,1.0,15311.0,,5.0,stark_prime,1.0,1.0,2,False,5,1.145765,1.2506357000000001,1.25995754,1.0,vector_first-7462d459aaf5,during,2,stark-prime-002,0.3333333333333333,3,0.0,0.0,vector_first,0.535,0.094,0.47028800000000004,0.046,typed_chain,True
manually_audited_v0.1,tridb_live,0.0,0.0,15311.0,,1.0,stark_prime,0.0,0.0,2,False,1,1.091613,1.4479986,1.47967732,0.0,vector_first-79d7f13154dd,post,2,stark-prime-002,0.0,3,0.0,0.0,vector_first,0.554,0.0,0.49161299999999997,0.051,typed_chain,True
manually_audited_v0.1,tridb_live,0.0,0.0,15311.0,,1.0,stark_prime,0.0,0.0,2,False,1,1.060304,1.0684211,1.06914262,0.0,vector_first-8735078935c5,during,2,stark-prime-002,0.0,3,0.0,0.0,vector_first,0.493,0.035,0.47930399999999995,0.047,typed_chain,True
manually_audited_v0.1,tridb_live,0.0,0.0,15311.0,,10.0,stark_prime,0.0,0.0,1,False,10,1.582826,1.5934739,1.59442038,0.0,vector_first-879c2f5ec6a7,during,2,stark-prime-002,0.0,3,0.0,0.0,vector_first,0.758,0.174,0.615056,0.037,typed_chain,True
manually_audited_v0.1,tridb_live,0.0,0.0,15311.0,,100.0,stark_prime,0.0,0.0,1,False,100,1.851041,1.9099271,1.91516142,0.0,vector_first-95fb2abe9f82,during,2,stark-prime-002,0.0,3,0.0,0.0,vector_first,0.894,0.409,0.508712,0.046,typed_chain,True
manually_audited_v0.1,tridb_live,0.0,0.0,15311.0,,100.0,stark_prime,0.0,0.0,1,False,100,1.349945,1.3879043,1.39127846,0.0,vector_first-9a76384ab2d2,post,2,stark-prime-002,0.0,3,0.0,0.0,vector_first,0.819,0.031,0.47494499999999995,0.03,typed_chain,True
manually_audited_v0.1,tridb_live,0.0,2.0,15311.0,,10.0,stark_prime,1.0,1.0,2,False,10,1.56157,1.6971352000000002,1.7091854400000002,1.0,vector_first-9e027ae921ee,during,2,stark-prime-002,0.6666666666666666,3,0.0,0.0,vector_first,0.729,0.179,0.5745699999999999,0.072,typed_chain,True
manually_audited_v0.1,tridb_live,0.0,0.0,15311.0,,1.0,stark_prime,0.0,0.0,1,False,1,1.484434,1.7749963,1.8008240599999998,0.0,vector_first-9f2a495d4986,during,2,stark-prime-002,0.0,3,0.0,0.0,vector_first,0.937,0.033,0.48843400000000003,0.026,typed_chain,True
manually_audited_v0.1,tridb_live,0.0,1.0,15311.0,,5.0,stark_prime,1.0,1.0,2,False,5,1.264198,1.2663256,1.26651472,1.0,vector_first-a5b8d6da0107,post,2,stark-prime-002,0.3333333333333333,3,0.0,0.0,vector_first,0.63,0.037,0.512562,0.053,typed_chain,True
manually_audited_v0.1,tridb_live,0.0,3.0,15311.0,,50.0,stark_prime,1.0,1.0,2,False,50,1.355079,1.5136193999999998,1.5277118799999998,1.0,vector_first-a7431c3167bb,post,2,stark-prime-002,1.0,3,0.0,0.0,vector_first,0.648,0.113,0.529079,0.052,typed_chain,True
manually_audited_v0.1,tridb_live,0.0,2.0,15311.0,,10.0,stark_prime,1.0,1.0,2,False,10,1.290288,1.3427031,1.34736222,1.0,vector_first-a802c228be07,post,2,stark-prime-002,0.6666666666666666,3,0.0,0.0,vector_first,0.517,0.042,0.5982880000000002,0.048,typed_chain,True
manually_audited_v0.1,tridb_live,0.0,0.0,15311.0,,50.0,stark_prime,0.0,0.0,1,False,50,1.556392,1.7728879,1.79213198,0.0,vector_first-b3f469e3373a,during,2,stark-prime-002,0.0,3,0.0,0.0,vector_first,0.781,0.22,0.534681,0.028,typed_chain,True
manually_audited_v0.1,tridb_live,0.0,3.0,15311.0,,100.0,stark_prime,1.0,1.0,2,False,100,1.91007,2.0912561999999997,2.1073616399999997,1.0,vector_first-b9cbe3a2c022,during,2,stark-prime-002,1.0,3,0.0,0.0,vector_first,0.831,0.361,0.5210699999999999,0.07,typed_chain,True
manually_audited_v0.1,tridb_live,0.0,0.0,15311.0,,1.0,stark_prime,0.0,0.0,1,False,1,1.043348,1.1374556,1.1458207200000001,0.0,vector_first-c1efa57fb2c2,post,2,stark-prime-002,0.0,3,0.0,0.0,vector_first,0.5,0.0,0.4963479999999999,0.026,typed_chain,True
manually_audited_v0.1,tridb_live,0.0,3.0,15311.0,,20.0,stark_prime,1.0,1.0,2,False,20,1.206776,1.2590516,1.26369832,1.0,vector_first-c9c7dff0ae35,post,2,stark-prime-002,1.0,3,0.0,0.0,vector_first,0.573,0.068,0.49705599999999994,0.052,typed_chain,True
manually_audited_v0.1,tridb_live,0.0,0.0,15311.0,,20.0,stark_prime,0.0,0.0,1,False,20,1.081752,1.0935735,1.0946243,0.0,vector_first-ce905df43902,post,2,stark-prime-002,0.0,3,0.0,0.0,vector_first,0.537,0.025,0.48388699999999996,0.025,typed_chain,True
manually_audited_v0.1,tridb_live,0.0,2.0,15311.0,,8.0,stark_prime,1.0,1.0,2,True,8,1.292445,1.5924969,1.61916818,1.0,vector_first-ebaeb868fc9b,post,2,stark-prime-002,0.6666666666666666,3,0.0,0.0,vector_first,0.601,0.054,0.5814450000000001,0.056,typed_chain,True
manually_audited_v0.1,tridb_live,0.0,0.0,15311.0,,5.0,stark_prime,0.0,0.0,1,False,5,1.115427,1.1620128,1.16615376,0.0,vector_first-f0a58d413e0f,during,2,stark-prime-002,0.0,3,0.0,0.0,vector_first,0.54,0.084,0.4671890000000001,0.027,typed_chain,True
manually_audited_v0.1,tridb_live,0.0,0.0,15311.0,,50.0,stark_prime,0.0,0.0,1,False,50,48.599301,49.2708675,49.330562300000004,0.0,filter_first-03f67415e651,pre,2,stark-prime-003,0.0,3,0.0,0.0,filter_first,47.011,0.0,1.2554859999999977,0.053,typed_chain,True
manually_audited_v0.1,tridb_live,0.0,0.0,15311.0,,20.0,stark_prime,0.0,0.0,1,False,20,1.289158,1.3240069,1.32710458,0.0,filter_first-1cad3c1573b2,pre,2,stark-prime-003,0.0,3,0.0,0.0,filter_first,0.777,0.0,0.484158,0.028,typed_chain,True
manually_audited_v0.1,tridb_live,0.0,0.0,15311.0,,100.0,stark_prime,0.0,0.0,1,False,100,49.021547,49.392239000000004,49.4251894,0.0,filter_first-2387000dc3a8,pre,2,stark-prime-003,0.0,3,0.0,0.0,filter_first,47.24,0.0,1.5395469999999989,0.053,typed_chain,True
manually_audited_v0.1,tridb_live,0.0,1.0,15311.0,,100.0,stark_prime,1.0,1.0,2,False,100,49.199789,49.359781999999996,49.374003599999995,1.0,filter_first-28ed17c208d7,pre,2,stark-prime-003,0.25,3,0.0,0.0,filter_first,47.33,0.0,1.8037890000000019,0.066,typed_chain,True
manually_audited_v0.1,tridb_live,0.0,1.0,15311.0,,50.0,stark_prime,1.0,1.0,2,False,50,49.80352,50.1192265,50.147289300000004,1.0,filter_first-2d01f654960c,pre,2,stark-prime-003,0.25,3,0.0,0.0,filter_first,47.216,0.0,2.0243049999999982,0.066,typed_chain,True
manually_audited_v0.1,tridb_live,0.0,1.0,15311.0,,1.0,stark_prime,1.0,1.0,2,False,1,1.233004,1.2907533999999998,1.29588668,1.0,filter_first-3a7f1025f729,pre,2,stark-prime-003,0.25,3,0.0,0.0,filter_first,0.719,0.0,0.478004,0.036,typed_chain,True
manually_audited_v0.1,tridb_live,0.0,1.0,15311.0,,20.0,stark_prime,1.0,1.0,2,False,20,1.259641,1.313218,1.3179804000000002,1.0,filter_first-46ec65dc7fea,pre,2,stark-prime-003,0.25,3,0.0,0.0,filter_first,0.743,0.0,0.478641,0.038,typed_chain,True
manually_audited_v0.1,tridb_live,0.0,0.0,15311.0,,10.0,stark_prime,0.0,0.0,1,False,10,1.224349,1.2571783,1.26009646,0.0,filter_first-8532bb36e741,pre,2,stark-prime-003,0.0,3,0.0,0.0,filter_first,0.697,0.0,0.498826,0.028,typed_chain,True
manually_audited_v0.1,tridb_live,0.0,0.0,15311.0,,5.0,stark_prime,0.0,0.0,1,False,5,1.190677,1.2051589,1.2064461800000001,0.0,filter_first-8699218b4a03,pre,2,stark-prime-003,0.0,3,0.0,0.0,filter_first,0.684,0.0,0.4717680000000001,0.032,typed_chain,True
manually_audited_v0.1,tridb_live,0.0,1.0,15311.0,,10.0,stark_prime,1.0,1.0,2,False,10,1.209672,1.2688236,1.27408152,1.0,filter_first-88d1f0b4340a,pre,2,stark-prime-003,0.25,3,0.0,0.0,filter_first,0.705,0.0,0.4676720000000001,0.039,typed_chain,True
manually_audited_v0.1,tridb_live,0.0,1.0,15311.0,,5.0,stark_prime,1.0,1.0,2,False,5,1.235347,1.2540463,1.25570846,1.0,filter_first-bb7c33f6d989,pre,2,stark-prime-003,0.25,3,0.0,0.0,filter_first,0.704,0.0,0.491347,0.039,typed_chain,True
manually_audited_v0.1,tridb_live,0.0,0.0,15311.0,,1.0,stark_prime,0.0,0.0,1,False,1,1.648068,1.745781,1.7544666,0.0,filter_first-ef43b60e2e3b,pre,2,stark-prime-003,0.0,3,0.0,0.0,filter_first,1.125,0.0,0.49506800000000006,0.028,typed_chain,True
manually_audited_v0.1,tridb_live,0.0,0.0,15311.0,,,stark_prime,0.0,0.0,1,False,1,0.664199,2.4892712,2.65149984,0.0,traverse_first-0e65f761853b,during,2,stark-prime-003,0.0,3,0.0,0.0,traverse_first,0.0,0.044,0.5961989999999999,0.024,typed_chain,True
manually_audited_v0.1,tridb_live,0.0,1.0,15311.0,,,stark_prime,1.0,1.0,2,False,1,0.558808,0.6581868999999999,0.66702058,1.0,traverse_first-1401f30333f9,post,2,stark-prime-003,0.25,3,0.0,0.0,traverse_first,0.013,0.104,0.417415,0.027,typed_chain,True
manually_audited_v0.1,tridb_live,0.0,4.0,15311.0,,,stark_prime,1.0,1.0,2,False,50,0.611173,0.6172192,0.61775664,1.0,traverse_first-15df7fd20126,post,2,stark-prime-003,1.0,3,0.0,0.0,traverse_first,0.017,0.114,0.44717299999999993,0.028,typed_chain,True
manually_audited_v0.1,tridb_live,0.0,0.0,15311.0,,,stark_prime,0.0,0.0,1,False,50,0.473054,0.4857494,0.48687788,0.0,traverse_first-18e80c0b50a9,post,2,stark-prime-003,0.0,3,0.0,0.0,traverse_first,0.0,0.036,0.425054,0.016,typed_chain,True
manually_audited_v0.1,tridb_live,0.0,0.0,15311.0,,,stark_prime,0.0,0.0,1,False,5,0.461397,0.461532,0.461544,0.0,traverse_first-2ef9d31e2115,during,2,stark-prime-003,0.0,3,0.0,0.0,traverse_first,0.0,0.028,0.415397,0.016,typed_chain,True
manually_audited_v0.1,tridb_live,0.0,0.0,15311.0,,,stark_prime,0.0,0.0,1,False,100,0.492465,0.6294215999999999,0.64159552,0.0,traverse_first-3161568b8481,during,2,stark-prime-003,0.0,3,0.0,0.0,traverse_first,0.0,0.035,0.441465,0.02,typed_chain,True
manually_audited_v0.1,tridb_live,0.0,4.0,15311.0,,,stark_prime,1.0,1.0,2,False,50,0.634034,0.9292339999999999,0.9554739999999999,1.0,traverse_first-532feb3a2124,during,2,stark-prime-003,1.0,3,0.0,0.0,traverse_first,0.026,0.114,0.46255599999999997,0.03,typed_chain,True
manually_audited_v0.1,tridb_live,0.0,4.0,15311.0,,,stark_prime,1.0,1.0,2,False,10,0.598999,0.6385414,0.64205628,1.0,traverse_first-5be44627d46d,post,2,stark-prime-003,1.0,3,0.0,0.0,traverse_first,0.015,0.119,0.4349989999999999,0.029,typed_chain,True
manually_audited_v0.1,tridb_live,0.0,4.0,15311.0,,,stark_prime,1.0,1.0,2,False,20,0.704057,0.9187375999999999,0.9378203199999999,1.0,traverse_first-5dac164247a2,post,2,stark-prime-003,1.0,3,0.0,0.0,traverse_first,0.028,0.143,0.4900570000000001,0.043,typed_chain,True
manually_audited_v0.1,tridb_live,0.0,4.0,15311.0,,,stark_prime,1.0,1.0,2,False,100,0.636093,1.4277663,1.49813726,1.0,traverse_first-6c308678a8d4,post,2,stark-prime-003,1.0,3,0.0,0.0,traverse_first,0.019,0.115,0.471093,0.031,typed_chain,True
manually_audited_v0.1,tridb_live,0.0,0.0,15311.0,,,stark_prime,0.0,0.0,1,False,20,0.475136,0.4815764,0.48214888,0.0,traverse_first-6e5585f7fa7d,during,2,stark-prime-003,0.0,3,0.0,0.0,traverse_first,0.0,0.032,0.423695,0.019,typed_chain,True
manually_audited_v0.1,tridb_live,0.0,4.0,15311.0,,,stark_prime,1.0,1.0,2,False,100,0.647578,0.7288209999999999,0.7360426,1.0,traverse_first-702b20668df6,during,2,stark-prime-003,1.0,3,0.0,0.0,traverse_first,0.019,0.131,0.481302,0.03,typed_chain,True
manually_audited_v0.1,tridb_live,0.0,0.0,15311.0,,,stark_prime,0.0,0.0,1,False,20,0.487617,0.5328114,0.5368286800000001,0.0,traverse_first-76359c42693a,post,2,stark-prime-003,0.0,3,0.0,0.0,traverse_first,0.0,0.037,0.43161700000000003,0.019,typed_chain,True
manually_audited_v0.1,tridb_live,0.0,0.0,15311.0,,,stark_prime,0.0,0.0,1,False,10,0.465419,0.4777976,0.47889792000000003,0.0,traverse_first-7e45a5be9de9,post,2,stark-prime-003,0.0,3,0.0,0.0,traverse_first,0.0,0.033,0.41741900000000004,0.016,typed_chain,True
manually_audited_v0.1,tridb_live,0.0,0.0,15311.0,,,stark_prime,0.0,0.0,1,False,50,0.479387,0.4920941,0.49322362,0.0,traverse_first-82c8aed23797,during,2,stark-prime-003,0.0,3,0.0,0.0,traverse_first,0.0,0.034,0.429387,0.018,typed_chain,True
manually_audited_v0.1,tridb_live,0.0,0.0,15311.0,,,stark_prime,0.0,0.0,1,False,10,0.495811,0.5224645,0.5248337,0.0,traverse_first-8d055dcb7096,during,2,stark-prime-003,0.0,3,0.0,0.0,traverse_first,0.0,0.033,0.442811,0.02,typed_chain,True
manually_audited_v0.1,tridb_live,0.0,1.0,15311.0,,,stark_prime,1.0,1.0,2,False,1,0.592843,0.7003237,0.7098775399999999,1.0,traverse_first-92d6d9491887,during,2,stark-prime-003,0.25,3,0.0,0.0,traverse_first,0.017,0.114,0.440261,0.028,typed_chain,True
manually_audited_v0.1,tridb_live,0.0,0.0,15311.0,,,stark_prime,0.0,0.0,1,False,1,0.48369,0.49437210000000004,0.49532162,0.0,traverse_first-a6e5d14e469b,post,2,stark-prime-003,0.0,3,0.0,0.0,traverse_first,0.0,0.034,0.43469,0.015,typed_chain,True
manually_audited_v0.1,tridb_live,0.0,4.0,15311.0,,,stark_prime,1.0,1.0,2,False,5,0.862836,1.0016061,1.01394122,1.0,traverse_first-b279d6126ea0,post,2,stark-prime-003,1.0,3,0.0,0.0,traverse_first,0.018,0.126,0.6458360000000001,0.045,typed_chain,True
manually_audited_v0.1,tridb_live,0.0,0.0,15311.0,,,stark_prime,0.0,0.0,1,False,100,0.537325,0.8137816,0.83835552,0.0,traverse_first-c289b470b52c,post,2,stark-prime-003,0.0,3,0.0,0.0,traverse_first,0.0,0.042,0.47332500000000005,0.021,typed_chain,True
manually_audited_v0.1,tridb_live,0.0,4.0,15311.0,,,stark_prime,1.0,1.0,2,False,5,0.670744,0.7053508000000001,0.70842696,1.0,traverse_first-cccdd3ed958f,during,2,stark-prime-003,1.0,3,0.0,0.0,traverse_first,0.022,0.149,0.460741,0.039,typed_chain,True
manually_audited_v0.1,tridb_live,0.0,4.0,15311.0,,,stark_prime,1.0,1.0,2,False,20,0.625562,0.6566614999999999,0.6594258999999999,1.0,traverse_first-e4d7ef105a79,during,2,stark-prime-003,1.0,3,0.0,0.0,traverse_first,0.02,0.121,0.44100100000000003,0.033,typed_chain,True
manually_audited_v0.1,tridb_live,0.0,0.0,15311.0,,,stark_prime,0.0,0.0,1,False,5,0.532666,0.6436279,0.6534911800000001,0.0,traverse_first-f0fdb2bba196,post,2,stark-prime-003,0.0,3,0.0,0.0,traverse_first,0.0,0.052,0.45566599999999996,0.025,typed_chain,True
manually_audited_v0.1,tridb_live,0.0,4.0,15311.0,,,stark_prime,1.0,1.0,2,False,10,0.613018,0.6897025,0.6965189,1.0,traverse_first-f9b36ac9da92,during,2,stark-prime-003,1.0,3,0.0,0.0,traverse_first,0.02,0.119,0.4430179999999999,0.031,typed_chain,True
manually_audited_v0.1,tridb_live,0.0,0.0,15311.0,,50.0,stark_prime,0.0,0.0,1,False,50,1.469863,1.5176314,1.5218774800000001,0.0,vector_first-12e4b447491a,post,2,stark-prime-003,0.0,3,0.0,0.0,vector_first,0.902,0.051,0.502939,0.03,typed_chain,True
manually_audited_v0.1,tridb_live,0.0,1.0,15311.0,,50.0,stark_prime,1.0,1.0,2,False,50,1.710287,1.7724311,1.77795502,1.0,vector_first-2670324e0bc6,during,2,stark-prime-003,0.25,3,0.0,0.0,vector_first,0.921,0.241,0.4923360000000001,0.041,typed_chain,True
manually_audited_v0.1,tridb_live,0.0,1.0,15311.0,,20.0,stark_prime,1.0,1.0,2,False,20,1.567096,1.796416,1.8168,1.0,vector_first-27d19d1f923e,during,2,stark-prime-003,0.25,3,0.0,0.0,vector_first,0.816,0.152,0.5360960000000001,0.041,typed_chain,True
manually_audited_v0.1,tridb_live,0.0,0.0,15311.0,,10.0,stark_prime,0.0,0.0,1,False,10,1.471109,2.5252852999999997,2.6189898599999997,0.0,vector_first-404f84e6a5f4,post,2,stark-prime-003,0.0,3,0.0,0.0,vector_first,0.879,0.043,0.5224579999999999,0.029,typed_chain,True
manually_audited_v0.1,tridb_live,0.0,0.0,15311.0,,20.0,stark_prime,0.0,0.0,1,False,20,1.4246,1.4544107000000002,1.45706054,0.0,vector_first-4c96de282a3c,during,2,stark-prime-003,0.0,3,0.0,0.0,vector_first,0.774,0.137,0.48860000000000003,0.025,typed_chain,True
manually_audited_v0.1,tridb_live,0.0,0.0,15311.0,,5.0,stark_prime,0.0,0.0,1,False,5,1.196227,1.1970712000000001,1.1971462400000001,0.0,vector_first-539cd672e6b6,post,2,stark-prime-003,0.0,3,0.0,0.0,vector_first,0.662,0.029,0.47616500000000006,0.026,typed_chain,True
manually_audited_v0.1,tridb_live,0.0,1.0,15311.0,,100.0,stark_prime,1.0,1.0,2,False,100,1.559964,1.6167927,1.62184414,1.0,vector_first-736b83dff9a6,post,2,stark-prime-003,0.25,3,0.0,0.0,vector_first,0.937,0.071,0.512964,0.041,typed_chain,True
manually_audited_v0.1,tridb_live,0.0,1.0,15311.0,,5.0,stark_prime,1.0,1.0,2,False,5,1.343269,1.4427712,1.4516158399999999,1.0,vector_first-7462d459aaf5,during,2,stark-prime-003,0.25,3,0.0,0.0,vector_first,0.68,0.084,0.47726900000000005,0.036,typed_chain,True
manually_audited_v0.1,tridb_live,0.0,1.0,15311.0,,1.0,stark_prime,1.0,1.0,2,False,1,1.2311,1.3344155,1.3435991,1.0,vector_first-79d7f13154dd,post,2,stark-prime-003,0.25,3,0.0,0.0,vector_first,0.664,0.03,0.5021000000000001,0.035,typed_chain,True
manually_audited_v0.1,tridb_live,0.0,1.0,15311.0,,1.0,stark_prime,1.0,1.0,2,False,1,1.212858,1.3377564,1.34885848,1.0,vector_first-8735078935c5,during,2,stark-prime-003,0.25,3,0.0,0.0,vector_first,0.687,0.036,0.460858,0.033,typed_chain,True
manually_audited_v0.1,tridb_live,0.0,0.0,15311.0,,10.0,stark_prime,0.0,0.0,1,False,10,1.397084,2.2588124,2.33541048,0.0,vector_first-879c2f5ec6a7,during,2,stark-prime-003,0.0,3,0.0,0.0,vector_first,0.727,0.114,0.507084,0.027,typed_chain,True
manually_audited_v0.1,tridb_live,0.0,0.0,15311.0,,100.0,stark_prime,0.0,0.0,1,False,100,2.193069,2.3631726,2.3782929200000003,0.0,vector_first-95fb2abe9f82,during,2,stark-prime-003,0.0,3,0.0,0.0,vector_first,1.193,0.433,0.5460689999999999,0.05,typed_chain,True
manually_audited_v0.1,tridb_live,0.0,0.0,15311.0,,100.0,stark_prime,0.0,0.0,1,False,100,1.762977,2.0995689,2.12948818,0.0,vector_first-9a76384ab2d2,post,2,stark-prime-003,0.0,3,0.0,0.0,vector_first,1.155,0.055,0.502977,0.035,typed_chain,True
manually_audited_v0.1,tridb_live,0.0,1.0,15311.0,,10.0,stark_prime,1.0,1.0,2,False,10,1.346642,1.3994585,1.4041533,1.0,vector_first-9e027ae921ee,during,2,stark-prime-003,0.25,3,0.0,0.0,vector_first,0.711,0.112,0.4816419999999999,0.037,typed_chain,True
manually_audited_v0.1,tridb_live,0.0,0.0,15311.0,,1.0,stark_prime,0.0,0.0,1,False,1,1.94347,2.194894,2.2172428,0.0,vector_first-9f2a495d4986,during,2,stark-prime-003,0.0,3,0.0,0.0,vector_first,1.375,0.04,0.4908300000000001,0.027,typed_chain,True
manually_audited_v0.1,tridb_live,0.0,1.0,15311.0,,5.0,stark_prime,1.0,1.0,2,False,5,1.284728,1.7760586999999999,1.81973254,1.0,vector_first-a5b8d6da0107,post,2,stark-prime-003,0.25,3,0.0,0.0,vector_first,0.676,0.041,0.5317280000000001,0.037,typed_chain,True
manually_audited_v0.1,tridb_live,0.0,1.0,15311.0,,50.0,stark_prime,1.0,1.0,2,False,50,1.888122,1.9482123,1.95355366,1.0,vector_first-a7431c3167bb,post,2,stark-prime-003,0.25,3,0.0,0.0,vector_first,0.992,0.085,0.7691220000000001,0.042,typed_chain,True
manually_audited_v0.1,tridb_live,0.0,1.0,15311.0,,10.0,stark_prime,1.0,1.0,2,False,10,1.25365,1.2718993,1.27352146,1.0,vector_first-a802c228be07,post,2,stark-prime-003,0.25,3,0.0,0.0,vector_first,0.682,0.052,0.4790979999999999,0.036,typed_chain,True
manually_audited_v0.1,tridb_live,0.0,0.0,15311.0,,50.0,stark_prime,0.0,0.0,1,False,50,1.844139,1.9315631999999998,1.93933424,0.0,vector_first-b3f469e3373a,during,2,stark-prime-003,0.0,3,0.0,0.0,vector_first,1.066,0.251,0.48958800000000013,0.028,typed_chain,True
manually_audited_v0.1,tridb_live,0.0,1.0,15311.0,,100.0,stark_prime,1.0,1.0,2,False,100,1.991956,2.1497287,2.16375294,1.0,vector_first-b9cbe3a2c022,during,2,stark-prime-003,0.25,3,0.0,0.0,vector_first,0.967,0.365,0.615064,0.057,typed_chain,True
manually_audited_v0.1,tridb_live,0.0,0.0,15311.0,,1.0,stark_prime,0.0,0.0,1,False,1,1.140645,1.1598555000000002,1.1615631000000002,0.0,vector_first-c1efa57fb2c2,post,2,stark-prime-003,0.0,3,0.0,0.0,vector_first,0.651,0.0,0.4569900000000001,0.026,typed_chain,True
manually_audited_v0.1,tridb_live,0.0,1.0,15311.0,,20.0,stark_prime,1.0,1.0,2,False,20,1.438359,1.4603712,1.46232784,1.0,vector_first-c9c7dff0ae35,post,2,stark-prime-003,0.25,3,0.0,0.0,vector_first,0.777,0.065,0.5553589999999999,0.041,typed_chain,True
manually_audited_v0.1,tridb_live,0.0,0.0,15311.0,,20.0,stark_prime,0.0,0.0,1,False,20,1.342208,1.3875932,1.39162744,0.0,vector_first-ce905df43902,post,2,stark-prime-003,0.0,3,0.0,0.0,vector_first,0.777,0.05,0.5087700000000001,0.032,typed_chain,True
manually_audited_v0.1,tridb_live,0.0,1.0,15311.0,,8.0,stark_prime,1.0,1.0,2,True,8,1.403925,1.4992277999999999,1.50769916,1.0,vector_first-ebaeb868fc9b,post,2,stark-prime-003,0.25,3,0.0,0.0,vector_first,0.697,0.054,0.613925,0.039,typed_chain,True
manually_audited_v0.1,tridb_live,0.0,0.0,15311.0,,5.0,stark_prime,0.0,0.0,1,False,5,1.272786,1.2742692,1.27440104,0.0,vector_first-f0a58d413e0f,during,2,stark-prime-003,0.0,3,0.0,0.0,vector_first,0.668,0.084,0.48543400000000003,0.024,typed_chain,True
manually_audited_v0.1,tridb_live,0.0,0.0,27671.0,,50.0,stark_prime,0.0,0.0,1,False,50,13.311909,22.3078284,23.10746568,0.0,filter_first-03f67415e651,pre,1,stark-prime-004,0.0,3,0.0,0.0,filter_first,11.861,0.0,1.3414710000000003,0.053,neighbor_intersection,True
manually_audited_v0.1,tridb_live,0.0,0.0,27671.0,,20.0,stark_prime,0.0,0.0,1,False,20,5.169834,5.2004285999999995,5.20314812,0.0,filter_first-1cad3c1573b2,pre,1,stark-prime-004,0.0,3,0.0,0.0,filter_first,4.414,0.0,0.7068339999999997,0.034,neighbor_intersection,True
manually_audited_v0.1,tridb_live,0.0,0.0,27671.0,,100.0,stark_prime,0.0,0.0,1,False,100,106.495035,107.37213,107.45009399999999,0.0,filter_first-2387000dc3a8,pre,1,stark-prime-004,0.0,3,0.0,0.0,filter_first,105.587,0.0,1.361584999999991,0.065,neighbor_intersection,True
manually_audited_v0.1,tridb_live,0.0,0.0,27671.0,,100.0,stark_prime,0.0,0.0,2,False,100,107.193548,108.9268724,109.08094568,0.0,filter_first-28ed17c208d7,pre,1,stark-prime-004,0.0,3,0.0,0.0,filter_first,106.236,0.0,0.8953439999999944,0.121,neighbor_intersection,True
manually_audited_v0.1,tridb_live,0.0,0.0,27671.0,,50.0,stark_prime,0.0,0.0,2,False,50,13.602814,13.9010254,13.92753308,0.0,filter_first-2d01f654960c,pre,1,stark-prime-004,0.0,3,0.0,0.0,filter_first,12.014,0.0,1.4898140000000009,0.103,neighbor_intersection,True
manually_audited_v0.1,tridb_live,0.0,0.0,27671.0,,1.0,stark_prime,0.0,0.0,2,False,1,4.481833,4.8475786,4.88008932,0.0,filter_first-3a7f1025f729,pre,1,stark-prime-004,0.0,3,0.0,0.0,filter_first,3.87,0.0,0.616069,0.077,neighbor_intersection,True
manually_audited_v0.1,tridb_live,0.0,0.0,27671.0,,20.0,stark_prime,0.0,0.0,2,False,20,5.114453,5.4529862,5.48307804,0.0,filter_first-46ec65dc7fea,pre,1,stark-prime-004,0.0,3,0.0,0.0,filter_first,4.328,0.0,0.6284530000000004,0.08,neighbor_intersection,True
manually_audited_v0.1,tridb_live,0.0,0.0,27671.0,,10.0,stark_prime,0.0,0.0,1,False,10,4.929933,5.0567744999999995,5.0680493,0.0,filter_first-8532bb36e741,pre,1,stark-prime-004,0.0,3,0.0,0.0,filter_first,4.338,0.0,0.5579330000000002,0.033,neighbor_intersection,True
manually_audited_v0.1,tridb_live,0.0,0.0,27671.0,,5.0,stark_prime,0.0,0.0,1,False,5,5.521353,7.6924716,7.88545992,0.0,filter_first-8699218b4a03,pre,1,stark-prime-004,0.0,3,0.0,0.0,filter_first,4.717,0.0,0.6287070000000003,0.035,neighbor_intersection,True
manually_audited_v0.1,tridb_live,0.0,0.0,27671.0,,10.0,stark_prime,0.0,0.0,2,False,10,5.003342,5.0101127,5.0107145399999995,0.0,filter_first-88d1f0b4340a,pre,1,stark-prime-004,0.0,3,0.0,0.0,filter_first,4.289,0.0,0.5719099999999999,0.078,neighbor_intersection,True
manually_audited_v0.1,tridb_live,0.0,0.0,27671.0,,5.0,stark_prime,0.0,0.0,2,False,5,5.188629,5.3996357999999995,5.41839196,0.0,filter_first-bb7c33f6d989,pre,1,stark-prime-004,0.0,3,0.0,0.0,filter_first,4.4,0.0,0.7166289999999993,0.079,neighbor_intersection,True
manually_audited_v0.1,tridb_live,0.0,0.0,27671.0,,1.0,stark_prime,0.0,0.0,1,False,1,9.057134,20.432258299999997,21.44338046,0.0,filter_first-ef43b60e2e3b,pre,1,stark-prime-004,0.0,3,0.0,0.0,filter_first,7.898,0.0,0.8561610000000002,0.047,neighbor_intersection,True
manually_audited_v0.1,tridb_live,0.0,1.0,27671.0,,,stark_prime,1.0,1.0,1,False,1,0.822069,1.0630008,1.08441696,1.0,traverse_first-0e65f761853b,during,1,stark-prime-004,1.0,3,0.0,0.0,traverse_first,0.004,0.025,0.772069,0.021,neighbor_intersection,True
manually_audited_v0.1,tridb_live,0.0,1.0,27671.0,,,stark_prime,1.0,1.0,2,False,1,0.639055,0.651907,0.6530494,1.0,traverse_first-1401f30333f9,post,1,stark-prime-004,1.0,3,0.0,0.0,traverse_first,0.003,0.172,0.410945,0.053,neighbor_intersection,True
manually_audited_v0.1,tridb_live,0.0,1.0,27671.0,,,stark_prime,1.0,1.0,2,False,50,0.655417,0.6572764,0.65744168,1.0,traverse_first-15df7fd20126,post,1,stark-prime-004,1.0,3,0.0,0.0,traverse_first,0.003,0.182,0.41641700000000004,0.054,neighbor_intersection,True
manually_audited_v0.1,tridb_live,0.0,1.0,27671.0,,,stark_prime,1.0,1.0,1,False,50,0.473649,0.4753608,0.47551296,1.0,traverse_first-18e80c0b50a9,post,1,stark-prime-004,1.0,3,0.0,0.0,traverse_first,0.003,0.019,0.424551,0.015,neighbor_intersection,True
manually_audited_v0.1,tridb_live,0.0,1.0,27671.0,,,stark_prime,1.0,1.0,1,False,5,0.447448,0.4494118,0.44958635999999996,1.0,traverse_first-2ef9d31e2115,during,1,stark-prime-004,1.0,3,0.0,0.0,traverse_first,0.003,0.016,0.41544800000000004,0.014,neighbor_intersection,True
manually_audited_v0.1,tridb_live,0.0,1.0,27671.0,,,stark_prime,1.0,1.0,1,False,100,0.446754,0.4472193,0.44726066,1.0,traverse_first-3161568b8481,during,1,stark-prime-004,1.0,3,0.0,0.0,traverse_first,0.003,0.018,0.410271,0.016,neighbor_intersection,True
manually_audited_v0.1,tridb_live,0.0,1.0,27671.0,,,stark_prime,1.0,1.0,2,False,50,0.66955,0.6849688,0.6863393600000001,1.0,traverse_first-532feb3a2124,during,1,stark-prime-004,1.0,3,0.0,0.0,traverse_first,0.003,0.199,0.414682,0.051,neighbor_intersection,True
manually_audited_v0.1,tridb_live,0.0,1.0,27671.0,,,stark_prime,1.0,1.0,2,False,10,0.762142,0.7623661,0.76238602,1.0,traverse_first-5be44627d46d,post,1,stark-prime-004,1.0,3,0.0,0.0,traverse_first,0.003,0.186,0.448142,0.053,neighbor_intersection,True
manually_audited_v0.1,tridb_live,0.0,1.0,27671.0,,,stark_prime,1.0,1.0,2,False,20,0.640755,0.6452829,0.64568538,1.0,traverse_first-5dac164247a2,post,1,stark-prime-004,1.0,3,0.0,0.0,traverse_first,0.003,0.172,0.404755,0.059,neighbor_intersection,True
manually_audited_v0.1,tridb_live,0.0,1.0,27671.0,,,stark_prime,1.0,1.0,2,False,100,0.704858,1.4717704999999999,1.5399405,1.0,traverse_first-6c308678a8d4,post,1,stark-prime-004,1.0,3,0.0,0.0,traverse_first,0.004,0.195,0.459858,0.056,neighbor_intersection,True
manually_audited_v0.1,tridb_live,0.0,1.0,27671.0,,,stark_prime,1.0,1.0,1,False,20,0.455616,0.7298207999999999,0.75419456,1.0,traverse_first-6e5585f7fa7d,during,1,stark-prime-004,1.0,3,0.0,0.0,traverse_first,0.003,0.016,0.420616,0.015,neighbor_intersection,True
manually_audited_v0.1,tridb_live,0.0,1.0,27671.0,,,stark_prime,1.0,1.0,2,False,100,0.719577,0.7525422,0.75547244,1.0,traverse_first-702b20668df6,during,1,stark-prime-004,1.0,3,0.0,0.0,traverse_first,0.004,0.222,0.42854000000000003,0.057,neighbor_intersection,True
manually_audited_v0.1,tridb_live,0.0,1.0,27671.0,,,stark_prime,1.0,1.0,1,False,20,0.443837,0.4558817,0.45695234,1.0,traverse_first-76359c42693a,post,1,stark-prime-004,1.0,3,0.0,0.0,traverse_first,0.003,0.016,0.411837,0.014,neighbor_intersection,True
manually_audited_v0.1,tridb_live,0.0,1.0,27671.0,,,stark_prime,1.0,1.0,1,False,10,0.444855,0.4520685,0.4527097,1.0,traverse_first-7e45a5be9de9,post,1,stark-prime-004,1.0,3,0.0,0.0,traverse_first,0.003,0.016,0.41124700000000003,0.013,neighbor_intersection,True
manually_audited_v0.1,tridb_live,0.0,1.0,27671.0,,,stark_prime,1.0,1.0,1,False,50,0.430237,0.4380058,0.43869636,1.0,traverse_first-82c8aed23797,during,1,stark-prime-004,1.0,3,0.0,0.0,traverse_first,0.003,0.016,0.39823699999999995,0.015,neighbor_intersection,True
manually_audited_v0.1,tridb_live,0.0,1.0,27671.0,,,stark_prime,1.0,1.0,1,False,10,0.435549,0.43688010000000005,0.43699842000000005,1.0,traverse_first-8d055dcb7096,during,1,stark-prime-004,1.0,3,0.0,0.0,traverse_first,0.003,0.016,0.40354900000000005,0.014,neighbor_intersection,True
manually_audited_v0.1,tridb_live,0.0,1.0,27671.0,,,stark_prime,1.0,1.0,2,False,1,0.67632,0.6878832,0.68891104,1.0,traverse_first-92d6d9491887,during,1,stark-prime-004,1.0,3,0.0,0.0,traverse_first,0.003,0.196,0.42032,0.054,neighbor_intersection,True
manually_audited_v0.1,tridb_live,0.0,1.0,27671.0,,,stark_prime,1.0,1.0,1,False,1,0.585544,0.6261601,0.62977042,1.0,traverse_first-a6e5d14e469b,post,1,stark-prime-004,1.0,3,0.0,0.0,traverse_first,0.003,0.017,0.5515439999999999,0.016,neighbor_intersection,True
manually_audited_v0.1,tridb_live,0.0,1.0,27671.0,,,stark_prime,1.0,1.0,2,False,5,0.640036,0.6430762,0.6433464400000001,1.0,traverse_first-b279d6126ea0,post,1,stark-prime-004,1.0,3,0.0,0.0,traverse_first,0.003,0.171,0.41303600000000007,0.052,neighbor_intersection,True
manually_audited_v0.1,tridb_live,0.0,1.0,27671.0,,,stark_prime,1.0,1.0,1,False,100,0.449073,0.4510368,0.45121136,1.0,traverse_first-c289b470b52c,post,1,stark-prime-004,1.0,3,0.0,0.0,traverse_first,0.002,0.017,0.415073,0.014,neighbor_intersection,True
manually_audited_v0.1,tridb_live,0.0,1.0,27671.0,,,stark_prime,1.0,1.0,2,False,5,0.651161,0.6566618,0.65715076,1.0,traverse_first-cccdd3ed958f,during,1,stark-prime-004,1.0,3,0.0,0.0,traverse_first,0.003,0.174,0.418042,0.055,neighbor_intersection,True
manually_audited_v0.1,tridb_live,0.0,1.0,27671.0,,,stark_prime,1.0,1.0,2,False,20,0.649911,0.6560606999999999,0.65660734,1.0,traverse_first-e4d7ef105a79,during,1,stark-prime-004,1.0,3,0.0,0.0,traverse_first,0.003,0.17,0.41891100000000003,0.053,neighbor_intersection,True
manually_audited_v0.1,tridb_live,0.0,1.0,27671.0,,,stark_prime,1.0,1.0,1,False,5,0.439716,0.44262389999999996,0.44288237999999996,1.0,traverse_first-f0fdb2bba196,post,1,stark-prime-004,1.0,3,0.0,0.0,traverse_first,0.003,0.015,0.40871599999999997,0.014,neighbor_intersection,True
manually_audited_v0.1,tridb_live,0.0,1.0,27671.0,,,stark_prime,1.0,1.0,2,False,10,0.655064,0.6563996,0.65651832,1.0,traverse_first-f9b36ac9da92,during,1,stark-prime-004,1.0,3,0.0,0.0,traverse_first,0.002,0.177,0.425137,0.049,neighbor_intersection,True
manually_audited_v0.1,tridb_live,0.0,0.0,27671.0,,50.0,stark_prime,0.0,0.0,1,False,50,1.593701,1.5945875,1.5946663,0.0,vector_first-12e4b447491a,post,1,stark-prime-004,0.0,3,0.0,0.0,vector_first,1.023,0.0,0.5396860000000001,0.032,neighbor_intersection,True
manually_audited_v0.1,tridb_live,0.0,0.0,27671.0,,50.0,stark_prime,0.0,0.0,2,False,50,1.655996,1.6807504999999998,1.6829508999999998,0.0,vector_first-2670324e0bc6,during,1,stark-prime-004,0.0,3,0.0,0.0,vector_first,0.975,0.215,0.4565009999999998,0.0,neighbor_intersection,True
manually_audited_v0.1,tridb_live,0.0,0.0,27671.0,,20.0,stark_prime,0.0,0.0,2,False,20,1.539188,1.5885872,1.59297824,0.0,vector_first-27d19d1f923e,during,1,stark-prime-004,0.0,3,0.0,0.0,vector_first,0.892,0.134,0.5030760000000001,0.0,neighbor_intersection,True
manually_audited_v0.1,tridb_live,0.0,0.0,27671.0,,10.0,stark_prime,0.0,0.0,1,False,10,1.363091,1.4389997,1.4457471400000002,0.0,vector_first-404f84e6a5f4,post,1,stark-prime-004,0.0,3,0.0,0.0,vector_first,0.853,0.0,0.49209100000000006,0.029,neighbor_intersection,True
manually_audited_v0.1,tridb_live,0.0,0.0,27671.0,,20.0,stark_prime,0.0,0.0,1,False,20,1.53549,1.9921635000000002,2.0327567,0.0,vector_first-4c96de282a3c,during,1,stark-prime-004,0.0,3,0.0,0.0,vector_first,0.928,0.15,0.45748999999999995,0.0,neighbor_intersection,True
manually_audited_v0.1,tridb_live,0.0,0.0,27671.0,,5.0,stark_prime,0.0,0.0,1,False,5,1.335792,1.3882161000000002,1.39287602,0.0,vector_first-539cd672e6b6,post,1,stark-prime-004,0.0,3,0.0,0.0,vector_first,0.852,0.0,0.4556199999999999,0.03,neighbor_intersection,True
manually_audited_v0.1,tridb_live,0.0,0.0,27671.0,,100.0,stark_prime,0.0,0.0,2,False,100,1.677066,1.6950966,1.69669932,0.0,vector_first-736b83dff9a6,post,1,stark-prime-004,0.0,3,0.0,0.0,vector_first,1.148,0.0,0.4620869999999999,0.073,neighbor_intersection,True
manually_audited_v0.1,tridb_live,0.0,0.0,27671.0,,5.0,stark_prime,0.0,0.0,2,False,5,1.384505,1.6165349,1.6371597800000002,0.0,vector_first-7462d459aaf5,during,1,stark-prime-004,0.0,3,0.0,0.0,vector_first,0.832,0.081,0.47150500000000006,0.0,neighbor_intersection,True
manually_audited_v0.1,tridb_live,0.0,0.0,27671.0,,1.0,stark_prime,0.0,0.0,2,False,1,1.418941,1.4301028,1.43109496,0.0,vector_first-79d7f13154dd,post,1,stark-prime-004,0.0,3,0.0,0.0,vector_first,0.861,0.0,0.44734300000000005,0.067,neighbor_intersection,True
manually_audited_v0.1,tridb_live,0.0,0.0,27671.0,,1.0,stark_prime,0.0,0.0,2,False,1,1.286023,1.3293715,1.3332247,0.0,vector_first-8735078935c5,during,1,stark-prime-004,0.0,3,0.0,0.0,vector_first,0.813,0.034,0.4391879999999999,0.0,neighbor_intersection,True
manually_audited_v0.1,tridb_live,0.0,0.0,27671.0,,10.0,stark_prime,0.0,0.0,1,False,10,1.481644,1.5343650999999998,1.5390514199999998,0.0,vector_first-879c2f5ec6a7,during,1,stark-prime-004,0.0,3,0.0,0.0,vector_first,0.892,0.111,0.47864400000000007,0.0,neighbor_intersection,True
manually_audited_v0.1,tridb_live,0.0,0.0,27671.0,,100.0,stark_prime,0.0,0.0,1,False,100,2.056388,2.2219889,2.23670898,0.0,vector_first-95fb2abe9f82,during,1,stark-prime-004,0.0,3,0.0,0.0,vector_first,1.232,0.359,0.474305,0.0,neighbor_intersection,True
manually_audited_v0.1,tridb_live,0.0,0.0,27671.0,,100.0,stark_prime,0.0,0.0,1,False,100,1.644164,1.7349875000000001,1.7430607,0.0,vector_first-9a76384ab2d2,post,1,stark-prime-004,0.0,3,0.0,0.0,vector_first,1.139,0.0,0.4751639999999999,0.03,neighbor_intersection,True
manually_audited_v0.1,tridb_live,0.0,0.0,27671.0,,10.0,stark_prime,0.0,0.0,2,False,10,1.395511,1.4065945,1.4075797,0.0,vector_first-9e027ae921ee,during,1,stark-prime-004,0.0,3,0.0,0.0,vector_first,0.845,0.113,0.443511,0.0,neighbor_intersection,True
manually_audited_v0.1,tridb_live,0.0,0.0,27671.0,,1.0,stark_prime,0.0,0.0,1,False,1,2.162878,5.3840275,5.6703519,0.0,vector_first-9f2a495d4986,during,1,stark-prime-004,0.0,3,0.0,0.0,vector_first,1.682,0.037,0.43893300000000046,0.0,neighbor_intersection,True
manually_audited_v0.1,tridb_live,0.0,0.0,27671.0,,5.0,stark_prime,0.0,0.0,2,False,5,1.369639,1.4459212,1.45270184,0.0,vector_first-a5b8d6da0107,post,1,stark-prime-004,0.0,3,0.0,0.0,vector_first,0.822,0.0,0.47239699999999996,0.07,neighbor_intersection,True
manually_audited_v0.1,tridb_live,0.0,0.0,27671.0,,50.0,stark_prime,0.0,0.0,2,False,50,1.505918,1.5875507,1.59480694,0.0,vector_first-a7431c3167bb,post,1,stark-prime-004,0.0,3,0.0,0.0,vector_first,0.986,0.0,0.47791800000000006,0.072,neighbor_intersection,True
manually_audited_v0.1,tridb_live,0.0,0.0,27671.0,,10.0,stark_prime,0.0,0.0,2,False,10,1.381217,1.4321795,1.4367095,0.0,vector_first-a802c228be07,post,1,stark-prime-004,0.0,3,0.0,0.0,vector_first,0.847,0.0,0.4582169999999999,0.07,neighbor_intersection,True
manually_audited_v0.1,tridb_live,0.0,0.0,27671.0,,50.0,stark_prime,0.0,0.0,1,False,50,1.742551,1.9168531,1.9323466200000001,0.0,vector_first-b3f469e3373a,during,1,stark-prime-004,0.0,3,0.0,0.0,vector_first,1.049,0.234,0.462199,0.0,neighbor_intersection,True
manually_audited_v0.1,tridb_live,0.0,0.0,27671.0,,100.0,stark_prime,0.0,0.0,2,False,100,1.919663,1.9199681,1.91999522,0.0,vector_first-b9cbe3a2c022,during,1,stark-prime-004,0.0,3,0.0,0.0,vector_first,1.116,0.349,0.450002,0.0,neighbor_intersection,True
manually_audited_v0.1,tridb_live,0.0,0.0,27671.0,,1.0,stark_prime,0.0,0.0,1,False,1,1.411849,1.586593,1.6021258,0.0,vector_first-c1efa57fb2c2,post,1,stark-prime-004,0.0,3,0.0,0.0,vector_first,0.927,0.0,0.45684899999999995,0.028,neighbor_intersection,True
manually_audited_v0.1,tridb_live,0.0,0.0,27671.0,,20.0,stark_prime,0.0,0.0,2,False,20,1.509071,1.5373346,1.53984692,0.0,vector_first-c9c7dff0ae35,post,1,stark-prime-004,0.0,3,0.0,0.0,vector_first,0.953,0.0,0.4786730000000001,0.076,neighbor_intersection,True
manually_audited_v0.1,tridb_live,0.0,0.0,27671.0,,20.0,stark_prime,0.0,0.0,1,False,20,1.806827,1.9159592,1.92565984,0.0,vector_first-ce905df43902,post,1,stark-prime-004,0.0,3,0.0,0.0,vector_first,0.983,0.0,0.594827,0.033,neighbor_intersection,True
manually_audited_v0.1,tridb_live,0.0,0.0,27671.0,,8.0,stark_prime,0.0,0.0,2,True,8,1.498346,1.5169886000000001,1.51864572,0.0,vector_first-ebaeb868fc9b,post,1,stark-prime-004,0.0,3,0.0,0.0,vector_first,0.851,0.0,0.5740600000000001,0.066,neighbor_intersection,True
manually_audited_v0.1,tridb_live,0.0,0.0,27671.0,,5.0,stark_prime,0.0,0.0,1,False,5,1.353079,1.4174371,1.42315782,0.0,vector_first-f0a58d413e0f,during,1,stark-prime-004,0.0,3,0.0,0.0,vector_first,0.835,0.085,0.41958800000000007,0.0,neighbor_intersection,True
manually_audited_v0.1,tridb_live,0.0,1.0,27671.0,,50.0,stark_prime,1.0,1.0,1,False,50,31.174186,31.956197799999998,32.02570996,1.0,filter_first-03f67415e651,pre,1,stark-prime-005,1.0,3,0.0,0.0,filter_first,30.134,0.0,1.2190879999999957,0.051,neighbor_intersection,True
manually_audited_v0.1,tridb_live,0.0,0.0,27671.0,,20.0,stark_prime,0.0,0.0,1,False,20,14.231259,17.7078186,18.01684612,0.0,filter_first-1cad3c1573b2,pre,1,stark-prime-005,0.0,3,0.0,0.0,filter_first,12.492,0.0,0.9529809999999994,0.048,neighbor_intersection,True
manually_audited_v0.1,tridb_live,0.0,1.0,27671.0,,100.0,stark_prime,1.0,1.0,1,False,100,106.411118,109.5048428,109.77984056,1.0,filter_first-2387000dc3a8,pre,1,stark-prime-005,1.0,3,0.0,0.0,filter_first,105.156,0.0,1.1901179999999982,0.065,neighbor_intersection,True
manually_audited_v0.1,tridb_live,0.0,1.0,27671.0,,100.0,stark_prime,1.0,1.0,2,False,100,106.506676,107.3493487,107.42425293999999,1.0,filter_first-28ed17c208d7,pre,1,stark-prime-005,1.0,3,0.0,0.0,filter_first,105.412,0.0,0.9746760000000023,0.122,neighbor_intersection,True
manually_audited_v0.1,tridb_live,0.0,1.0,27671.0,,50.0,stark_prime,1.0,1.0,2,False,50,20.704876,21.0561721,21.08739842,1.0,filter_first-2d01f654960c,pre,1,stark-prime-005,1.0,3,0.0,0.0,filter_first,19.02,0.0,1.505875999999997,0.103,neighbor_intersection,True
manually_audited_v0.1,tridb_live,0.0,0.0,27671.0,,1.0,stark_prime,0.0,0.0,2,False,1,1.507218,1.5257706,1.5274197200000001,0.0,filter_first-3a7f1025f729,pre,1,stark-prime-005,0.0,3,0.0,0.0,filter_first,0.966,0.0,0.4732179999999999,0.067,neighbor_intersection,True
manually_audited_v0.1,tridb_live,0.0,0.0,27671.0,,20.0,stark_prime,0.0,0.0,2,False,20,13.420608,14.4936132,14.58899144,0.0,filter_first-46ec65dc7fea,pre,1,stark-prime-005,0.0,3,0.0,0.0,filter_first,12.339,0.0,0.9691690000000008,0.097,neighbor_intersection,True
manually_audited_v0.1,tridb_live,0.0,0.0,27671.0,,10.0,stark_prime,0.0,0.0,1,False,10,8.712505,12.6274933,12.975492260000001,0.0,filter_first-8532bb36e741,pre,1,stark-prime-005,0.0,3,0.0,0.0,filter_first,7.682,0.0,0.7904920000000004,0.043,neighbor_intersection,True
manually_audited_v0.1,tridb_live,0.0,0.0,27671.0,,5.0,stark_prime,0.0,0.0,1,False,5,4.481332,8.430262,8.781278,0.0,filter_first-8699218b4a03,pre,1,stark-prime-005,0.0,3,0.0,0.0,filter_first,3.871,0.0,0.5910320000000002,0.034,neighbor_intersection,True
manually_audited_v0.1,tridb_live,0.0,0.0,27671.0,,10.0,stark_prime,0.0,0.0,2,False,10,8.141875,8.4554953,8.48337266,0.0,filter_first-88d1f0b4340a,pre,1,stark-prime-005,0.0,3,0.0,0.0,filter_first,7.171,0.0,0.8528750000000009,0.091,neighbor_intersection,True
manually_audited_v0.1,tridb_live,0.0,0.0,27671.0,,5.0,stark_prime,0.0,0.0,2,False,5,3.956868,4.152546,4.1699396,0.0,filter_first-bb7c33f6d989,pre,1,stark-prime-005,0.0,3,0.0,0.0,filter_first,3.259,0.0,0.6161459999999996,0.075,neighbor_intersection,True
manually_audited_v0.1,tridb_live,0.0,0.0,27671.0,,1.0,stark_prime,0.0,0.0,1,False,1,2.016491,2.0952941,2.10229882,0.0,filter_first-ef43b60e2e3b,pre,1,stark-prime-005,0.0,3,0.0,0.0,filter_first,1.492,0.0,0.4934909999999999,0.03,neighbor_intersection,True
manually_audited_v0.1,tridb_live,0.0,1.0,27671.0,,,stark_prime,1.0,1.0,1,False,1,0.509016,1.0961949,1.14838858,1.0,traverse_first-0e65f761853b,during,1,stark-prime-005,1.0,3,0.0,0.0,traverse_first,0.003,0.027,0.45801600000000003,0.023,neighbor_intersection,True
manually_audited_v0.1,tridb_live,0.0,1.0,27671.0,,,stark_prime,1.0,1.0,2,False,1,0.674224,0.6846613,0.68558906,1.0,traverse_first-1401f30333f9,post,1,stark-prime-005,1.0,3,0.0,0.0,traverse_first,0.003,0.175,0.44922400000000007,0.052,neighbor_intersection,True
manually_audited_v0.1,tridb_live,0.0,1.0,27671.0,,,stark_prime,1.0,1.0,2,False,50,0.690966,0.6954587999999999,0.69585816,1.0,traverse_first-15df7fd20126,post,1,stark-prime-005,1.0,3,0.0,0.0,traverse_first,0.004,0.188,0.44595799999999997,0.052,neighbor_intersection,True
manually_audited_v0.1,tridb_live,0.0,1.0,27671.0,,,stark_prime,1.0,1.0,1,False,50,0.466899,0.48272909999999997,0.48413621999999995,1.0,traverse_first-18e80c0b50a9,post,1,stark-prime-005,1.0,3,0.0,0.0,traverse_first,0.003,0.021,0.422416,0.015,neighbor_intersection,True
manually_audited_v0.1,tridb_live,0.0,1.0,27671.0,,,stark_prime,1.0,1.0,1,False,5,0.461508,0.4626033,0.46270066,1.0,traverse_first-2ef9d31e2115,during,1,stark-prime-005,1.0,3,0.0,0.0,traverse_first,0.003,0.016,0.427508,0.013,neighbor_intersection,True
manually_audited_v0.1,tridb_live,0.0,1.0,27671.0,,,stark_prime,1.0,1.0,1,False,100,0.463313,0.8929982,0.93119244,1.0,traverse_first-3161568b8481,during,1,stark-prime-005,1.0,3,0.0,0.0,traverse_first,0.003,0.019,0.425313,0.018,neighbor_intersection,True
manually_audited_v0.1,tridb_live,0.0,1.0,27671.0,,,stark_prime,1.0,1.0,2,False,50,0.667842,0.6737874,0.6743158800000001,1.0,traverse_first-532feb3a2124,during,1,stark-prime-005,1.0,3,0.0,0.0,traverse_first,0.003,0.183,0.42684200000000005,0.053,neighbor_intersection,True
manually_audited_v0.1,tridb_live,0.0,1.0,27671.0,,,stark_prime,1.0,1.0,2,False,10,0.677689,0.6833697999999999,0.6838747599999999,1.0,traverse_first-5be44627d46d,post,1,stark-prime-005,1.0,3,0.0,0.0,traverse_first,0.003,0.18,0.42896,0.06,neighbor_intersection,True
manually_audited_v0.1,tridb_live,0.0,1.0,27671.0,,,stark_prime,1.0,1.0,2,False,20,0.677656,0.7019308000000001,0.7040885600000001,1.0,traverse_first-5dac164247a2,post,1,stark-prime-005,1.0,3,0.0,0.0,traverse_first,0.003,0.183,0.44465600000000005,0.055,neighbor_intersection,True
manually_audited_v0.1,tridb_live,0.0,1.0,27671.0,,,stark_prime,1.0,1.0,2,False,100,1.019713,1.0343263,1.03562526,1.0,traverse_first-6c308678a8d4,post,1,stark-prime-005,1.0,3,0.0,0.0,traverse_first,0.007,0.348,0.558713,0.109,neighbor_intersection,True
manually_audited_v0.1,tridb_live,0.0,1.0,27671.0,,,stark_prime,1.0,1.0,1,False,20,0.474079,0.48971020000000004,0.49109964,1.0,traverse_first-6e5585f7fa7d,during,1,stark-prime-005,1.0,3,0.0,0.0,traverse_first,0.003,0.022,0.431079,0.017,neighbor_intersection,True
manually_audited_v0.1,tridb_live,0.0,1.0,27671.0,,,stark_prime,1.0,1.0,2,False,100,1.054557,1.0997108999999998,1.10372458,1.0,traverse_first-702b20668df6,during,1,stark-prime-005,1.0,3,0.0,0.0,traverse_first,0.008,0.361,0.584557,0.113,neighbor_intersection,True
manually_audited_v0.1,tridb_live,0.0,1.0,27671.0,,,stark_prime,1.0,1.0,1,False,20,0.466606,0.4709143,0.47129726,1.0,traverse_first-76359c42693a,post,1,stark-prime-005,1.0,3,0.0,0.0,traverse_first,0.003,0.021,0.42660600000000004,0.016,neighbor_intersection,True
manually_audited_v0.1,tridb_live,0.0,1.0,27671.0,,,stark_prime,1.0,1.0,1,False,10,0.46513,0.4789063,0.48013086,1.0,traverse_first-7e45a5be9de9,post,1,stark-prime-005,1.0,3,0.0,0.0,traverse_first,0.003,0.019,0.42813,0.016,neighbor_intersection,True
manually_audited_v0.1,tridb_live,0.0,1.0,27671.0,,,stark_prime,1.0,1.0,1,False,50,0.468157,0.491863,0.4939702,1.0,traverse_first-82c8aed23797,during,1,stark-prime-005,1.0,3,0.0,0.0,traverse_first,0.003,0.021,0.426157,0.017,neighbor_intersection,True
manually_audited_v0.1,tridb_live,0.0,1.0,27671.0,,,stark_prime,1.0,1.0,1,False,10,0.493661,0.5092256000000001,0.51060912,1.0,traverse_first-8d055dcb7096,during,1,stark-prime-005,1.0,3,0.0,0.0,traverse_first,0.004,0.019,0.45566100000000004,0.017,neighbor_intersection,True
manually_audited_v0.1,tridb_live,0.0,1.0,27671.0,,,stark_prime,1.0,1.0,2,False,1,0.685652,0.6930122,0.69366644,1.0,traverse_first-92d6d9491887,during,1,stark-prime-005,1.0,3,0.0,0.0,traverse_first,0.003,0.19,0.43282999999999994,0.053,neighbor_intersection,True
manually_audited_v0.1,tridb_live,0.0,1.0,27671.0,,,stark_prime,1.0,1.0,1,False,1,0.524482,0.7250128,0.74283776,1.0,traverse_first-a6e5d14e469b,post,1,stark-prime-005,1.0,3,0.0,0.0,traverse_first,0.003,0.016,0.491482,0.014,neighbor_intersection,True
manually_audited_v0.1,tridb_live,0.0,1.0,27671.0,,,stark_prime,1.0,1.0,2,False,5,1.040267,1.3957202,1.42731604,1.0,traverse_first-b279d6126ea0,post,1,stark-prime-005,1.0,3,0.0,0.0,traverse_first,0.008,0.322,0.5942670000000001,0.116,neighbor_intersection,True
manually_audited_v0.1,tridb_live,0.0,1.0,27671.0,,,stark_prime,1.0,1.0,1,False,100,0.74639,0.776711,0.7794062,1.0,traverse_first-c289b470b52c,post,1,stark-prime-005,1.0,3,0.0,0.0,traverse_first,0.008,0.047,0.64608,0.039,neighbor_intersection,True
manually_audited_v0.1,tridb_live,0.0,1.0,27671.0,,,stark_prime,1.0,1.0,2,False,5,1.115074,1.9877365,2.0653065,1.0,traverse_first-cccdd3ed958f,during,1,stark-prime-005,1.0,3,0.0,0.0,traverse_first,0.01,0.353,0.6330739999999999,0.115,neighbor_intersection,True
manually_audited_v0.1,tridb_live,0.0,1.0,27671.0,,,stark_prime,1.0,1.0,2,False,20,0.871915,0.9688036,0.97741592,1.0,traverse_first-e4d7ef105a79,during,1,stark-prime-005,1.0,3,0.0,0.0,traverse_first,0.004,0.184,0.625915,0.06,neighbor_intersection,True
manually_audited_v0.1,tridb_live,0.0,1.0,27671.0,,,stark_prime,1.0,1.0,1,False,5,0.647222,0.7671227,0.7777805400000001,1.0,traverse_first-f0fdb2bba196,post,1,stark-prime-005,1.0,3,0.0,0.0,traverse_first,0.008,0.051,0.550222,0.038,neighbor_intersection,True
manually_audited_v0.1,tridb_live,0.0,1.0,27671.0,,,stark_prime,1.0,1.0,2,False,10,0.681354,0.7605063,0.76754206,1.0,traverse_first-f9b36ac9da92,during,1,stark-prime-005,1.0,3,0.0,0.0,traverse_first,0.004,0.189,0.434354,0.055,neighbor_intersection,True
manually_audited_v0.1,tridb_live,0.0,0.0,27671.0,,50.0,stark_prime,0.0,0.0,1,False,50,1.615504,1.6485259,1.65146118,0.0,vector_first-12e4b447491a,post,1,stark-prime-005,0.0,3,0.0,0.0,vector_first,1.155,0.0,0.4448000000000001,0.027,neighbor_intersection,True
manually_audited_v0.1,tridb_live,0.0,0.0,27671.0,,50.0,stark_prime,0.0,0.0,2,False,50,2.120373,2.2255893,2.23494186,0.0,vector_first-2670324e0bc6,during,1,stark-prime-005,0.0,3,0.0,0.0,vector_first,1.201,0.231,0.6223729999999998,0.069,neighbor_intersection,True
manually_audited_v0.1,tridb_live,0.0,0.0,27671.0,,20.0,stark_prime,0.0,0.0,2,False,20,1.742966,2.0081546,2.03172692,0.0,vector_first-27d19d1f923e,during,1,stark-prime-005,0.0,3,0.0,0.0,vector_first,1.075,0.138,0.5299659999999999,0.0,neighbor_intersection,True
manually_audited_v0.1,tridb_live,0.0,0.0,27671.0,,10.0,stark_prime,0.0,0.0,1,False,10,1.471602,1.5047553,1.50770226,0.0,vector_first-404f84e6a5f4,post,1,stark-prime-005,0.0,3,0.0,0.0,vector_first,0.989,0.0,0.45360200000000006,0.029,neighbor_intersection,True
manually_audited_v0.1,tridb_live,0.0,0.0,27671.0,,20.0,stark_prime,0.0,0.0,1,False,20,1.736598,1.7901174000000002,1.7948746800000002,0.0,vector_first-4c96de282a3c,during,1,stark-prime-005,0.0,3,0.0,0.0,vector_first,1.104,0.159,0.46859800000000007,0.0,neighbor_intersection,True
manually_audited_v0.1,tridb_live,0.0,0.0,27671.0,,5.0,stark_prime,0.0,0.0,1,False,5,1.561733,1.5982937,1.60154354,0.0,vector_first-539cd672e6b6,post,1,stark-prime-005,0.0,3,0.0,0.0,vector_first,1.052,0.0,0.4767330000000001,0.033,neighbor_intersection,True
manually_audited_v0.1,tridb_live,0.0,0.0,27671.0,,100.0,stark_prime,0.0,0.0,2,False,100,2.006812,2.3923846,2.42665772,0.0,vector_first-736b83dff9a6,post,1,stark-prime-005,0.0,3,0.0,0.0,vector_first,1.353,0.0,0.577812,0.078,neighbor_intersection,True
manually_audited_v0.1,tridb_live,0.0,0.0,27671.0,,5.0,stark_prime,0.0,0.0,2,False,5,1.520859,1.5331323000000001,1.53422326,0.0,vector_first-7462d459aaf5,during,1,stark-prime-005,0.0,3,0.0,0.0,vector_first,1.0,0.089,0.431859,0.0,neighbor_intersection,True
manually_audited_v0.1,tridb_live,0.0,0.0,27671.0,,1.0,stark_prime,0.0,0.0,2,False,1,1.527646,1.5598327,1.56269374,0.0,vector_first-79d7f13154dd,post,1,stark-prime-005,0.0,3,0.0,0.0,vector_first,0.987,0.0,0.471646,0.069,neighbor_intersection,True
manually_audited_v0.1,tridb_live,0.0,0.0,27671.0,,1.0,stark_prime,0.0,0.0,2,False,1,1.438689,1.4784915,1.4820295,0.0,vector_first-8735078935c5,during,1,stark-prime-005,0.0,3,0.0,0.0,vector_first,0.96,0.036,0.4426890000000001,0.0,neighbor_intersection,True
manually_audited_v0.1,tridb_live,0.0,0.0,27671.0,,10.0,stark_prime,0.0,0.0,1,False,10,1.671806,1.7645564,1.77280088,0.0,vector_first-879c2f5ec6a7,during,1,stark-prime-005,0.0,3,0.0,0.0,vector_first,1.07,0.122,0.4573820000000002,0.0,neighbor_intersection,True
manually_audited_v0.1,tridb_live,0.0,0.0,27671.0,,100.0,stark_prime,0.0,0.0,1,False,100,2.418126,2.6269080000000002,2.6454664,0.0,vector_first-95fb2abe9f82,during,1,stark-prime-005,0.0,3,0.0,0.0,vector_first,1.424,0.37,0.582106,0.038,neighbor_intersection,True
manually_audited_v0.1,tridb_live,0.0,0.0,27671.0,,100.0,stark_prime,0.0,0.0,1,False,100,2.018667,2.0751987,2.08022374,0.0,vector_first-9a76384ab2d2,post,1,stark-prime-005,0.0,3,0.0,0.0,vector_first,1.403,0.0,0.5806670000000003,0.034,neighbor_intersection,True
manually_audited_v0.1,tridb_live,0.0,0.0,27671.0,,10.0,stark_prime,0.0,0.0,2,False,10,1.570761,1.6012701,1.60398202,0.0,vector_first-9e027ae921ee,during,1,stark-prime-005,0.0,3,0.0,0.0,vector_first,1.019,0.109,0.4427610000000002,0.0,neighbor_intersection,True
manually_audited_v0.1,tridb_live,0.0,0.0,27671.0,,1.0,stark_prime,0.0,0.0,1,False,1,3.569093,7.787493799999999,8.16246276,0.0,vector_first-9f2a495d4986,during,1,stark-prime-005,0.0,3,0.0,0.0,vector_first,2.484,0.065,0.5522049999999998,0.0,neighbor_intersection,True
manually_audited_v0.1,tridb_live,0.0,0.0,27671.0,,5.0,stark_prime,0.0,0.0,2,False,5,2.126769,2.1564456,2.1590835200000003,0.0,vector_first-a5b8d6da0107,post,1,stark-prime-005,0.0,3,0.0,0.0,vector_first,1.433,0.0,0.565769,0.112,neighbor_intersection,True
manually_audited_v0.1,tridb_live,0.0,0.0,27671.0,,50.0,stark_prime,0.0,0.0,2,False,50,1.871786,1.8989264,1.90133888,0.0,vector_first-a7431c3167bb,post,1,stark-prime-005,0.0,3,0.0,0.0,vector_first,1.211,0.0,0.5877859999999999,0.074,neighbor_intersection,True
manually_audited_v0.1,tridb_live,0.0,0.0,27671.0,,10.0,stark_prime,0.0,0.0,2,False,10,1.626241,1.7702319999999998,1.7830312,0.0,vector_first-a802c228be07,post,1,stark-prime-005,0.0,3,0.0,0.0,vector_first,1.018,0.0,0.560241,0.073,neighbor_intersection,True
manually_audited_v0.1,tridb_live,0.0,0.0,27671.0,,50.0,stark_prime,0.0,0.0,1,False,50,1.896521,2.0328736999999997,2.04499394,0.0,vector_first-b3f469e3373a,during,1,stark-prime-005,0.0,3,0.0,0.0,vector_first,1.179,0.228,0.4657760000000002,0.025,neighbor_intersection,True
manually_audited_v0.1,tridb_live,0.0,0.0,27671.0,,100.0,stark_prime,0.0,0.0,2,False,100,2.440096,2.5444726,2.55375052,0.0,vector_first-b9cbe3a2c022,during,1,stark-prime-005,0.0,3,0.0,0.0,vector_first,1.382,0.366,0.5822019999999999,0.079,neighbor_intersection,True
manually_audited_v0.1,tridb_live,0.0,0.0,27671.0,,1.0,stark_prime,0.0,0.0,1,False,1,1.569594,1.8363531,1.86006502,0.0,vector_first-c1efa57fb2c2,post,1,stark-prime-005,0.0,3,0.0,0.0,vector_first,1.067,0.0,0.4759930000000001,0.031,neighbor_intersection,True
manually_audited_v0.1,tridb_live,0.0,0.0,27671.0,,20.0,stark_prime,0.0,0.0,2,False,20,1.595542,1.6546395999999999,1.65989272,0.0,vector_first-c9c7dff0ae35,post,1,stark-prime-005,0.0,3,0.0,0.0,vector_first,1.055,0.0,0.468542,0.072,neighbor_intersection,True
manually_audited_v0.1,tridb_live,0.0,0.0,27671.0,,20.0,stark_prime,0.0,0.0,1,False,20,1.590503,1.6047194,1.60598308,0.0,vector_first-ce905df43902,post,1,stark-prime-005,0.0,3,0.0,0.0,vector_first,1.051,0.0,0.4873859999999999,0.029,neighbor_intersection,True
manually_audited_v0.1,tridb_live,0.0,0.0,27671.0,,8.0,stark_prime,0.0,0.0,2,True,8,2.082615,2.1564968999999996,2.1630641799999997,0.0,vector_first-ebaeb868fc9b,post,1,stark-prime-005,0.0,3,0.0,0.0,vector_first,1.435,0.0,0.5346150000000001,0.111,neighbor_intersection,True
manually_audited_v0.1,tridb_live,0.0,0.0,27671.0,,5.0,stark_prime,0.0,0.0,1,False,5,1.771468,1.9392046,1.95411452,0.0,vector_first-f0a58d413e0f,during,1,stark-prime-005,0.0,3,0.0,0.0,vector_first,1.155,0.11,0.5064680000000001,0.0,neighbor_intersection,True
manually_audited_v0.1,tridb_live,0.0,3.0,2516.0,,50.0,stark_prime,1.0,1.0,1,False,50,7.465121,7.5449528,7.5520489600000005,1.0,filter_first-03f67415e651,pre,1,stark-prime-006,1.0,3,0.0,0.0,filter_first,6.796,0.0,0.6311210000000003,0.038,typed_neighbors,True
manually_audited_v0.1,tridb_live,0.0,3.0,2516.0,,20.0,stark_prime,1.0,1.0,1,False,20,7.729926,7.7386839,7.73946238,1.0,filter_first-1cad3c1573b2,pre,1,stark-prime-006,1.0,3,0.0,0.0,filter_first,7.036,0.0,0.6569259999999995,0.037,typed_neighbors,True
manually_audited_v0.1,tridb_live,0.0,3.0,2516.0,,100.0,stark_prime,1.0,1.0,1,False,100,7.684633,7.8431023,7.85718846,1.0,filter_first-2387000dc3a8,pre,1,stark-prime-006,1.0,3,0.0,0.0,filter_first,6.817,0.0,0.9606329999999996,0.037,typed_neighbors,True
manually_audited_v0.1,tridb_live,0.0,6.0,2516.0,,100.0,stark_prime,1.0,1.0,2,False,100,7.350074,7.5581063,7.57659806,1.0,filter_first-28ed17c208d7,pre,1,stark-prime-006,1.0,3,0.0,0.0,filter_first,6.752,0.0,0.5762210000000003,0.043,typed_neighbors,True
manually_audited_v0.1,tridb_live,0.0,5.0,2516.0,,50.0,stark_prime,1.0,1.0,2,False,50,7.395013,7.543923400000001,7.55715988,1.0,filter_first-2d01f654960c,pre,1,stark-prime-006,1.0,3,0.0,0.0,filter_first,6.723,0.0,0.6264690000000002,0.044,typed_neighbors,True
manually_audited_v0.1,tridb_live,0.0,0.0,2516.0,,1.0,stark_prime,0.0,0.0,2,False,1,8.444231,8.5733018,8.58477476,0.0,filter_first-3a7f1025f729,pre,1,stark-prime-006,0.0,3,0.0,0.0,filter_first,7.759,0.0,0.6392310000000005,0.047,typed_neighbors,True
manually_audited_v0.1,tridb_live,0.0,5.0,2516.0,,20.0,stark_prime,1.0,1.0,2,False,20,7.657946,8.4066371,8.47318742,1.0,filter_first-46ec65dc7fea,pre,1,stark-prime-006,1.0,3,0.0,0.0,filter_first,6.978,0.0,0.6520390000000003,0.045,typed_neighbors,True
manually_audited_v0.1,tridb_live,0.0,3.0,2516.0,,10.0,stark_prime,1.0,1.0,1,False,10,7.957061,8.0869598,8.09850636,1.0,filter_first-8532bb36e741,pre,1,stark-prime-006,1.0,3,0.0,0.0,filter_first,7.302,0.0,0.6853929999999995,0.034,typed_neighbors,True
manually_audited_v0.1,tridb_live,0.0,3.0,2516.0,,5.0,stark_prime,1.0,1.0,1,False,5,8.345707,8.377882,8.380742,1.0,filter_first-8699218b4a03,pre,1,stark-prime-006,1.0,3,0.0,0.0,filter_first,7.676,0.0,0.6327070000000008,0.038,typed_neighbors,True
manually_audited_v0.1,tridb_live,0.0,5.0,2516.0,,10.0,stark_prime,1.0,1.0,2,False,10,7.747563,7.9045950000000005,7.9185534,1.0,filter_first-88d1f0b4340a,pre,1,stark-prime-006,1.0,3,0.0,0.0,filter_first,7.121,0.0,0.6485630000000002,0.043,typed_neighbors,True
manually_audited_v0.1,tridb_live,0.0,4.0,2516.0,,5.0,stark_prime,1.0,1.0,2,False,5,8.272182,8.2911792,8.292867840000001,1.0,filter_first-bb7c33f6d989,pre,1,stark-prime-006,1.0,3,0.0,0.0,filter_first,7.503,0.0,0.6351820000000012,0.047,typed_neighbors,True
manually_audited_v0.1,tridb_live,0.0,0.0,2516.0,,1.0,stark_prime,0.0,0.0,1,False,1,9.659624,10.4470115,10.517001500000001,0.0,filter_first-ef43b60e2e3b,pre,1,stark-prime-006,0.0,3,0.0,0.0,filter_first,7.963,0.0,0.6967609999999995,0.039,typed_neighbors,True
manually_audited_v0.1,tridb_live,0.0,1.0,2516.0,,,stark_prime,1.0,1.0,1,False,1,0.596402,0.7552718,0.76939356,1.0,traverse_first-0e65f761853b,during,1,stark-prime-006,0.3333333333333333,3,0.0,0.0,traverse_first,0.012,0.054,0.511402,0.019,typed_neighbors,True
manually_audited_v0.1,tridb_live,0.0,1.0,2516.0,,,stark_prime,1.0,1.0,2,False,1,0.572959,1.3359358,1.40375596,1.0,traverse_first-1401f30333f9,post,1,stark-prime-006,0.3333333333333333,3,0.0,0.0,traverse_first,0.021,0.088,0.44012799999999996,0.024,typed_neighbors,True
manually_audited_v0.1,tridb_live,0.0,6.0,2516.0,,,stark_prime,1.0,1.0,2,False,50,0.552306,0.8123258999999999,0.8354387799999999,1.0,traverse_first-15df7fd20126,post,1,stark-prime-006,1.0,3,0.0,0.0,traverse_first,0.018,0.085,0.42830599999999996,0.021,typed_neighbors,True
manually_audited_v0.1,tridb_live,0.0,3.0,2516.0,,,stark_prime,1.0,1.0,1,False,50,0.494797,0.4962928,0.49642576,1.0,traverse_first-18e80c0b50a9,post,1,stark-prime-006,1.0,3,0.0,0.0,traverse_first,0.012,0.042,0.421459,0.016,typed_neighbors,True
manually_audited_v0.1,tridb_live,0.0,3.0,2516.0,,,stark_prime,1.0,1.0,1,False,5,0.493075,0.5839786,0.59205892,1.0,traverse_first-2ef9d31e2115,during,1,stark-prime-006,1.0,3,0.0,0.0,traverse_first,0.01,0.041,0.427075,0.016,typed_neighbors,True
manually_audited_v0.1,tridb_live,0.0,3.0,2516.0,,,stark_prime,1.0,1.0,1,False,100,0.480386,0.49010509999999996,0.49096902,1.0,traverse_first-3161568b8481,during,1,stark-prime-006,1.0,3,0.0,0.0,traverse_first,0.01,0.043,0.414386,0.016,typed_neighbors,True
manually_audited_v0.1,tridb_live,0.0,6.0,2516.0,,,stark_prime,1.0,1.0,2,False,50,0.549913,0.5904013,0.59400026,1.0,traverse_first-532feb3a2124,during,1,stark-prime-006,1.0,3,0.0,0.0,traverse_first,0.019,0.093,0.416913,0.022,typed_neighbors,True
manually_audited_v0.1,tridb_live,0.0,6.0,2516.0,,,stark_prime,1.0,1.0,2,False,10,0.564107,0.5763236,0.57740952,1.0,traverse_first-5be44627d46d,post,1,stark-prime-006,1.0,3,0.0,0.0,traverse_first,0.024,0.085,0.431681,0.024,typed_neighbors,True
manually_audited_v0.1,tridb_live,0.0,6.0,2516.0,,,stark_prime,1.0,1.0,2,False,20,0.55141,0.5536663,0.55386686,1.0,traverse_first-5dac164247a2,post,1,stark-prime-006,1.0,3,0.0,0.0,traverse_first,0.019,0.083,0.42540999999999995,0.022,typed_neighbors,True
manually_audited_v0.1,tridb_live,0.0,6.0,2516.0,,,stark_prime,1.0,1.0,2,False,100,0.571415,0.6370844,0.6429216799999999,1.0,traverse_first-6c308678a8d4,post,1,stark-prime-006,1.0,3,0.0,0.0,traverse_first,0.023,0.086,0.441415,0.022,typed_neighbors,True
manually_audited_v0.1,tridb_live,0.0,3.0,2516.0,,,stark_prime,1.0,1.0,1,False,20,0.501403,0.6002725,0.6090609,1.0,traverse_first-6e5585f7fa7d,during,1,stark-prime-006,1.0,3,0.0,0.0,traverse_first,0.009,0.044,0.43340300000000004,0.016,typed_neighbors,True
manually_audited_v0.1,tridb_live,0.0,6.0,2516.0,,,stark_prime,1.0,1.0,2,False,100,0.57431,0.6237362,0.62812964,1.0,traverse_first-702b20668df6,during,1,stark-prime-006,1.0,3,0.0,0.0,traverse_first,0.02,0.096,0.43631,0.024,typed_neighbors,True
manually_audited_v0.1,tridb_live,0.0,3.0,2516.0,,,stark_prime,1.0,1.0,1,False,20,0.500085,0.5030361,0.50329842,1.0,traverse_first-76359c42693a,post,1,stark-prime-006,1.0,3,0.0,0.0,traverse_first,0.011,0.044,0.42953,0.016,typed_neighbors,True
manually_audited_v0.1,tridb_live,0.0,3.0,2516.0,,,stark_prime,1.0,1.0,1,False,10,0.518896,0.5479822,0.55056764,1.0,traverse_first-7e45a5be9de9,post,1,stark-prime-006,1.0,3,0.0,0.0,traverse_first,0.013,0.043,0.441896,0.016,typed_neighbors,True
manually_audited_v0.1,tridb_live,0.0,3.0,2516.0,,,stark_prime,1.0,1.0,1,False,50,0.481175,0.5063084,0.50854248,1.0,traverse_first-82c8aed23797,during,1,stark-prime-006,1.0,3,0.0,0.0,traverse_first,0.01,0.042,0.414502,0.016,typed_neighbors,True
manually_audited_v0.1,tridb_live,0.0,3.0,2516.0,,,stark_prime,1.0,1.0,1,False,10,0.509148,0.5189967,0.5198721399999999,1.0,traverse_first-8d055dcb7096,during,1,stark-prime-006,1.0,3,0.0,0.0,traverse_first,0.011,0.042,0.43714800000000004,0.017,typed_neighbors,True
manually_audited_v0.1,tridb_live,0.0,1.0,2516.0,,,stark_prime,1.0,1.0,2,False,1,0.802085,0.8499164,0.85416808,1.0,traverse_first-92d6d9491887,during,1,stark-prime-006,0.3333333333333333,3,0.0,0.0,traverse_first,0.035,0.146,0.550085,0.038,typed_neighbors,True
manually_audited_v0.1,tridb_live,0.0,1.0,2516.0,,,stark_prime,1.0,1.0,1,False,1,0.687057,0.8001204000000001,0.81017048,1.0,traverse_first-a6e5d14e469b,post,1,stark-prime-006,0.3333333333333333,3,0.0,0.0,traverse_first,0.018,0.074,0.55411,0.031,typed_neighbors,True
manually_audited_v0.1,tridb_live,0.0,5.0,2516.0,,,stark_prime,1.0,1.0,2,False,5,0.584306,0.5958772999999999,0.59690586,1.0,traverse_first-b279d6126ea0,post,1,stark-prime-006,1.0,3,0.0,0.0,traverse_first,0.024,0.085,0.450306,0.022,typed_neighbors,True
manually_audited_v0.1,tridb_live,0.0,3.0,2516.0,,,stark_prime,1.0,1.0,1,False,100,0.508186,0.5116573,0.51196586,1.0,traverse_first-c289b470b52c,post,1,stark-prime-006,1.0,3,0.0,0.0,traverse_first,0.011,0.048,0.41842399999999996,0.016,typed_neighbors,True
manually_audited_v0.1,tridb_live,0.0,5.0,2516.0,,,stark_prime,1.0,1.0,2,False,5,0.569851,0.6010396,0.60381192,1.0,traverse_first-cccdd3ed958f,during,1,stark-prime-006,1.0,3,0.0,0.0,traverse_first,0.023,0.096,0.4395049999999999,0.024,typed_neighbors,True
manually_audited_v0.1,tridb_live,0.0,6.0,2516.0,,,stark_prime,1.0,1.0,2,False,20,0.578653,0.5841619,0.5846515800000001,1.0,traverse_first-e4d7ef105a79,during,1,stark-prime-006,1.0,3,0.0,0.0,traverse_first,0.019,0.099,0.431976,0.023,typed_neighbors,True
manually_audited_v0.1,tridb_live,0.0,3.0,2516.0,,,stark_prime,1.0,1.0,1,False,5,0.507008,0.5077748,0.50784296,1.0,traverse_first-f0fdb2bba196,post,1,stark-prime-006,1.0,3,0.0,0.0,traverse_first,0.012,0.046,0.43076600000000004,0.016,typed_neighbors,True
manually_audited_v0.1,tridb_live,0.0,6.0,2516.0,,,stark_prime,1.0,1.0,2,False,10,0.581962,0.5937690999999999,0.59481862,1.0,traverse_first-f9b36ac9da92,during,1,stark-prime-006,1.0,3,0.0,0.0,traverse_first,0.021,0.093,0.43696199999999996,0.026,typed_neighbors,True
manually_audited_v0.1,tridb_live,0.0,3.0,2516.0,,50.0,stark_prime,1.0,1.0,1,False,50,1.247951,1.2626885,1.2639985,1.0,vector_first-12e4b447491a,post,1,stark-prime-006,1.0,3,0.0,0.0,vector_first,0.701,0.054,0.463951,0.029,typed_neighbors,True
manually_audited_v0.1,tridb_live,0.0,3.0,2516.0,,50.0,stark_prime,1.0,1.0,2,False,50,1.439754,1.4750034,1.47813668,1.0,vector_first-2670324e0bc6,during,1,stark-prime-006,1.0,3,0.0,0.0,vector_first,0.705,0.22,0.4779200000000001,0.034,typed_neighbors,True
manually_audited_v0.1,tridb_live,0.0,3.0,2516.0,,20.0,stark_prime,1.0,1.0,2,False,20,1.359556,1.3599583,1.35999406,1.0,vector_first-27d19d1f923e,during,1,stark-prime-006,1.0,3,0.0,0.0,vector_first,0.66,0.148,0.4890030000000001,0.036,typed_neighbors,True
manually_audited_v0.1,tridb_live,0.0,3.0,2516.0,,10.0,stark_prime,1.0,1.0,1,False,10,1.139779,1.1779948,1.1813917600000001,1.0,vector_first-404f84e6a5f4,post,1,stark-prime-006,1.0,3,0.0,0.0,vector_first,0.562,0.055,0.48050099999999996,0.03,typed_neighbors,True
manually_audited_v0.1,tridb_live,0.0,3.0,2516.0,,20.0,stark_prime,1.0,1.0,1,False,20,1.285297,1.3235254,1.32692348,1.0,vector_first-4c96de282a3c,during,1,stark-prime-006,1.0,3,0.0,0.0,vector_first,0.659,0.143,0.47081000000000006,0.028,typed_neighbors,True
manually_audited_v0.1,tridb_live,0.0,3.0,2516.0,,5.0,stark_prime,1.0,1.0,1,False,5,1.127896,2.018779,2.0979686,1.0,vector_first-539cd672e6b6,post,1,stark-prime-006,1.0,3,0.0,0.0,vector_first,0.568,0.053,0.460896,0.029,typed_neighbors,True
manually_audited_v0.1,tridb_live,0.0,5.0,2516.0,,100.0,stark_prime,1.0,1.0,2,False,100,1.446673,1.5035314,1.50858548,1.0,vector_first-736b83dff9a6,post,1,stark-prime-006,1.0,3,0.0,0.0,vector_first,0.83,0.083,0.5036730000000001,0.035,typed_neighbors,True
manually_audited_v0.1,tridb_live,0.0,3.0,2516.0,,5.0,stark_prime,1.0,1.0,2,False,5,1.190869,1.2167359,1.21903518,1.0,vector_first-7462d459aaf5,during,1,stark-prime-006,1.0,3,0.0,0.0,vector_first,0.58,0.083,0.5186100000000001,0.032,typed_neighbors,True
manually_audited_v0.1,tridb_live,0.0,0.0,2516.0,,1.0,stark_prime,0.0,0.0,2,False,1,1.065764,1.0680716,1.0682767199999998,0.0,vector_first-79d7f13154dd,post,1,stark-prime-006,0.0,3,0.0,0.0,vector_first,0.57,0.0,0.46076399999999995,0.035,typed_neighbors,True
manually_audited_v0.1,tridb_live,0.0,0.0,2516.0,,1.0,stark_prime,0.0,0.0,2,False,1,1.171491,1.2335514,1.2390678800000001,0.0,vector_first-8735078935c5,during,1,stark-prime-006,0.0,3,0.0,0.0,vector_first,0.585,0.041,0.506491,0.035,typed_neighbors,True
manually_audited_v0.1,tridb_live,0.0,3.0,2516.0,,10.0,stark_prime,1.0,1.0,1,False,10,1.245248,1.337363,1.3455510000000002,1.0,vector_first-879c2f5ec6a7,during,1,stark-prime-006,1.0,3,0.0,0.0,vector_first,0.603,0.114,0.4992479999999999,0.029,typed_neighbors,True
manually_audited_v0.1,tridb_live,0.0,3.0,2516.0,,100.0,stark_prime,1.0,1.0,1,False,100,1.9449,2.2733423999999998,2.3025372799999997,1.0,vector_first-95fb2abe9f82,during,1,stark-prime-006,1.0,3,0.0,0.0,vector_first,0.938,0.373,0.5918359999999998,0.051,typed_neighbors,True
manually_audited_v0.1,tridb_live,0.0,3.0,2516.0,,100.0,stark_prime,1.0,1.0,1,False,100,1.4543,1.4715926,1.47312972,1.0,vector_first-9a76384ab2d2,post,1,stark-prime-006,1.0,3,0.0,0.0,vector_first,0.867,0.056,0.5023,0.029,typed_neighbors,True
manually_audited_v0.1,tridb_live,0.0,3.0,2516.0,,10.0,stark_prime,1.0,1.0,2,False,10,1.199626,1.2055894,1.2061194800000001,1.0,vector_first-9e027ae921ee,during,1,stark-prime-006,1.0,3,0.0,0.0,vector_first,0.59,0.112,0.4612520000000001,0.033,typed_neighbors,True
manually_audited_v0.1,tridb_live,0.0,0.0,2516.0,,1.0,stark_prime,0.0,0.0,1,False,1,1.57177,1.8723745,1.8990949,0.0,vector_first-9f2a495d4986,during,1,stark-prime-006,0.0,3,0.0,0.0,vector_first,1.014,0.038,0.49076999999999993,0.029,typed_neighbors,True
manually_audited_v0.1,tridb_live,0.0,3.0,2516.0,,5.0,stark_prime,1.0,1.0,2,False,5,1.144689,1.1572143,1.15832766,1.0,vector_first-a5b8d6da0107,post,1,stark-prime-006,1.0,3,0.0,0.0,vector_first,0.56,0.057,0.503606,0.035,typed_neighbors,True
manually_audited_v0.1,tridb_live,0.0,3.0,2516.0,,50.0,stark_prime,1.0,1.0,2,False,50,1.419345,1.4737913999999999,1.47863108,1.0,vector_first-a7431c3167bb,post,1,stark-prime-006,1.0,3,0.0,0.0,vector_first,0.712,0.062,0.616841,0.037,typed_neighbors,True
manually_audited_v0.1,tridb_live,0.0,3.0,2516.0,,10.0,stark_prime,1.0,1.0,2,False,10,1.137699,1.1886056999999999,1.19313074,1.0,vector_first-a802c228be07,post,1,stark-prime-006,1.0,3,0.0,0.0,vector_first,0.586,0.059,0.4672439999999999,0.035,typed_neighbors,True
manually_audited_v0.1,tridb_live,0.0,3.0,2516.0,,50.0,stark_prime,1.0,1.0,1,False,50,1.576826,1.6234001,1.62754002,1.0,vector_first-b3f469e3373a,during,1,stark-prime-006,1.0,3,0.0,0.0,vector_first,0.841,0.225,0.467916,0.03,typed_neighbors,True
manually_audited_v0.1,tridb_live,0.0,5.0,2516.0,,100.0,stark_prime,1.0,1.0,2,False,100,1.840648,1.8527215,1.8537947,1.0,vector_first-b9cbe3a2c022,during,1,stark-prime-006,1.0,3,0.0,0.0,vector_first,0.839,0.363,0.568063,0.061,typed_neighbors,True
manually_audited_v0.1,tridb_live,0.0,0.0,2516.0,,1.0,stark_prime,0.0,0.0,1,False,1,1.108398,1.1902476,1.1975231199999998,0.0,vector_first-c1efa57fb2c2,post,1,stark-prime-006,0.0,3,0.0,0.0,vector_first,0.617,0.0,0.461398,0.03,typed_neighbors,True
manually_audited_v0.1,tridb_live,0.0,3.0,2516.0,,20.0,stark_prime,1.0,1.0,2,False,20,1.180811,1.1924948000000002,1.1935333600000002,1.0,vector_first-c9c7dff0ae35,post,1,stark-prime-006,1.0,3,0.0,0.0,vector_first,0.595,0.053,0.47679300000000013,0.035,typed_neighbors,True
manually_audited_v0.1,tridb_live,0.0,3.0,2516.0,,20.0,stark_prime,1.0,1.0,1,False,20,1.152067,1.16734,1.1686976,1.0,vector_first-ce905df43902,post,1,stark-prime-006,1.0,3,0.0,0.0,vector_first,0.602,0.053,0.45803700000000014,0.029,typed_neighbors,True
manually_audited_v0.1,tridb_live,0.0,3.0,2516.0,,8.0,stark_prime,1.0,1.0,2,True,8,1.158218,1.20068,1.2044544,1.0,vector_first-ebaeb868fc9b,post,1,stark-prime-006,1.0,3,0.0,0.0,vector_first,0.578,0.059,0.4832179999999999,0.041,typed_neighbors,True
manually_audited_v0.1,tridb_live,0.0,3.0,2516.0,,5.0,stark_prime,1.0,1.0,1,False,5,1.160824,1.1890543,1.19156366,1.0,vector_first-f0a58d413e0f,during,1,stark-prime-006,1.0,3,0.0,0.0,vector_first,0.577,0.089,0.4608240000000001,0.026,typed_neighbors,True
manually_audited_v0.1,tridb_live,0.0,0.0,17080.0,,50.0,stark_prime,0.0,0.0,1,False,50,66.845249,70.2437615,70.5458515,0.0,filter_first-03f67415e651,pre,1,stark-prime-007,0.0,3,0.0,0.0,filter_first,65.696,0.0,1.0722489999999993,0.077,typed_neighbors,True
manually_audited_v0.1,tridb_live,0.0,0.0,17080.0,,20.0,stark_prime,0.0,0.0,1,False,20,1.829745,2.2040451,2.23731622,0.0,filter_first-1cad3c1573b2,pre,1,stark-prime-007,0.0,3,0.0,0.0,filter_first,1.262,0.0,0.524745,0.043,typed_neighbors,True
manually_audited_v0.1,tridb_live,0.0,0.0,17080.0,,100.0,stark_prime,0.0,0.0,1,False,100,55.911986,56.9910419,57.08695798,0.0,filter_first-2387000dc3a8,pre,1,stark-prime-007,0.0,3,0.0,0.0,filter_first,54.298,0.0,1.2449370000000002,0.075,typed_neighbors,True
manually_audited_v0.1,tridb_live,0.0,0.0,17080.0,,100.0,stark_prime,0.0,0.0,2,False,100,58.588838,59.211829699999996,59.26720674,0.0,filter_first-28ed17c208d7,pre,1,stark-prime-007,0.0,3,0.0,0.0,filter_first,54.062,0.0,2.1898380000000017,2.168,typed_neighbors,True
manually_audited_v0.1,tridb_live,0.0,0.0,17080.0,,50.0,stark_prime,0.0,0.0,2,False,50,58.497335,59.2880732,59.358361040000005,0.0,filter_first-2d01f654960c,pre,1,stark-prime-007,0.0,3,0.0,0.0,filter_first,53.861,0.0,2.3091499999999954,2.194,typed_neighbors,True
manually_audited_v0.1,tridb_live,0.0,0.0,17080.0,,1.0,stark_prime,0.0,0.0,2,False,1,4.339001,4.5401744,4.55805648,0.0,filter_first-3a7f1025f729,pre,1,stark-prime-007,0.0,3,0.0,0.0,filter_first,1.345,0.0,0.8320009999999995,2.119,typed_neighbors,True
manually_audited_v0.1,tridb_live,0.0,0.0,17080.0,,20.0,stark_prime,0.0,0.0,2,False,20,3.85867,3.9944827,4.00655494,0.0,filter_first-46ec65dc7fea,pre,1,stark-prime-007,0.0,3,0.0,0.0,filter_first,1.147,0.0,0.7630170000000001,2.008,typed_neighbors,True
manually_audited_v0.1,tridb_live,0.0,0.0,17080.0,,10.0,stark_prime,0.0,0.0,1,False,10,1.734384,1.8848154,1.89818708,0.0,filter_first-8532bb36e741,pre,1,stark-prime-007,0.0,3,0.0,0.0,filter_first,1.192,0.0,0.49838399999999994,0.044,typed_neighbors,True
manually_audited_v0.1,tridb_live,0.0,0.0,17080.0,,5.0,stark_prime,0.0,0.0,1,False,5,1.676113,2.0902831,2.12709822,0.0,filter_first-8699218b4a03,pre,1,stark-prime-007,0.0,3,0.0,0.0,filter_first,1.158,0.0,0.4831129999999999,0.042,typed_neighbors,True
manually_audited_v0.1,tridb_live,0.0,0.0,17080.0,,10.0,stark_prime,0.0,0.0,2,False,10,3.909005,4.4966591,4.54889502,0.0,filter_first-88d1f0b4340a,pre,1,stark-prime-007,0.0,3,0.0,0.0,filter_first,1.137,0.0,0.812319,1.933,typed_neighbors,True
manually_audited_v0.1,tridb_live,0.0,0.0,17080.0,,5.0,stark_prime,0.0,0.0,2,False,5,3.878303,4.0591328,4.07520656,0.0,filter_first-bb7c33f6d989,pre,1,stark-prime-007,0.0,3,0.0,0.0,filter_first,1.206,0.0,0.8012250000000001,1.95,typed_neighbors,True
manually_audited_v0.1,tridb_live,0.0,0.0,17080.0,,1.0,stark_prime,0.0,0.0,1,False,1,2.584327,4.1023516,4.23728712,0.0,filter_first-ef43b60e2e3b,pre,1,stark-prime-007,0.0,3,0.0,0.0,filter_first,2.023,0.0,0.5853430000000002,0.048,typed_neighbors,True
manually_audited_v0.1,tridb_live,0.0,1.0,17080.0,,,stark_prime,0.0,0.0,1,False,1,0.709078,2.3163619,2.45923158,0.0,traverse_first-0e65f761853b,during,1,stark-prime-007,0.0,3,0.0,0.0,traverse_first,0.058,0.133,0.476078,0.042,typed_neighbors,True
manually_audited_v0.1,tridb_live,0.0,1.0,17080.0,,,stark_prime,0.0,0.0,2,False,1,10.181503,10.2175408,10.22074416,0.0,traverse_first-1401f30333f9,post,1,stark-prime-007,0.0,3,0.0,0.0,traverse_first,0.173,6.693,2.1385450000000006,1.175,typed_neighbors,True
manually_audited_v0.1,tridb_live,0.0,20.0,17080.0,,,stark_prime,0.0,1.0,2,False,50,8.378161,8.5184377,8.53090674,0.25,traverse_first-15df7fd20126,post,1,stark-prime-007,1.0,3,0.0,0.0,traverse_first,0.083,5.976,1.2011610000000008,1.059,typed_neighbors,True
manually_audited_v0.1,tridb_live,0.0,20.0,17080.0,,,stark_prime,0.0,1.0,1,False,50,0.647277,0.655485,0.6562146,0.25,traverse_first-18e80c0b50a9,post,1,stark-prime-007,1.0,3,0.0,0.0,traverse_first,0.047,0.119,0.451277,0.032,typed_neighbors,True
manually_audited_v0.1,tridb_live,0.0,5.0,17080.0,,,stark_prime,0.0,1.0,1,False,5,0.731615,2.1464383999999996,2.27220048,0.25,traverse_first-2ef9d31e2115,during,1,stark-prime-007,1.0,3,0.0,0.0,traverse_first,0.081,0.147,0.461615,0.042,typed_neighbors,True
manually_audited_v0.1,tridb_live,0.0,20.0,17080.0,,,stark_prime,0.0,1.0,1,False,100,0.651939,0.7604043,0.7700456600000001,0.25,traverse_first-3161568b8481,during,1,stark-prime-007,1.0,3,0.0,0.0,traverse_first,0.051,0.121,0.44322999999999996,0.037,typed_neighbors,True
manually_audited_v0.1,tridb_live,0.0,20.0,17080.0,,,stark_prime,0.0,1.0,2,False,50,8.395159,8.4207082,8.42297924,0.25,traverse_first-532feb3a2124,during,1,stark-prime-007,1.0,3,0.0,0.0,traverse_first,0.083,6.074,1.1923690000000002,1.075,typed_neighbors,True
manually_audited_v0.1,tridb_live,0.0,10.0,17080.0,,,stark_prime,0.0,1.0,2,False,10,8.668366,9.0048958,9.03480956,0.25,traverse_first-5be44627d46d,post,1,stark-prime-007,1.0,3,0.0,0.0,traverse_first,0.094,6.087,1.4493660000000004,1.053,typed_neighbors,True
manually_audited_v0.1,tridb_live,0.0,20.0,17080.0,,,stark_prime,0.0,1.0,2,False,20,8.574289,9.7085095,9.8093291,0.25,traverse_first-5dac164247a2,post,1,stark-prime-007,1.0,3,0.0,0.0,traverse_first,0.086,6.21,1.2143249999999997,1.076,typed_neighbors,True
manually_audited_v0.1,tridb_live,0.0,20.0,17080.0,,,stark_prime,0.0,1.0,2,False,100,8.506642,8.6361484,8.64766008,0.25,traverse_first-6c308678a8d4,post,1,stark-prime-007,1.0,3,0.0,0.0,traverse_first,0.082,5.938,1.5156419999999997,1.057,typed_neighbors,True
manually_audited_v0.1,tridb_live,0.0,20.0,17080.0,,,stark_prime,0.0,1.0,1,False,20,0.923211,0.9696851999999999,0.97381624,0.25,traverse_first-6e5585f7fa7d,during,1,stark-prime-007,1.0,3,0.0,0.0,traverse_first,0.09,0.181,0.5932109999999999,0.05,typed_neighbors,True
manually_audited_v0.1,tridb_live,0.0,20.0,17080.0,,,stark_prime,0.0,1.0,2,False,100,8.313329,8.474098699999999,8.48838934,0.25,traverse_first-702b20668df6,during,1,stark-prime-007,1.0,3,0.0,0.0,traverse_first,0.078,6.006,1.184329,1.053,typed_neighbors,True
manually_audited_v0.1,tridb_live,0.0,20.0,17080.0,,,stark_prime,0.0,1.0,1,False,20,0.85467,0.8832755999999999,0.8858183199999999,0.25,traverse_first-76359c42693a,post,1,stark-prime-007,1.0,3,0.0,0.0,traverse_first,0.066,0.161,0.58267,0.045,typed_neighbors,True
manually_audited_v0.1,tridb_live,0.0,10.0,17080.0,,,stark_prime,0.0,1.0,1,False,10,0.806839,1.0994245,1.1254321,0.25,traverse_first-7e45a5be9de9,post,1,stark-prime-007,1.0,3,0.0,0.0,traverse_first,0.088,0.181,0.48683899999999997,0.051,typed_neighbors,True
manually_audited_v0.1,tridb_live,0.0,20.0,17080.0,,,stark_prime,0.0,1.0,1,False,50,0.676342,1.0455859,1.0784075800000001,0.25,traverse_first-82c8aed23797,during,1,stark-prime-007,1.0,3,0.0,0.0,traverse_first,0.052,0.123,0.46734200000000004,0.043,typed_neighbors,True
manually_audited_v0.1,tridb_live,0.0,10.0,17080.0,,,stark_prime,0.0,1.0,1,False,10,1.026805,1.2913879,1.31490638,0.25,traverse_first-8d055dcb7096,during,1,stark-prime-007,1.0,3,0.0,0.0,traverse_first,0.133,0.246,0.5818049999999999,0.066,typed_neighbors,True
manually_audited_v0.1,tridb_live,0.0,1.0,17080.0,,,stark_prime,0.0,0.0,2,False,1,10.8838,11.5654267,11.62601574,0.0,traverse_first-92d6d9491887,during,1,stark-prime-007,0.0,3,0.0,0.0,traverse_first,0.149,7.05,2.3878000000000004,1.174,typed_neighbors,True
manually_audited_v0.1,tridb_live,0.0,1.0,17080.0,,,stark_prime,0.0,0.0,1,False,1,0.612019,0.7341238,0.74497756,0.0,traverse_first-a6e5d14e469b,post,1,stark-prime-007,0.0,3,0.0,0.0,traverse_first,0.05,0.118,0.417019,0.032,typed_neighbors,True
manually_audited_v0.1,tridb_live,0.0,5.0,17080.0,,,stark_prime,0.0,1.0,2,False,5,10.624253,10.9451021,10.97362202,0.25,traverse_first-b279d6126ea0,post,1,stark-prime-007,1.0,3,0.0,0.0,traverse_first,0.154,6.466,2.709752,1.197,typed_neighbors,True
manually_audited_v0.1,tridb_live,0.0,20.0,17080.0,,,stark_prime,0.0,1.0,1,False,100,0.620861,0.6303758,0.6312215600000001,0.25,traverse_first-c289b470b52c,post,1,stark-prime-007,1.0,3,0.0,0.0,traverse_first,0.043,0.119,0.42443300000000006,0.032,typed_neighbors,True
manually_audited_v0.1,tridb_live,0.0,5.0,17080.0,,,stark_prime,0.0,1.0,2,False,5,10.422785,10.5065723,10.51402006,0.25,traverse_first-cccdd3ed958f,during,1,stark-prime-007,1.0,3,0.0,0.0,traverse_first,0.145,6.897,2.0368820000000003,1.204,typed_neighbors,True
manually_audited_v0.1,tridb_live,0.0,20.0,17080.0,,,stark_prime,0.0,1.0,2,False,20,9.283527,9.3725154,9.38042548,0.25,traverse_first-e4d7ef105a79,during,1,stark-prime-007,1.0,3,0.0,0.0,traverse_first,0.083,6.537,1.5414029999999999,1.112,typed_neighbors,True
manually_audited_v0.1,tridb_live,0.0,5.0,17080.0,,,stark_prime,0.0,1.0,1,False,5,0.637805,0.6479039,0.64880158,0.25,traverse_first-f0fdb2bba196,post,1,stark-prime-007,1.0,3,0.0,0.0,traverse_first,0.053,0.12,0.428026,0.035,typed_neighbors,True
manually_audited_v0.1,tridb_live,0.0,10.0,17080.0,,,stark_prime,0.0,1.0,2,False,10,8.999891,9.1974446,9.21500492,0.25,traverse_first-f9b36ac9da92,during,1,stark-prime-007,1.0,3,0.0,0.0,traverse_first,0.083,6.564,1.2966369999999987,1.097,typed_neighbors,True
manually_audited_v0.1,tridb_live,0.0,0.0,17080.0,,50.0,stark_prime,0.0,0.0,1,False,50,1.600236,1.6149483,1.61625606,0.0,vector_first-12e4b447491a,post,1,stark-prime-007,0.0,3,0.0,0.0,vector_first,1.108,0.0,0.4465830000000002,0.043,typed_neighbors,True
manually_audited_v0.1,tridb_live,0.0,0.0,17080.0,,50.0,stark_prime,0.0,0.0,2,False,50,3.332974,3.3935233,3.39890546,0.0,vector_first-2670324e0bc6,during,1,stark-prime-007,0.0,3,0.0,0.0,vector_first,1.163,0.238,0.7499739999999999,1.153,typed_neighbors,True
manually_audited_v0.1,tridb_live,0.0,0.0,17080.0,,20.0,stark_prime,0.0,0.0,2,False,20,2.876111,2.9113739,2.91450838,0.0,vector_first-27d19d1f923e,during,1,stark-prime-007,0.0,3,0.0,0.0,vector_first,1.074,0.149,0.5531109999999999,1.082,typed_neighbors,True
manually_audited_v0.1,tridb_live,0.0,0.0,17080.0,,10.0,stark_prime,0.0,0.0,1,False,10,1.516508,2.541959,2.6331102,0.0,vector_first-404f84e6a5f4,post,1,stark-prime-007,0.0,3,0.0,0.0,vector_first,0.999,0.0,0.4866189999999999,0.042,typed_neighbors,True
manually_audited_v0.1,tridb_live,0.0,0.0,17080.0,,20.0,stark_prime,0.0,0.0,1,False,20,1.821367,2.9034001,2.9995808200000003,0.0,vector_first-4c96de282a3c,during,1,stark-prime-007,0.0,3,0.0,0.0,vector_first,1.068,0.151,0.5683670000000001,0.045,typed_neighbors,True
manually_audited_v0.1,tridb_live,0.0,0.0,17080.0,,5.0,stark_prime,0.0,0.0,1,False,5,1.530687,1.5637467,1.56668534,0.0,vector_first-539cd672e6b6,post,1,stark-prime-007,0.0,3,0.0,0.0,vector_first,0.946,0.0,0.509687,0.042,typed_neighbors,True
manually_audited_v0.1,tridb_live,0.0,0.0,17080.0,,100.0,stark_prime,0.0,0.0,2,False,100,3.574928,4.2831722,4.34612724,0.0,vector_first-736b83dff9a6,post,1,stark-prime-007,0.0,3,0.0,0.0,vector_first,1.537,0.045,0.762928,1.171,typed_neighbors,True
manually_audited_v0.1,tridb_live,0.0,0.0,17080.0,,5.0,stark_prime,0.0,0.0,2,False,5,2.809191,2.8165872,2.81724464,0.0,vector_first-7462d459aaf5,during,1,stark-prime-007,0.0,3,0.0,0.0,vector_first,1.054,0.092,0.5915710000000001,1.076,typed_neighbors,True
manually_audited_v0.1,tridb_live,0.0,0.0,17080.0,,1.0,stark_prime,0.0,0.0,2,False,1,2.735861,2.8502221999999997,2.86038764,0.0,vector_first-79d7f13154dd,post,1,stark-prime-007,0.0,3,0.0,0.0,vector_first,1.021,0.0,0.6248609999999997,1.046,typed_neighbors,True
manually_audited_v0.1,tridb_live,0.0,0.0,17080.0,,1.0,stark_prime,0.0,0.0,2,False,1,1.594685,1.6513607000000001,1.65639854,0.0,vector_first-8735078935c5,during,1,stark-prime-007,0.0,3,0.0,0.0,vector_first,0.987,0.037,0.601658,0.0,typed_neighbors,True
manually_audited_v0.1,tridb_live,0.0,0.0,17080.0,,10.0,stark_prime,0.0,0.0,1,False,10,1.703812,1.7894677,1.79708154,0.0,vector_first-879c2f5ec6a7,during,1,stark-prime-007,0.0,3,0.0,0.0,vector_first,1.059,0.126,0.4778120000000001,0.041,typed_neighbors,True
manually_audited_v0.1,tridb_live,0.0,0.0,17080.0,,100.0,stark_prime,0.0,0.0,1,False,100,2.950437,3.0118953,3.01735826,0.0,vector_first-95fb2abe9f82,during,1,stark-prime-007,0.0,3,0.0,0.0,vector_first,1.729,0.415,0.7908850000000003,0.051,typed_neighbors,True
manually_audited_v0.1,tridb_live,0.0,0.0,17080.0,,100.0,stark_prime,0.0,0.0,1,False,100,1.95471,2.0938733999999997,2.10624348,0.0,vector_first-9a76384ab2d2,post,1,stark-prime-007,0.0,3,0.0,0.0,vector_first,1.435,0.0,0.48954600000000004,0.049,typed_neighbors,True
manually_audited_v0.1,tridb_live,0.0,0.0,17080.0,,10.0,stark_prime,0.0,0.0,2,False,10,2.814131,3.376316,3.426288,0.0,vector_first-9e027ae921ee,during,1,stark-prime-007,0.0,3,0.0,0.0,vector_first,1.07,0.115,0.5822439999999998,1.073,typed_neighbors,True
manually_audited_v0.1,tridb_live,0.0,0.0,17080.0,,1.0,stark_prime,0.0,0.0,1,False,1,2.372729,2.8919110999999997,2.93806062,0.0,vector_first-9f2a495d4986,during,1,stark-prime-007,0.0,3,0.0,0.0,vector_first,1.883,0.036,0.466086,0.0,typed_neighbors,True
manually_audited_v0.1,tridb_live,0.0,0.0,17080.0,,5.0,stark_prime,0.0,0.0,2,False,5,2.668711,3.5986215999999995,3.68128032,0.0,vector_first-a5b8d6da0107,post,1,stark-prime-007,0.0,3,0.0,0.0,vector_first,1.042,0.0,0.5979720000000004,1.046,typed_neighbors,True
manually_audited_v0.1,tridb_live,0.0,0.0,17080.0,,50.0,stark_prime,0.0,0.0,2,False,50,2.917182,3.2020644000000003,3.2273872800000003,0.0,vector_first-a7431c3167bb,post,1,stark-prime-007,0.0,3,0.0,0.0,vector_first,1.292,0.0,0.5921819999999998,1.042,typed_neighbors,True
manually_audited_v0.1,tridb_live,0.0,0.0,17080.0,,10.0,stark_prime,0.0,0.0,2,False,10,2.703354,2.7627197999999997,2.76799676,0.0,vector_first-a802c228be07,post,1,stark-prime-007,0.0,3,0.0,0.0,vector_first,1.101,0.0,0.5733540000000001,1.029,typed_neighbors,True
manually_audited_v0.1,tridb_live,0.0,0.0,17080.0,,50.0,stark_prime,0.0,0.0,1,False,50,1.98178,2.0895901,2.09917322,0.0,vector_first-b3f469e3373a,during,1,stark-prime-007,0.0,3,0.0,0.0,vector_first,1.234,0.243,0.468569,0.043,typed_neighbors,True
manually_audited_v0.1,tridb_live,0.0,0.0,17080.0,,100.0,stark_prime,0.0,0.0,2,False,100,4.591016,4.9268924,4.95674808,0.0,vector_first-b9cbe3a2c022,during,1,stark-prime-007,0.0,3,0.0,0.0,vector_first,1.391,0.397,1.157212,1.381,typed_neighbors,True
manually_audited_v0.1,tridb_live,0.0,0.0,17080.0,,1.0,stark_prime,0.0,0.0,1,False,1,1.448215,1.5292006,1.5363993200000001,0.0,vector_first-c1efa57fb2c2,post,1,stark-prime-007,0.0,3,0.0,0.0,vector_first,0.955,0.0,0.44721500000000014,0.046,typed_neighbors,True
manually_audited_v0.1,tridb_live,0.0,0.0,17080.0,,20.0,stark_prime,0.0,0.0,2,False,20,2.708842,2.7244282,2.72581364,0.0,vector_first-c9c7dff0ae35,post,1,stark-prime-007,0.0,3,0.0,0.0,vector_first,1.066,0.0,0.5615969999999999,1.033,typed_neighbors,True
manually_audited_v0.1,tridb_live,0.0,0.0,17080.0,,20.0,stark_prime,0.0,0.0,1,False,20,1.76701,3.0188956,3.13017432,0.0,vector_first-ce905df43902,post,1,stark-prime-007,0.0,3,0.0,0.0,vector_first,1.184,0.0,0.5200099999999999,0.063,typed_neighbors,True
manually_audited_v0.1,tridb_live,0.0,0.0,17080.0,,8.0,stark_prime,0.0,0.0,2,True,8,2.797277,2.8189787,2.82090774,0.0,vector_first-ebaeb868fc9b,post,1,stark-prime-007,0.0,3,0.0,0.0,vector_first,1.121,0.0,0.634277,1.034,typed_neighbors,True
manually_audited_v0.1,tridb_live,0.0,0.0,17080.0,,5.0,stark_prime,0.0,0.0,1,False,5,1.633212,1.6574121,1.6595632200000001,0.0,vector_first-f0a58d413e0f,during,1,stark-prime-007,0.0,3,0.0,0.0,vector_first,0.992,0.091,0.473101,0.043,typed_neighbors,True
manually_audited_v0.1,tridb_live,0.0,3.0,27671.0,,50.0,stark_prime,0.0,0.0,1,False,50,1.862684,2.8003264999999997,2.8836725,0.0,filter_first-03f67415e651,pre,2,stark-prime-008,0.0,3,0.0,0.0,filter_first,1.316,0.0,0.48758100000000004,0.073,shared_neighbor_constraint,True
manually_audited_v0.1,tridb_live,0.0,2.0,27671.0,,20.0,stark_prime,0.0,0.0,1,False,20,1.739037,2.3005668,2.35048056,0.0,filter_first-1cad3c1573b2,pre,2,stark-prime-008,0.0,3,0.0,0.0,filter_first,1.182,0.0,0.47603700000000004,0.08,shared_neighbor_constraint,True
manually_audited_v0.1,tridb_live,0.0,3.0,27671.0,,100.0,stark_prime,0.0,0.0,1,False,100,124.804107,138.35172419999998,139.55595684,0.0,filter_first-2387000dc3a8,pre,2,stark-prime-008,0.0,3,0.0,0.0,filter_first,122.818,0.0,1.6740149999999971,0.315,shared_neighbor_constraint,True
manually_audited_v0.1,tridb_live,0.0,20.0,27671.0,,100.0,stark_prime,0.0,0.0,2,False,100,116.694315,144.1231587,146.56127813999998,0.0,filter_first-28ed17c208d7,pre,2,stark-prime-008,0.0,3,0.0,0.0,filter_first,108.43,0.0,2.261808000000002,6.978,shared_neighbor_constraint,True
manually_audited_v0.1,tridb_live,0.0,17.0,27671.0,,50.0,stark_prime,0.0,0.0,2,False,50,8.662683,9.623523899999999,9.70893198,0.0,filter_first-2d01f654960c,pre,2,stark-prime-008,0.0,3,0.0,0.0,filter_first,1.47,0.0,1.389284,5.561,shared_neighbor_constraint,True
manually_audited_v0.1,tridb_live,0.0,0.0,27671.0,,1.0,stark_prime,0.0,0.0,2,False,1,7.771645,8.5685797,8.63941834,0.0,filter_first-3a7f1025f729,pre,2,stark-prime-008,0.0,3,0.0,0.0,filter_first,1.057,0.0,1.3565520000000006,5.539,shared_neighbor_constraint,True
manually_audited_v0.1,tridb_live,0.0,7.0,27671.0,,20.0,stark_prime,0.0,0.0,2,False,20,7.557895,7.9133284,7.94492248,0.0,filter_first-46ec65dc7fea,pre,2,stark-prime-008,0.0,3,0.0,0.0,filter_first,0.992,0.0,1.111821,5.12,shared_neighbor_constraint,True
manually_audited_v0.1,tridb_live,0.0,1.0,27671.0,,10.0,stark_prime,0.0,0.0,1,False,10,1.620529,2.0607847,2.09991854,0.0,filter_first-8532bb36e741,pre,2,stark-prime-008,0.0,3,0.0,0.0,filter_first,1.08,0.0,0.4685290000000002,0.071,shared_neighbor_constraint,True
manually_audited_v0.1,tridb_live,0.0,1.0,27671.0,,5.0,stark_prime,0.0,0.0,1,False,5,1.65037,1.8672835,1.8865647,0.0,filter_first-8699218b4a03,pre,2,stark-prime-008,0.0,3,0.0,0.0,filter_first,1.093,0.0,0.48736999999999986,0.07,shared_neighbor_constraint,True
manually_audited_v0.1,tridb_live,0.0,3.0,27671.0,,10.0,stark_prime,0.0,0.0,2,False,10,7.470308,7.7731868,7.80010936,0.0,filter_first-88d1f0b4340a,pre,2,stark-prime-008,0.0,3,0.0,0.0,filter_first,1.006,0.0,1.1858399999999998,5.159,shared_neighbor_constraint,True
manually_audited_v0.1,tridb_live,0.0,2.0,27671.0,,5.0,stark_prime,0.0,0.0,2,False,5,7.371996,7.732482,7.7645252,0.0,filter_first-bb7c33f6d989,pre,2,stark-prime-008,0.0,3,0.0,0.0,filter_first,1.121,0.0,1.176926,5.294,shared_neighbor_constraint,True
manually_audited_v0.1,tridb_live,0.0,0.0,27671.0,,1.0,stark_prime,0.0,0.0,1,False,1,2.136683,3.0409778,3.12135956,0.0,filter_first-ef43b60e2e3b,pre,2,stark-prime-008,0.0,3,0.0,0.0,filter_first,1.591,0.0,0.510448,0.071,shared_neighbor_constraint,True
manually_audited_v0.1,tridb_live,0.0,1.0,27671.0,,,stark_prime,0.0,0.0,1,False,1,1.208954,1.6788278,1.72059436,0.0,traverse_first-0e65f761853b,during,2,stark-prime-008,0.0,3,0.0,0.0,traverse_first,0.214,0.311,0.6319540000000001,0.086,shared_neighbor_constraint,True
manually_audited_v0.1,tridb_live,0.0,1.0,27671.0,,,stark_prime,0.0,0.0,2,False,1,51.362796,52.7623824,52.886790080000004,0.0,traverse_first-1401f30333f9,post,2,stark-prime-008,0.0,3,0.0,0.0,traverse_first,21.657,20.635,3.8397959999999998,5.266,shared_neighbor_constraint,True
manually_audited_v0.1,tridb_live,0.0,20.0,27671.0,,,stark_prime,0.0,0.0,2,False,50,52.27435,53.0840368,53.15600896,0.0,traverse_first-15df7fd20126,post,2,stark-prime-008,0.0,3,0.0,0.0,traverse_first,21.714,20.753,4.543349999999997,5.265,shared_neighbor_constraint,True
manually_audited_v0.1,tridb_live,0.0,20.0,27671.0,,,stark_prime,0.0,0.0,1,False,50,0.991739,1.2370835,1.2588918999999998,0.0,traverse_first-18e80c0b50a9,post,2,stark-prime-008,0.0,3,0.0,0.0,traverse_first,0.168,0.278,0.48973900000000004,0.068,shared_neighbor_constraint,True
manually_audited_v0.1,tridb_live,0.0,5.0,27671.0,,,stark_prime,0.0,0.0,1,False,5,1.107955,3.1289086,3.30854892,0.0,traverse_first-2ef9d31e2115,during,2,stark-prime-008,0.0,3,0.0,0.0,traverse_first,0.207,0.3,0.5209550000000001,0.08,shared_neighbor_constraint,True
manually_audited_v0.1,tridb_live,0.0,20.0,27671.0,,,stark_prime,0.0,0.0,1,False,100,1.035908,2.5241255,2.6564115,0.0,traverse_first-3161568b8481,during,2,stark-prime-008,0.0,3,0.0,0.0,traverse_first,0.188,0.274,0.494908,0.079,shared_neighbor_constraint,True
manually_audited_v0.1,tridb_live,0.0,20.0,27671.0,,,stark_prime,0.0,0.0,2,False,50,51.619032,53.1922347,53.33207494,0.0,traverse_first-532feb3a2124,during,2,stark-prime-008,0.0,3,0.0,0.0,traverse_first,21.832,20.771,4.016407000000001,5.25,shared_neighbor_constraint,True
manually_audited_v0.1,tridb_live,0.0,10.0,27671.0,,,stark_prime,0.0,0.0,2,False,10,51.534268,52.920791799999996,53.044038359999995,0.0,traverse_first-5be44627d46d,post,2,stark-prime-008,0.0,3,0.0,0.0,traverse_first,21.517,20.636,4.234268,5.242,shared_neighbor_constraint,True
manually_audited_v0.1,tridb_live,0.0,20.0,27671.0,,,stark_prime,0.0,0.0,2,False,20,52.479855,52.5547125,52.5613665,0.0,traverse_first-5dac164247a2,post,2,stark-prime-008,0.0,3,0.0,0.0,traverse_first,21.873,20.829,4.120618999999998,5.274,shared_neighbor_constraint,True
manually_audited_v0.1,tridb_live,0.0,20.0,27671.0,,,stark_prime,0.0,0.0,2,False,100,51.669445,53.2986925,53.4435145,0.0,traverse_first-6c308678a8d4,post,2,stark-prime-008,0.0,3,0.0,0.0,traverse_first,21.66,20.77,3.919445000000003,5.32,shared_neighbor_constraint,True
manually_audited_v0.1,tridb_live,0.0,20.0,27671.0,,,stark_prime,0.0,0.0,1,False,20,1.223727,1.4722314,1.49432068,0.0,traverse_first-6e5585f7fa7d,during,2,stark-prime-008,0.0,3,0.0,0.0,traverse_first,0.229,0.326,0.589727,0.079,shared_neighbor_constraint,True
manually_audited_v0.1,tridb_live,0.0,20.0,27671.0,,,stark_prime,0.0,0.0,2,False,100,51.555683,52.5284561,52.61492482,0.0,traverse_first-702b20668df6,during,2,stark-prime-008,0.0,3,0.0,0.0,traverse_first,21.776,20.889,3.767121000000003,5.368,shared_neighbor_constraint,True
manually_audited_v0.1,tridb_live,0.0,20.0,27671.0,,,stark_prime,0.0,0.0,1,False,20,0.969795,0.976005,0.976557,0.0,traverse_first-76359c42693a,post,2,stark-prime-008,0.0,3,0.0,0.0,traverse_first,0.17,0.271,0.468777,0.067,shared_neighbor_constraint,True
manually_audited_v0.1,tridb_live,0.0,10.0,27671.0,,,stark_prime,0.0,0.0,1,False,10,1.203047,1.2099104,1.21052048,0.0,traverse_first-7e45a5be9de9,post,2,stark-prime-008,0.0,3,0.0,0.0,traverse_first,0.199,0.303,0.6096730000000001,0.08,shared_neighbor_constraint,True
manually_audited_v0.1,tridb_live,0.0,20.0,27671.0,,,stark_prime,0.0,0.0,1,False,50,1.484494,2.0420584,2.09161968,0.0,traverse_first-82c8aed23797,during,2,stark-prime-008,0.0,3,0.0,0.0,traverse_first,0.206,0.292,0.793494,0.075,shared_neighbor_constraint,True
manually_audited_v0.1,tridb_live,0.0,10.0,27671.0,,,stark_prime,0.0,0.0,1,False,10,1.32352,1.666375,1.6968509999999999,0.0,traverse_first-8d055dcb7096,during,2,stark-prime-008,0.0,3,0.0,0.0,traverse_first,0.234,0.337,0.67152,0.084,shared_neighbor_constraint,True
manually_audited_v0.1,tridb_live,0.0,1.0,27671.0,,,stark_prime,0.0,0.0,2,False,1,57.834208,77.4301906,79.17205572,0.0,traverse_first-92d6d9491887,during,2,stark-prime-008,0.0,3,0.0,0.0,traverse_first,26.043,22.625,4.0534099999999995,5.244,shared_neighbor_constraint,True
manually_audited_v0.1,tridb_live,0.0,1.0,27671.0,,,stark_prime,0.0,0.0,1,False,1,1.106794,1.3616713,1.38432706,0.0,traverse_first-a6e5d14e469b,post,2,stark-prime-008,0.0,3,0.0,0.0,traverse_first,0.17,0.272,0.6147940000000001,0.071,shared_neighbor_constraint,True
manually_audited_v0.1,tridb_live,0.0,5.0,27671.0,,,stark_prime,0.0,0.0,2,False,5,52.655808,55.3956456,55.63918672,0.0,traverse_first-b279d6126ea0,post,2,stark-prime-008,0.0,3,0.0,0.0,traverse_first,22.163,21.177,3.839807999999998,5.476,shared_neighbor_constraint,True
manually_audited_v0.1,tridb_live,0.0,20.0,27671.0,,,stark_prime,0.0,0.0,1,False,100,0.950032,0.9562114,0.95676068,0.0,traverse_first-c289b470b52c,post,2,stark-prime-008,0.0,3,0.0,0.0,traverse_first,0.164,0.26,0.455898,0.061,shared_neighbor_constraint,True
manually_audited_v0.1,tridb_live,0.0,5.0,27671.0,,,stark_prime,0.0,0.0,2,False,5,52.493452,53.1899431,53.251853419999996,0.0,traverse_first-cccdd3ed958f,during,2,stark-prime-008,0.0,3,0.0,0.0,traverse_first,21.915,21.178,4.108255,5.308,shared_neighbor_constraint,True
manually_audited_v0.1,tridb_live,0.0,20.0,27671.0,,,stark_prime,0.0,0.0,2,False,20,51.280772,52.2456566,52.33142412,0.0,traverse_first-e4d7ef105a79,during,2,stark-prime-008,0.0,3,0.0,0.0,traverse_first,21.743,20.69,4.01905,5.2,shared_neighbor_constraint,True
manually_audited_v0.1,tridb_live,0.0,5.0,27671.0,,,stark_prime,0.0,0.0,1,False,5,0.962902,0.9657343,0.9659860600000001,0.0,traverse_first-f0fdb2bba196,post,2,stark-prime-008,0.0,3,0.0,0.0,traverse_first,0.177,0.261,0.46034300000000006,0.068,shared_neighbor_constraint,True
manually_audited_v0.1,tridb_live,0.0,10.0,27671.0,,,stark_prime,0.0,0.0,2,False,10,52.880347,53.1304507,53.152682139999996,0.0,traverse_first-f9b36ac9da92,during,2,stark-prime-008,0.0,3,0.0,0.0,traverse_first,21.856,21.016,3.9940970000000036,5.293,shared_neighbor_constraint,True
manually_audited_v0.1,tridb_live,0.0,3.0,27671.0,,50.0,stark_prime,0.0,0.0,1,False,50,1.537135,1.5399646,1.54021612,0.0,vector_first-12e4b447491a,post,2,stark-prime-008,0.0,3,0.0,0.0,vector_first,0.934,0.054,0.479279,0.07,shared_neighbor_constraint,True
manually_audited_v0.1,tridb_live,0.0,11.0,27671.0,,50.0,stark_prime,0.0,0.0,2,False,50,6.644321,6.8540939,6.87274038,0.0,vector_first-2670324e0bc6,during,2,stark-prime-008,0.0,3,0.0,0.0,vector_first,1.103,0.238,1.1283209999999997,4.304,shared_neighbor_constraint,True
manually_audited_v0.1,tridb_live,0.0,6.0,27671.0,,20.0,stark_prime,0.0,0.0,2,False,20,6.725344,7.0459483,7.07444646,0.0,vector_first-27d19d1f923e,during,2,stark-prime-008,0.0,3,0.0,0.0,vector_first,1.064,0.158,1.3615710000000005,4.143,shared_neighbor_constraint,True
manually_audited_v0.1,tridb_live,0.0,1.0,27671.0,,10.0,stark_prime,0.0,0.0,1,False,10,1.452362,1.5554966,1.56466412,0.0,vector_first-404f84e6a5f4,post,2,stark-prime-008,0.0,3,0.0,0.0,vector_first,0.862,0.035,0.48266599999999993,0.074,shared_neighbor_constraint,True
manually_audited_v0.1,tridb_live,0.0,2.0,27671.0,,20.0,stark_prime,0.0,0.0,1,False,20,1.75915,1.9584028,1.97611416,0.0,vector_first-4c96de282a3c,during,2,stark-prime-008,0.0,3,0.0,0.0,vector_first,1.062,0.152,0.4944519999999999,0.071,shared_neighbor_constraint,True
manually_audited_v0.1,tridb_live,0.0,1.0,27671.0,,5.0,stark_prime,0.0,0.0,1,False,5,1.54161,1.7122221,1.72738762,0.0,vector_first-539cd672e6b6,post,2,stark-prime-008,0.0,3,0.0,0.0,vector_first,0.909,0.04,0.5096099999999999,0.073,shared_neighbor_constraint,True
manually_audited_v0.1,tridb_live,0.0,18.0,27671.0,,100.0,stark_prime,0.0,0.0,2,False,100,7.119007,7.2343978,7.24465476,0.0,vector_first-736b83dff9a6,post,2,stark-prime-008,0.0,3,0.0,0.0,vector_first,1.484,0.16,1.151007,4.293,shared_neighbor_constraint,True
manually_audited_v0.1,tridb_live,0.0,2.0,27671.0,,5.0,stark_prime,0.0,0.0,2,False,5,6.71574,7.1079204,7.14278088,0.0,vector_first-7462d459aaf5,during,2,stark-prime-008,0.0,3,0.0,0.0,vector_first,1.073,0.118,1.324496,4.387,shared_neighbor_constraint,True
manually_audited_v0.1,tridb_live,0.0,0.0,27671.0,,1.0,stark_prime,0.0,0.0,2,False,1,10.94991,11.4569349,11.502003779999999,0.0,vector_first-79d7f13154dd,post,2,stark-prime-008,0.0,3,0.0,0.0,vector_first,1.402,0.0,1.7479099999999992,7.609,shared_neighbor_constraint,True
manually_audited_v0.1,tridb_live,0.0,0.0,27671.0,,1.0,stark_prime,0.0,0.0,2,False,1,6.052389,6.3867813,6.41650506,0.0,vector_first-8735078935c5,during,2,stark-prime-008,0.0,3,0.0,0.0,vector_first,0.88,0.041,1.1070039999999999,4.045,shared_neighbor_constraint,True
manually_audited_v0.1,tridb_live,0.0,1.0,27671.0,,10.0,stark_prime,0.0,0.0,1,False,10,1.926175,2.3742750999999997,2.41410622,0.0,vector_first-879c2f5ec6a7,during,2,stark-prime-008,0.0,3,0.0,0.0,vector_first,1.08,0.115,0.8187449999999998,0.072,shared_neighbor_constraint,True
manually_audited_v0.1,tridb_live,0.0,3.0,27671.0,,100.0,stark_prime,0.0,0.0,1,False,100,2.325468,2.6855526,2.71756012,0.0,vector_first-95fb2abe9f82,during,2,stark-prime-008,0.0,3,0.0,0.0,vector_first,1.388,0.377,0.4854679999999998,0.075,shared_neighbor_constraint,True
manually_audited_v0.1,tridb_live,0.0,3.0,27671.0,,100.0,stark_prime,0.0,0.0,1,False,100,1.696116,1.7387922,1.74258564,0.0,vector_first-9a76384ab2d2,post,2,stark-prime-008,0.0,3,0.0,0.0,vector_first,1.09,0.057,0.4745139999999999,0.075,shared_neighbor_constraint,True
manually_audited_v0.1,tridb_live,0.0,3.0,27671.0,,10.0,stark_prime,0.0,0.0,2,False,10,6.401705,6.5823827,6.59844294,0.0,vector_first-9e027ae921ee,during,2,stark-prime-008,0.0,3,0.0,0.0,vector_first,1.01,0.121,1.1690639999999997,4.193,shared_neighbor_constraint,True
manually_audited_v0.1,tridb_live,0.0,0.0,27671.0,,1.0,stark_prime,0.0,0.0,1,False,1,2.257593,6.0319239,6.36741998,0.0,vector_first-9f2a495d4986,during,2,stark-prime-008,0.0,3,0.0,0.0,vector_first,1.534,0.046,0.599593,0.078,shared_neighbor_constraint,True
manually_audited_v0.1,tridb_live,0.0,2.0,27671.0,,5.0,stark_prime,0.0,0.0,2,False,5,6.915115,7.6517452,7.71722344,0.0,vector_first-a5b8d6da0107,post,2,stark-prime-008,0.0,3,0.0,0.0,vector_first,1.221,0.068,1.3491150000000003,4.317,shared_neighbor_constraint,True
manually_audited_v0.1,tridb_live,0.0,11.0,27671.0,,50.0,stark_prime,0.0,0.0,2,False,50,6.660448,6.7774147,6.7878117399999995,0.0,vector_first-a7431c3167bb,post,2,stark-prime-008,0.0,3,0.0,0.0,vector_first,1.212,0.131,1.2694479999999997,4.048,shared_neighbor_constraint,True
manually_audited_v0.1,tridb_live,0.0,3.0,27671.0,,10.0,stark_prime,0.0,0.0,2,False,10,6.39605,6.5630927,6.57794094,0.0,vector_first-a802c228be07,post,2,stark-prime-008,0.0,3,0.0,0.0,vector_first,1.111,0.078,1.2408329999999994,3.972,shared_neighbor_constraint,True
manually_audited_v0.1,tridb_live,0.0,3.0,27671.0,,50.0,stark_prime,0.0,0.0,1,False,50,2.102568,2.7607497,2.81925474,0.0,vector_first-b3f469e3373a,during,2,stark-prime-008,0.0,3,0.0,0.0,vector_first,1.226,0.242,0.5615680000000003,0.073,shared_neighbor_constraint,True
manually_audited_v0.1,tridb_live,0.0,18.0,27671.0,,100.0,stark_prime,0.0,0.0,2,False,100,7.695938,8.3750645,8.435431300000001,0.0,vector_first-b9cbe3a2c022,during,2,stark-prime-008,0.0,3,0.0,0.0,vector_first,1.348,0.376,1.2275230000000006,4.677,shared_neighbor_constraint,True
manually_audited_v0.1,tridb_live,0.0,0.0,27671.0,,1.0,stark_prime,0.0,0.0,1,False,1,1.443927,1.8594057,1.89633714,0.0,vector_first-c1efa57fb2c2,post,2,stark-prime-008,0.0,3,0.0,0.0,vector_first,0.854,0.0,0.48048,0.069,shared_neighbor_constraint,True
manually_audited_v0.1,tridb_live,0.0,6.0,27671.0,,20.0,stark_prime,0.0,0.0,2,False,20,6.33105,6.6069783,6.63150526,0.0,vector_first-c9c7dff0ae35,post,2,stark-prime-008,0.0,3,0.0,0.0,vector_first,1.13,0.115,1.1480500000000005,3.894,shared_neighbor_constraint,True
manually_audited_v0.1,tridb_live,0.0,2.0,27671.0,,20.0,stark_prime,0.0,0.0,1,False,20,1.669178,2.05022,2.0840904,0.0,vector_first-ce905df43902,post,2,stark-prime-008,0.0,3,0.0,0.0,vector_first,0.88,0.042,0.6455579999999999,0.072,shared_neighbor_constraint,True
manually_audited_v0.1,tridb_live,0.0,3.0,27671.0,,8.0,stark_prime,0.0,0.0,2,True,8,7.035818,7.978398800000001,8.06218376,0.0,vector_first-ebaeb868fc9b,post,2,stark-prime-008,0.0,3,0.0,0.0,vector_first,1.241,0.088,1.0318180000000003,4.673,shared_neighbor_constraint,True
manually_audited_v0.1,tridb_live,0.0,1.0,27671.0,,5.0,stark_prime,0.0,0.0,1,False,5,2.332656,3.2525082,3.33427284,0.0,vector_first-f0a58d413e0f,during,2,stark-prime-008,0.0,3,0.0,0.0,vector_first,1.493,0.099,0.6506560000000001,0.082,shared_neighbor_constraint,True
manually_audited_v0.1,tridb_live,0.0,2.0,27671.0,,50.0,stark_prime,0.0,1.0,1,False,50,8.525461,11.3731546,11.62628292,0.5,filter_first-03f67415e651,pre,2,stark-prime-009,1.0,3,0.0,0.0,filter_first,7.064,0.0,1.1115650000000006,0.102,shared_neighbor_constraint,True
manually_audited_v0.1,tridb_live,0.0,2.0,27671.0,,20.0,stark_prime,0.0,1.0,1,False,20,4.255701,5.9612739,6.11288038,0.5,filter_first-1cad3c1573b2,pre,2,stark-prime-009,1.0,3,0.0,0.0,filter_first,3.348,0.0,0.577941,0.073,shared_neighbor_constraint,True
manually_audited_v0.1,tridb_live,0.0,2.0,27671.0,,100.0,stark_prime,0.0,1.0,1,False,100,108.300157,109.21641819999999,109.29786364,0.5,filter_first-2387000dc3a8,pre,2,stark-prime-009,1.0,3,0.0,0.0,filter_first,106.848,0.0,0.8918630000000007,0.122,shared_neighbor_constraint,True
manually_audited_v0.1,tridb_live,0.0,20.0,27671.0,,100.0,stark_prime,0.0,1.0,2,False,100,117.77867,119.58149599999999,119.74174719999999,0.5,filter_first-28ed17c208d7,pre,2,stark-prime-009,1.0,3,0.0,0.0,filter_first,108.561,0.0,2.065809999999999,6.915,shared_neighbor_constraint,True
manually_audited_v0.1,tridb_live,0.0,20.0,27671.0,,50.0,stark_prime,0.0,1.0,2,False,50,14.755029,15.913856400000002,16.016863280000003,0.5,filter_first-2d01f654960c,pre,2,stark-prime-009,1.0,3,0.0,0.0,filter_first,6.621,0.0,2.203029000000001,5.931,shared_neighbor_constraint,True
manually_audited_v0.1,tridb_live,0.0,0.0,27671.0,,1.0,stark_prime,0.0,0.0,2,False,1,7.833776,7.8910925,7.8961873,0.0,filter_first-3a7f1025f729,pre,2,stark-prime-009,0.0,3,0.0,0.0,filter_first,0.726,0.0,1.5477760000000007,5.456,shared_neighbor_constraint,True
manually_audited_v0.1,tridb_live,0.0,14.0,27671.0,,20.0,stark_prime,0.0,1.0,2,False,20,12.65578,13.4128249,13.48011778,0.5,filter_first-46ec65dc7fea,pre,2,stark-prime-009,1.0,3,0.0,0.0,filter_first,4.245,0.0,2.6357800000000005,5.775,shared_neighbor_constraint,True
manually_audited_v0.1,tridb_live,0.0,2.0,27671.0,,10.0,stark_prime,0.0,1.0,1,False,10,2.863825,4.3356625,4.4664925,0.5,filter_first-8532bb36e741,pre,2,stark-prime-009,1.0,3,0.0,0.0,filter_first,2.201,0.0,0.5908249999999997,0.075,shared_neighbor_constraint,True
manually_audited_v0.1,tridb_live,0.0,2.0,27671.0,,5.0,stark_prime,0.0,1.0,1,False,5,1.773892,2.5948126,2.66778332,0.5,filter_first-8699218b4a03,pre,2,stark-prime-009,1.0,3,0.0,0.0,filter_first,1.24,0.0,0.47804199999999986,0.07,shared_neighbor_constraint,True
manually_audited_v0.1,tridb_live,0.0,6.0,27671.0,,10.0,stark_prime,0.0,1.0,2,False,10,9.086696,9.4663079,9.50005118,0.5,filter_first-88d1f0b4340a,pre,2,stark-prime-009,1.0,3,0.0,0.0,filter_first,1.937,0.0,1.5966959999999997,5.583,shared_neighbor_constraint,True
manually_audited_v0.1,tridb_live,0.0,3.0,27671.0,,5.0,stark_prime,0.0,1.0,2,False,5,8.711115,8.8456533,8.85761226,0.5,filter_first-bb7c33f6d989,pre,2,stark-prime-009,1.0,3,0.0,0.0,filter_first,1.159,0.0,1.973114999999999,5.421,shared_neighbor_constraint,True
manually_audited_v0.1,tridb_live,0.0,0.0,27671.0,,1.0,stark_prime,0.0,0.0,1,False,1,1.880057,2.2826972,2.3184874399999997,0.0,filter_first-ef43b60e2e3b,pre,2,stark-prime-009,0.0,3,0.0,0.0,filter_first,1.063,0.0,0.8883779999999999,0.075,shared_neighbor_constraint,True
manually_audited_v0.1,tridb_live,0.0,1.0,27671.0,,,stark_prime,0.0,0.0,1,False,1,1.110619,1.5972598,1.6405167600000001,0.0,traverse_first-0e65f761853b,during,2,stark-prime-009,0.0,3,0.0,0.0,traverse_first,0.108,0.314,0.624619,0.073,shared_neighbor_constraint,True
manually_audited_v0.1,tridb_live,0.0,1.0,27671.0,,,stark_prime,0.0,0.0,2,False,1,71.210318,71.9457503,72.01112206,0.0,traverse_first-1401f30333f9,post,2,stark-prime-009,0.0,3,0.0,0.0,traverse_first,29.864,28.71,5.443465000000003,7.167,shared_neighbor_constraint,True
manually_audited_v0.1,tridb_live,0.0,20.0,27671.0,,,stark_prime,0.0,1.0,2,False,50,69.960796,71.4302575,71.5608763,0.5,traverse_first-15df7fd20126,post,2,stark-prime-009,1.0,3,0.0,0.0,traverse_first,29.344,28.339,5.341796000000002,7.073,shared_neighbor_constraint,True
manually_audited_v0.1,tridb_live,0.0,20.0,27671.0,,,stark_prime,0.0,1.0,1,False,50,0.944879,1.1533153999999999,1.17184308,0.5,traverse_first-18e80c0b50a9,post,2,stark-prime-009,1.0,3,0.0,0.0,traverse_first,0.082,0.283,0.507879,0.072,shared_neighbor_constraint,True
manually_audited_v0.1,tridb_live,0.0,5.0,27671.0,,,stark_prime,0.0,1.0,1,False,5,1.233662,1.6058227999999999,1.6389037599999998,0.5,traverse_first-2ef9d31e2115,during,2,stark-prime-009,1.0,3,0.0,0.0,traverse_first,0.084,0.272,0.8216620000000001,0.062,shared_neighbor_constraint,True
manually_audited_v0.1,tridb_live,0.0,20.0,27671.0,,,stark_prime,0.0,1.0,1,False,100,0.896682,1.2968138999999999,1.3323811799999998,0.5,traverse_first-3161568b8481,during,2,stark-prime-009,1.0,3,0.0,0.0,traverse_first,0.083,0.261,0.489682,0.063,shared_neighbor_constraint,True
manually_audited_v0.1,tridb_live,0.0,20.0,27671.0,,,stark_prime,0.0,1.0,2,False,50,69.46315,69.5583853,69.56685066,0.5,traverse_first-532feb3a2124,during,2,stark-prime-009,1.0,3,0.0,0.0,traverse_first,29.082,28.314,4.956119000000001,6.963,shared_neighbor_constraint,True
manually_audited_v0.1,tridb_live,0.0,10.0,27671.0,,,stark_prime,0.0,1.0,2,False,10,70.169257,70.4455219,70.47007878000001,0.5,traverse_first-5be44627d46d,post,2,stark-prime-009,1.0,3,0.0,0.0,traverse_first,29.445,28.449,5.263256999999996,7.053,shared_neighbor_constraint,True
manually_audited_v0.1,tridb_live,0.0,20.0,27671.0,,,stark_prime,0.0,1.0,2,False,20,70.065614,72.3103688,72.50990256,0.5,traverse_first-5dac164247a2,post,2,stark-prime-009,1.0,3,0.0,0.0,traverse_first,29.321,28.523,5.165613999999991,7.056,shared_neighbor_constraint,True
manually_audited_v0.1,tridb_live,0.0,20.0,27671.0,,,stark_prime,0.0,1.0,2,False,100,71.604269,76.4521568,76.88308015999999,0.5,traverse_first-6c308678a8d4,post,2,stark-prime-009,1.0,3,0.0,0.0,traverse_first,29.81,28.904,5.75781099999999,7.099,shared_neighbor_constraint,True
manually_audited_v0.1,tridb_live,0.0,20.0,27671.0,,,stark_prime,0.0,1.0,1,False,20,1.272342,1.5580047,1.5833969399999999,0.5,traverse_first-6e5585f7fa7d,during,2,stark-prime-009,1.0,3,0.0,0.0,traverse_first,0.114,0.318,0.791936,0.08,shared_neighbor_constraint,True
manually_audited_v0.1,tridb_live,0.0,20.0,27671.0,,,stark_prime,0.0,1.0,2,False,100,70.255266,71.2305537,71.31724594,0.5,traverse_first-702b20668df6,during,2,stark-prime-009,1.0,3,0.0,0.0,traverse_first,29.668,28.433,5.290266000000003,7.081,shared_neighbor_constraint,True
manually_audited_v0.1,tridb_live,0.0,20.0,27671.0,,,stark_prime,0.0,1.0,1,False,20,1.074654,1.7302176,1.78848992,0.5,traverse_first-76359c42693a,post,2,stark-prime-009,1.0,3,0.0,0.0,traverse_first,0.092,0.281,0.622654,0.074,shared_neighbor_constraint,True
manually_audited_v0.1,tridb_live,0.0,10.0,27671.0,,,stark_prime,0.0,1.0,1,False,10,0.877595,1.0400252,1.0544634400000001,0.5,traverse_first-7e45a5be9de9,post,2,stark-prime-009,1.0,3,0.0,0.0,traverse_first,0.086,0.245,0.484595,0.065,shared_neighbor_constraint,True
manually_audited_v0.1,tridb_live,0.0,20.0,27671.0,,,stark_prime,0.0,1.0,1,False,50,0.940578,1.3143606,1.34758572,0.5,traverse_first-82c8aed23797,during,2,stark-prime-009,1.0,3,0.0,0.0,traverse_first,0.081,0.267,0.535578,0.068,shared_neighbor_constraint,True
manually_audited_v0.1,tridb_live,0.0,10.0,27671.0,,,stark_prime,0.0,1.0,1,False,10,0.92324,2.0488780999999996,2.14893482,0.5,traverse_first-8d055dcb7096,during,2,stark-prime-009,1.0,3,0.0,0.0,traverse_first,0.086,0.267,0.5032399999999999,0.067,shared_neighbor_constraint,True
manually_audited_v0.1,tridb_live,0.0,1.0,27671.0,,,stark_prime,0.0,0.0,2,False,1,70.775003,90.7089041,92.48080642000001,0.0,traverse_first-92d6d9491887,during,2,stark-prime-009,0.0,3,0.0,0.0,traverse_first,29.707,28.706,5.161002999999994,7.201,shared_neighbor_constraint,True
manually_audited_v0.1,tridb_live,0.0,1.0,27671.0,,,stark_prime,0.0,0.0,1,False,1,0.955783,0.9798841,0.9820264200000001,0.0,traverse_first-a6e5d14e469b,post,2,stark-prime-009,0.0,3,0.0,0.0,traverse_first,0.091,0.288,0.4857830000000001,0.076,shared_neighbor_constraint,True
manually_audited_v0.1,tridb_live,0.0,5.0,27671.0,,,stark_prime,0.0,1.0,2,False,5,71.062315,71.9605141,72.04035402000001,0.5,traverse_first-b279d6126ea0,post,2,stark-prime-009,1.0,3,0.0,0.0,traverse_first,29.838,28.942,5.015315000000001,7.212,shared_neighbor_constraint,True
manually_audited_v0.1,tridb_live,0.0,20.0,27671.0,,,stark_prime,0.0,1.0,1,False,100,0.93792,1.3540791,1.39107102,0.5,traverse_first-c289b470b52c,post,2,stark-prime-009,1.0,3,0.0,0.0,traverse_first,0.087,0.257,0.51492,0.079,shared_neighbor_constraint,True
manually_audited_v0.1,tridb_live,0.0,5.0,27671.0,,,stark_prime,0.0,1.0,2,False,5,72.483941,75.155402,75.3928652,0.5,traverse_first-cccdd3ed958f,during,2,stark-prime-009,1.0,3,0.0,0.0,traverse_first,30.411,29.379,5.632231000000004,7.045,shared_neighbor_constraint,True
manually_audited_v0.1,tridb_live,0.0,20.0,27671.0,,,stark_prime,0.0,1.0,2,False,20,72.812768,72.88703509999999,72.89363662,0.5,traverse_first-e4d7ef105a79,during,2,stark-prime-009,1.0,3,0.0,0.0,traverse_first,30.145,29.463,5.484286999999995,7.28,shared_neighbor_constraint,True
manually_audited_v0.1,tridb_live,0.0,5.0,27671.0,,,stark_prime,0.0,1.0,1,False,5,1.258717,1.7935447,1.84108494,0.5,traverse_first-f0fdb2bba196,post,2,stark-prime-009,1.0,3,0.0,0.0,traverse_first,0.096,0.285,0.7877170000000001,0.074,shared_neighbor_constraint,True
manually_audited_v0.1,tridb_live,0.0,10.0,27671.0,,,stark_prime,0.0,1.0,2,False,10,70.444335,70.463892,70.4656304,0.5,traverse_first-f9b36ac9da92,during,2,stark-prime-009,1.0,3,0.0,0.0,traverse_first,29.55,28.421,4.9984249999999975,7.105,shared_neighbor_constraint,True
manually_audited_v0.1,tridb_live,0.0,0.0,27671.0,,50.0,stark_prime,0.0,0.0,1,False,50,1.256722,1.2597505,1.2600197,0.0,vector_first-12e4b447491a,post,2,stark-prime-009,0.0,3,0.0,0.0,vector_first,0.714,0.0,0.458311,0.071,shared_neighbor_constraint,True
manually_audited_v0.1,tridb_live,0.0,0.0,27671.0,,50.0,stark_prime,0.0,0.0,2,False,50,7.964372,8.1005267,8.11262934,0.0,vector_first-2670324e0bc6,during,2,stark-prime-009,0.0,3,0.0,0.0,vector_first,0.835,0.231,1.3273720000000004,5.545,shared_neighbor_constraint,True
manually_audited_v0.1,tridb_live,0.0,0.0,27671.0,,20.0,stark_prime,0.0,0.0,2,False,20,7.496358,7.5429348,7.547074960000001,0.0,vector_first-27d19d1f923e,during,2,stark-prime-009,0.0,3,0.0,0.0,vector_first,0.768,0.147,1.2002160000000002,5.386,shared_neighbor_constraint,True
manually_audited_v0.1,tridb_live,0.0,0.0,27671.0,,10.0,stark_prime,0.0,0.0,1,False,10,1.160766,2.0745981,2.1558276199999997,0.0,vector_first-404f84e6a5f4,post,2,stark-prime-009,0.0,3,0.0,0.0,vector_first,0.627,0.0,0.46411900000000006,0.073,shared_neighbor_constraint,True
manually_audited_v0.1,tridb_live,0.0,0.0,27671.0,,20.0,stark_prime,0.0,0.0,1,False,20,1.805056,1.8806091999999999,1.88732504,0.0,vector_first-4c96de282a3c,during,2,stark-prime-009,0.0,3,0.0,0.0,vector_first,0.764,0.148,0.7000039999999998,0.07,shared_neighbor_constraint,True
manually_audited_v0.1,tridb_live,0.0,0.0,27671.0,,5.0,stark_prime,0.0,0.0,1,False,5,1.101778,1.1192929,1.1208497800000001,0.0,vector_first-539cd672e6b6,post,2,stark-prime-009,0.0,3,0.0,0.0,vector_first,0.576,0.0,0.4587779999999999,0.071,shared_neighbor_constraint,True
manually_audited_v0.1,tridb_live,0.0,1.0,27671.0,,100.0,stark_prime,0.0,0.0,2,False,100,9.034938,9.2723976,9.293505119999999,0.0,vector_first-736b83dff9a6,post,2,stark-prime-009,0.0,3,0.0,0.0,vector_first,1.136,0.049,1.9549380000000003,5.987,shared_neighbor_constraint,True
manually_audited_v0.1,tridb_live,0.0,0.0,27671.0,,5.0,stark_prime,0.0,0.0,2,False,5,1.074942,1.0797129,1.08013698,0.0,vector_first-7462d459aaf5,during,2,stark-prime-009,0.0,3,0.0,0.0,vector_first,0.556,0.085,0.43342400000000003,0.0,shared_neighbor_constraint,True
manually_audited_v0.1,tridb_live,0.0,0.0,27671.0,,1.0,stark_prime,0.0,0.0,2,False,1,7.725627,7.8484932,7.85941464,0.0,vector_first-79d7f13154dd,post,2,stark-prime-009,0.0,3,0.0,0.0,vector_first,0.637,0.0,1.5446270000000002,5.544,shared_neighbor_constraint,True
manually_audited_v0.1,tridb_live,0.0,0.0,27671.0,,1.0,stark_prime,0.0,0.0,2,False,1,1.077408,1.4010453,1.42981306,0.0,vector_first-8735078935c5,during,2,stark-prime-009,0.0,3,0.0,0.0,vector_first,0.575,0.039,0.46340799999999993,0.0,shared_neighbor_constraint,True
manually_audited_v0.1,tridb_live,0.0,0.0,27671.0,,10.0,stark_prime,0.0,0.0,1,False,10,1.409266,1.6680069999999998,1.6910062,0.0,vector_first-879c2f5ec6a7,during,2,stark-prime-009,0.0,3,0.0,0.0,vector_first,0.751,0.117,0.47326599999999985,0.068,shared_neighbor_constraint,True
manually_audited_v0.1,tridb_live,0.0,1.0,27671.0,,100.0,stark_prime,0.0,0.0,1,False,100,1.97522,2.3252281999999997,2.35634004,0.0,vector_first-95fb2abe9f82,during,2,stark-prime-009,0.0,3,0.0,0.0,vector_first,1.077,0.36,0.47922,0.076,shared_neighbor_constraint,True
manually_audited_v0.1,tridb_live,0.0,1.0,27671.0,,100.0,stark_prime,0.0,0.0,1,False,100,1.445682,1.5410289,1.54950418,0.0,vector_first-9a76384ab2d2,post,2,stark-prime-009,0.0,3,0.0,0.0,vector_first,0.853,0.033,0.4796229999999999,0.075,shared_neighbor_constraint,True
manually_audited_v0.1,tridb_live,0.0,0.0,27671.0,,10.0,stark_prime,0.0,0.0,2,False,10,7.350383,7.4425385,7.4507301,0.0,vector_first-9e027ae921ee,during,2,stark-prime-009,0.0,3,0.0,0.0,vector_first,0.656,0.121,1.2483829999999996,5.312,shared_neighbor_constraint,True
manually_audited_v0.1,tridb_live,0.0,0.0,27671.0,,1.0,stark_prime,0.0,0.0,1,False,1,1.573782,3.8371901999999998,4.03838204,0.0,vector_first-9f2a495d4986,during,2,stark-prime-009,0.0,3,0.0,0.0,vector_first,1.032,0.042,0.49978199999999995,0.0,shared_neighbor_constraint,True
manually_audited_v0.1,tridb_live,0.0,0.0,27671.0,,5.0,stark_prime,0.0,0.0,2,False,5,7.175842,7.3925179,7.41177798,0.0,vector_first-a5b8d6da0107,post,2,stark-prime-009,0.0,3,0.0,0.0,vector_first,0.698,0.0,1.196815,5.311,shared_neighbor_constraint,True
manually_audited_v0.1,tridb_live,0.0,0.0,27671.0,,50.0,stark_prime,0.0,0.0,2,False,50,7.772867,7.7820515,7.782867899999999,0.0,vector_first-a7431c3167bb,post,2,stark-prime-009,0.0,3,0.0,0.0,vector_first,0.951,0.0,1.385898,5.394,shared_neighbor_constraint,True
manually_audited_v0.1,tridb_live,0.0,0.0,27671.0,,10.0,stark_prime,0.0,0.0,2,False,10,7.403966,7.6217795,7.6411407,0.0,vector_first-a802c228be07,post,2,stark-prime-009,0.0,3,0.0,0.0,vector_first,0.796,0.0,1.2419659999999997,5.316,shared_neighbor_constraint,True
manually_audited_v0.1,tridb_live,0.0,0.0,27671.0,,50.0,stark_prime,0.0,0.0,1,False,50,1.64393,2.1367061,2.1805084200000002,0.0,vector_first-b3f469e3373a,during,2,stark-prime-009,0.0,3,0.0,0.0,vector_first,0.867,0.24,0.46863900000000003,0.07,shared_neighbor_constraint,True
manually_audited_v0.1,tridb_live,0.0,1.0,27671.0,,100.0,stark_prime,0.0,0.0,2,False,100,8.569092,8.6516373,8.65897466,0.0,vector_first-b9cbe3a2c022,during,2,stark-prime-009,0.0,3,0.0,0.0,vector_first,1.083,0.351,1.3643390000000002,5.808,shared_neighbor_constraint,True
manually_audited_v0.1,tridb_live,0.0,0.0,27671.0,,1.0,stark_prime,0.0,0.0,1,False,1,1.221437,1.2940166,1.3004681200000001,0.0,vector_first-c1efa57fb2c2,post,2,stark-prime-009,0.0,3,0.0,0.0,vector_first,0.665,0.0,0.4764189999999999,0.076,shared_neighbor_constraint,True
manually_audited_v0.1,tridb_live,0.0,0.0,27671.0,,20.0,stark_prime,0.0,0.0,2,False,20,7.633754,7.7725907,7.78493174,0.0,vector_first-c9c7dff0ae35,post,2,stark-prime-009,0.0,3,0.0,0.0,vector_first,0.844,0.0,1.5047540000000001,5.307,shared_neighbor_constraint,True
manually_audited_v0.1,tridb_live,0.0,0.0,27671.0,,20.0,stark_prime,0.0,0.0,1,False,20,1.159268,1.1706233000000001,1.17163266,0.0,vector_first-ce905df43902,post,2,stark-prime-009,0.0,3,0.0,0.0,vector_first,0.622,0.0,0.457268,0.071,shared_neighbor_constraint,True
manually_audited_v0.1,tridb_live,0.0,0.0,27671.0,,8.0,stark_prime,0.0,0.0,2,True,8,7.66133,7.7250707,7.7307365400000005,0.0,vector_first-ebaeb868fc9b,post,2,stark-prime-009,0.0,3,0.0,0.0,vector_first,0.819,0.0,1.492153,5.326,shared_neighbor_constraint,True
manually_audited_v0.1,tridb_live,0.0,0.0,27671.0,,5.0,stark_prime,0.0,0.0,1,False,5,1.219701,1.6016637,1.63561594,0.0,vector_first-f0a58d413e0f,during,2,stark-prime-009,0.0,3,0.0,0.0,vector_first,0.674,0.094,0.4517009999999999,0.0,shared_neighbor_constraint,True
auto_derived_v0.2,tridb_live,0.0,0.0,28642.0,,50.0,stark_prime,0.0,0.0,1,False,50,1.623728,1.8589366999999999,1.8798441399999999,0.0,filter_first-03f67415e651,pre,2,stark-prime-010,0.0,3,0.0,0.0,filter_first,1.102,0.0,0.49372800000000017,0.028,typed_chain,True
auto_derived_v0.2,tridb_live,0.0,0.0,28642.0,,20.0,stark_prime,0.0,0.0,1,False,20,1.429281,1.564299,1.5763006000000002,0.0,filter_first-1cad3c1573b2,pre,2,stark-prime-010,0.0,3,0.0,0.0,filter_first,0.946,0.0,0.471835,0.026,typed_chain,True
auto_derived_v0.2,tridb_live,0.0,0.0,28642.0,,100.0,stark_prime,0.0,0.0,1,False,100,3.718907,4.955093,5.0649762,0.0,filter_first-2387000dc3a8,pre,2,stark-prime-010,0.0,3,0.0,0.0,filter_first,2.476,0.0,0.9358230000000001,0.033,typed_chain,True
auto_derived_v0.2,tridb_live,0.0,0.0,28642.0,,100.0,stark_prime,0.0,0.0,2,False,100,2.602595,2.7266177,2.73764194,0.0,filter_first-28ed17c208d7,pre,2,stark-prime-010,0.0,3,0.0,0.0,filter_first,2.06,0.0,0.505595,0.037,typed_chain,True
auto_derived_v0.2,tridb_live,0.0,0.0,28642.0,,50.0,stark_prime,0.0,0.0,2,False,50,1.525438,1.5431464000000001,1.54472048,0.0,filter_first-2d01f654960c,pre,2,stark-prime-010,0.0,3,0.0,0.0,filter_first,1.034,0.0,0.45411400000000013,0.037,typed_chain,True
auto_derived_v0.2,tridb_live,0.0,0.0,28642.0,,1.0,stark_prime,0.0,0.0,2,False,1,1.423055,1.5712859,1.58446198,0.0,filter_first-3a7f1025f729,pre,2,stark-prime-010,0.0,3,0.0,0.0,filter_first,0.929,0.0,0.46275599999999995,0.037,typed_chain,True
auto_derived_v0.2,tridb_live,0.0,0.0,28642.0,,20.0,stark_prime,0.0,0.0,2,False,20,1.50137,1.5576254,1.5626258800000001,0.0,filter_first-46ec65dc7fea,pre,2,stark-prime-010,0.0,3,0.0,0.0,filter_first,0.969,0.0,0.4943700000000002,0.038,typed_chain,True
auto_derived_v0.2,tridb_live,0.0,0.0,28642.0,,10.0,stark_prime,0.0,0.0,1,False,10,1.546558,1.9946806,2.0345137199999996,0.0,filter_first-8532bb36e741,pre,2,stark-prime-010,0.0,3,0.0,0.0,filter_first,1.0,0.0,0.5455580000000002,0.032,typed_chain,True
auto_derived_v0.2,tridb_live,0.0,0.0,28642.0,,5.0,stark_prime,0.0,0.0,1,False,5,1.413386,1.7905058,1.82402756,0.0,filter_first-8699218b4a03,pre,2,stark-prime-010,0.0,3,0.0,0.0,filter_first,0.903,0.0,0.478386,0.032,typed_chain,True
auto_derived_v0.2,tridb_live,0.0,0.0,28642.0,,10.0,stark_prime,0.0,0.0,2,False,10,1.409329,1.4322736,1.4343131199999999,0.0,filter_first-88d1f0b4340a,pre,2,stark-prime-010,0.0,3,0.0,0.0,filter_first,0.898,0.0,0.474329,0.037,typed_chain,True
auto_derived_v0.2,tridb_live,0.0,0.0,28642.0,,5.0,stark_prime,0.0,0.0,2,False,5,1.421729,1.4715953,1.47602786,0.0,filter_first-bb7c33f6d989,pre,2,stark-prime-010,0.0,3,0.0,0.0,filter_first,0.901,0.0,0.47472900000000007,0.04,typed_chain,True
auto_derived_v0.2,tridb_live,0.0,0.0,28642.0,,1.0,stark_prime,0.0,0.0,1,False,1,3.018876,3.4262034,3.46241028,0.0,filter_first-ef43b60e2e3b,pre,2,stark-prime-010,0.0,3,0.0,0.0,filter_first,1.641,0.0,1.3488760000000002,0.029,typed_chain,True
auto_derived_v0.2,tridb_live,0.0,0.0,28642.0,,,stark_prime,0.0,0.0,1,False,1,0.471574,0.501454,0.50411,0.0,traverse_first-0e65f761853b,during,2,stark-prime-010,0.0,3,0.0,0.0,traverse_first,0.0,0.021,0.436574,0.016,typed_chain,True
auto_derived_v0.2,tridb_live,0.0,1.0,28642.0,,,stark_prime,1.0,1.0,2,False,1,0.554106,0.6902526,0.70235452,1.0,traverse_first-1401f30333f9,post,2,stark-prime-010,0.5,3,0.0,0.0,traverse_first,0.004,0.09,0.438106,0.022,typed_chain,True
auto_derived_v0.2,tridb_live,0.0,2.0,28642.0,,,stark_prime,1.0,1.0,2,False,50,0.581427,0.627291,0.6313678,1.0,traverse_first-15df7fd20126,post,2,stark-prime-010,1.0,3,0.0,0.0,traverse_first,0.007,0.102,0.441427,0.031,typed_chain,True
auto_derived_v0.2,tridb_live,0.0,0.0,28642.0,,,stark_prime,0.0,0.0,1,False,50,0.454085,0.45989990000000003,0.46041678,0.0,traverse_first-18e80c0b50a9,post,2,stark-prime-010,0.0,3,0.0,0.0,traverse_first,0.0,0.018,0.42308500000000004,0.015,typed_chain,True
auto_derived_v0.2,tridb_live,0.0,0.0,28642.0,,,stark_prime,0.0,0.0,1,False,5,0.512734,0.5819287,0.58807934,0.0,traverse_first-2ef9d31e2115,during,2,stark-prime-010,0.0,3,0.0,0.0,traverse_first,0.0,0.03,0.45973400000000003,0.021,typed_chain,True
auto_derived_v0.2,tridb_live,0.0,0.0,28642.0,,,stark_prime,0.0,0.0,1,False,100,0.511884,0.5176026,0.51811092,0.0,traverse_first-3161568b8481,during,2,stark-prime-010,0.0,3,0.0,0.0,traverse_first,0.0,0.02,0.460884,0.014,typed_chain,True
auto_derived_v0.2,tridb_live,0.0,2.0,28642.0,,,stark_prime,1.0,1.0,2,False,50,0.564477,0.5999379,0.60308998,1.0,traverse_first-532feb3a2124,during,2,stark-prime-010,1.0,3,0.0,0.0,traverse_first,0.005,0.093,0.442477,0.024,typed_chain,True
auto_derived_v0.2,tridb_live,0.0,2.0,28642.0,,,stark_prime,1.0,1.0,2,False,10,0.578687,0.6581264,0.6651876800000001,1.0,traverse_first-5be44627d46d,post,2,stark-prime-010,1.0,3,0.0,0.0,traverse_first,0.006,0.097,0.44868699999999995,0.027,typed_chain,True
auto_derived_v0.2,tridb_live,0.0,2.0,28642.0,,,stark_prime,1.0,1.0,2,False,20,0.554584,0.5593414,0.55976428,1.0,traverse_first-5dac164247a2,post,2,stark-prime-010,1.0,3,0.0,0.0,traverse_first,0.005,0.091,0.43358399999999997,0.023,typed_chain,True
auto_derived_v0.2,tridb_live,0.0,2.0,28642.0,,,stark_prime,1.0,1.0,2,False,100,0.598203,0.9290862,0.95849804,1.0,traverse_first-6c308678a8d4,post,2,stark-prime-010,1.0,3,0.0,0.0,traverse_first,0.006,0.093,0.47420300000000004,0.024,typed_chain,True
auto_derived_v0.2,tridb_live,0.0,0.0,28642.0,,,stark_prime,0.0,0.0,1,False,20,0.524763,0.9066663,0.94061326,0.0,traverse_first-6e5585f7fa7d,during,2,stark-prime-010,0.0,3,0.0,0.0,traverse_first,0.0,0.019,0.49076299999999995,0.016,typed_chain,True
auto_derived_v0.2,tridb_live,0.0,2.0,28642.0,,,stark_prime,1.0,1.0,2,False,100,0.583535,0.5894444,0.5899696799999999,1.0,traverse_first-702b20668df6,during,2,stark-prime-010,1.0,3,0.0,0.0,traverse_first,0.006,0.092,0.44530800000000004,0.026,typed_chain,True
auto_derived_v0.2,tridb_live,0.0,0.0,28642.0,,,stark_prime,0.0,0.0,1,False,20,0.48398,0.49978940000000005,0.50119468,0.0,traverse_first-76359c42693a,post,2,stark-prime-010,0.0,3,0.0,0.0,traverse_first,0.0,0.02,0.44898000000000005,0.015,typed_chain,True
auto_derived_v0.2,tridb_live,0.0,0.0,28642.0,,,stark_prime,0.0,0.0,1,False,10,0.462454,0.7961847999999999,0.82584976,0.0,traverse_first-7e45a5be9de9,post,2,stark-prime-010,0.0,3,0.0,0.0,traverse_first,0.0,0.02,0.428454,0.016,typed_chain,True
auto_derived_v0.2,tridb_live,0.0,0.0,28642.0,,,stark_prime,0.0,0.0,1,False,50,0.462224,0.4778957,0.47928874,0.0,traverse_first-82c8aed23797,during,2,stark-prime-010,0.0,3,0.0,0.0,traverse_first,0.0,0.019,0.42922400000000005,0.014,typed_chain,True
auto_derived_v0.2,tridb_live,0.0,0.0,28642.0,,,stark_prime,0.0,0.0,1,False,10,0.463444,0.4725376,0.47334592000000003,0.0,traverse_first-8d055dcb7096,during,2,stark-prime-010,0.0,3,0.0,0.0,traverse_first,0.0,0.021,0.42644400000000005,0.015,typed_chain,True
auto_derived_v0.2,tridb_live,0.0,1.0,28642.0,,,stark_prime,1.0,1.0,2,False,1,0.571372,0.6235684,0.6282080800000001,1.0,traverse_first-92d6d9491887,during,2,stark-prime-010,0.5,3,0.0,0.0,traverse_first,0.007,0.093,0.435932,0.026,typed_chain,True
auto_derived_v0.2,tridb_live,0.0,0.0,28642.0,,,stark_prime,0.0,0.0,1,False,1,0.445361,0.4544393,0.45524626,0.0,traverse_first-a6e5d14e469b,post,2,stark-prime-010,0.0,3,0.0,0.0,traverse_first,0.0,0.017,0.416361,0.013,typed_chain,True
auto_derived_v0.2,tridb_live,0.0,2.0,28642.0,,,stark_prime,1.0,1.0,2,False,5,0.554596,0.5608105,0.5613629,1.0,traverse_first-b279d6126ea0,post,2,stark-prime-010,1.0,3,0.0,0.0,traverse_first,0.006,0.095,0.430596,0.023,typed_chain,True
auto_derived_v0.2,tridb_live,0.0,0.0,28642.0,,,stark_prime,0.0,0.0,1,False,100,0.541673,0.6517259,0.66150838,0.0,traverse_first-c289b470b52c,post,2,stark-prime-010,0.0,3,0.0,0.0,traverse_first,0.0,0.03,0.497673,0.017,typed_chain,True
auto_derived_v0.2,tridb_live,0.0,2.0,28642.0,,,stark_prime,1.0,1.0,2,False,5,0.608028,0.615192,0.6158288,1.0,traverse_first-cccdd3ed958f,during,2,stark-prime-010,1.0,3,0.0,0.0,traverse_first,0.009,0.112,0.45323899999999995,0.027,typed_chain,True
auto_derived_v0.2,tridb_live,0.0,2.0,28642.0,,,stark_prime,1.0,1.0,2,False,20,0.556358,0.5789984,0.58101088,1.0,traverse_first-e4d7ef105a79,during,2,stark-prime-010,1.0,3,0.0,0.0,traverse_first,0.006,0.094,0.432358,0.023,typed_chain,True
auto_derived_v0.2,tridb_live,0.0,0.0,28642.0,,,stark_prime,0.0,0.0,1,False,5,0.492595,0.6009118,0.61053996,0.0,traverse_first-f0fdb2bba196,post,2,stark-prime-010,0.0,3,0.0,0.0,traverse_first,0.0,0.023,0.452595,0.017,typed_chain,True
auto_derived_v0.2,tridb_live,0.0,2.0,28642.0,,,stark_prime,1.0,1.0,2,False,10,0.572889,0.5829131999999999,0.58380424,1.0,traverse_first-f9b36ac9da92,during,2,stark-prime-010,1.0,3,0.0,0.0,traverse_first,0.007,0.104,0.437889,0.026,typed_chain,True
auto_derived_v0.2,tridb_live,0.0,0.0,28642.0,,50.0,stark_prime,0.0,0.0,1,False,50,1.589817,1.5947355,1.5951727,0.0,vector_first-12e4b447491a,post,2,stark-prime-010,0.0,3,0.0,0.0,vector_first,1.051,0.0,0.501282,0.029,typed_chain,True
auto_derived_v0.2,tridb_live,0.0,0.0,28642.0,,50.0,stark_prime,0.0,0.0,2,False,50,1.771088,1.8376079,1.84352078,0.0,vector_first-2670324e0bc6,during,2,stark-prime-010,0.0,3,0.0,0.0,vector_first,1.016,0.237,0.48008800000000007,0.038,typed_chain,True
auto_derived_v0.2,tridb_live,0.0,0.0,28642.0,,20.0,stark_prime,0.0,0.0,2,False,20,1.581464,2.3048821999999998,2.3691860399999998,0.0,vector_first-27d19d1f923e,during,2,stark-prime-010,0.0,3,0.0,0.0,vector_first,0.913,0.147,0.500464,0.032,typed_chain,True
auto_derived_v0.2,tridb_live,0.0,0.0,28642.0,,10.0,stark_prime,0.0,0.0,1,False,10,1.45993,1.4888838999999998,1.4914575799999998,0.0,vector_first-404f84e6a5f4,post,2,stark-prime-010,0.0,3,0.0,0.0,vector_first,0.929,0.0,0.510733,0.031,typed_chain,True
auto_derived_v0.2,tridb_live,0.0,0.0,28642.0,,20.0,stark_prime,0.0,0.0,1,False,20,1.575839,1.5978836,1.59984312,0.0,vector_first-4c96de282a3c,during,2,stark-prime-010,0.0,3,0.0,0.0,vector_first,0.941,0.152,0.46053600000000006,0.025,typed_chain,True
auto_derived_v0.2,tridb_live,0.0,0.0,28642.0,,5.0,stark_prime,0.0,0.0,1,False,5,1.389441,1.4348703,1.43890846,0.0,vector_first-539cd672e6b6,post,2,stark-prime-010,0.0,3,0.0,0.0,vector_first,0.898,0.0,0.4634409999999999,0.028,typed_chain,True
auto_derived_v0.2,tridb_live,0.0,0.0,28642.0,,100.0,stark_prime,0.0,0.0,2,False,100,1.783866,1.8196698,1.82285236,0.0,vector_first-736b83dff9a6,post,2,stark-prime-010,0.0,3,0.0,0.0,vector_first,1.189,0.0,0.5468659999999999,0.038,typed_chain,True
auto_derived_v0.2,tridb_live,0.0,0.0,28642.0,,5.0,stark_prime,0.0,0.0,2,False,5,1.626615,1.9943847000000001,2.02707534,0.0,vector_first-7462d459aaf5,during,2,stark-prime-010,0.0,3,0.0,0.0,vector_first,0.894,0.095,0.599615,0.034,typed_chain,True
auto_derived_v0.2,tridb_live,0.0,0.0,28642.0,,1.0,stark_prime,0.0,0.0,2,False,1,1.324737,1.3323033000000002,1.3329758600000001,0.0,vector_first-79d7f13154dd,post,2,stark-prime-010,0.0,3,0.0,0.0,vector_first,0.826,0.0,0.4621440000000001,0.038,typed_chain,True
auto_derived_v0.2,tridb_live,0.0,0.0,28642.0,,1.0,stark_prime,0.0,0.0,2,False,1,1.387943,1.4809535,1.4892211,0.0,vector_first-8735078935c5,during,2,stark-prime-010,0.0,3,0.0,0.0,vector_first,0.875,0.038,0.4749429999999999,0.0,typed_chain,True
auto_derived_v0.2,tridb_live,0.0,0.0,28642.0,,10.0,stark_prime,0.0,0.0,1,False,10,1.517575,1.5211579,1.52147638,0.0,vector_first-879c2f5ec6a7,during,2,stark-prime-010,0.0,3,0.0,0.0,vector_first,0.881,0.116,0.47757499999999986,0.026,typed_chain,True
auto_derived_v0.2,tridb_live,0.0,0.0,28642.0,,100.0,stark_prime,0.0,0.0,1,False,100,2.292506,2.3737318999999997,2.38095198,0.0,vector_first-95fb2abe9f82,during,2,stark-prime-010,0.0,3,0.0,0.0,vector_first,1.304,0.397,0.519104,0.03,typed_chain,True
auto_derived_v0.2,tridb_live,0.0,0.0,28642.0,,100.0,stark_prime,0.0,0.0,1,False,100,1.699388,1.7574911,1.76265582,0.0,vector_first-9a76384ab2d2,post,2,stark-prime-010,0.0,3,0.0,0.0,vector_first,1.197,0.0,0.48254399999999986,0.028,typed_chain,True
auto_derived_v0.2,tridb_live,0.0,0.0,28642.0,,10.0,stark_prime,0.0,0.0,2,False,10,1.505527,1.5065494000000001,1.50664028,0.0,vector_first-9e027ae921ee,during,2,stark-prime-010,0.0,3,0.0,0.0,vector_first,0.873,0.115,0.461527,0.042,typed_chain,True
auto_derived_v0.2,tridb_live,0.0,0.0,28642.0,,1.0,stark_prime,0.0,0.0,1,False,1,2.226461,2.513894,2.5394436000000002,0.0,vector_first-9f2a495d4986,during,2,stark-prime-010,0.0,3,0.0,0.0,vector_first,1.7,0.039,0.4874609999999999,0.0,typed_chain,True
auto_derived_v0.2,tridb_live,0.0,0.0,28642.0,,5.0,stark_prime,0.0,0.0,2,False,5,1.371266,1.3799843,1.38075926,0.0,vector_first-a5b8d6da0107,post,2,stark-prime-010,0.0,3,0.0,0.0,vector_first,0.85,0.0,0.4862660000000001,0.035,typed_chain,True
auto_derived_v0.2,tridb_live,0.0,0.0,28642.0,,50.0,stark_prime,0.0,0.0,2,False,50,1.627875,1.9869993000000001,2.01892146,0.0,vector_first-a7431c3167bb,post,2,stark-prime-010,0.0,3,0.0,0.0,vector_first,1.003,0.0,0.5878749999999999,0.035,typed_chain,True
auto_derived_v0.2,tridb_live,0.0,0.0,28642.0,,10.0,stark_prime,0.0,0.0,2,False,10,1.376206,1.3921089999999998,1.3935225999999998,0.0,vector_first-a802c228be07,post,2,stark-prime-010,0.0,3,0.0,0.0,vector_first,0.871,0.0,0.46887599999999985,0.035,typed_chain,True
auto_derived_v0.2,tridb_live,0.0,0.0,28642.0,,50.0,stark_prime,0.0,0.0,1,False,50,1.87577,2.2911326,2.3280537199999998,0.0,vector_first-b3f469e3373a,during,2,stark-prime-010,0.0,3,0.0,0.0,vector_first,1.077,0.246,0.534071,0.028,typed_chain,True
auto_derived_v0.2,tridb_live,0.0,0.0,28642.0,,100.0,stark_prime,0.0,0.0,2,False,100,2.062184,2.1059707999999997,2.10986296,0.0,vector_first-b9cbe3a2c022,during,2,stark-prime-010,0.0,3,0.0,0.0,vector_first,1.16,0.374,0.47718399999999983,0.037,typed_chain,True
auto_derived_v0.2,tridb_live,0.0,0.0,28642.0,,1.0,stark_prime,0.0,0.0,1,False,1,1.50585,2.3729712,2.45004864,0.0,vector_first-c1efa57fb2c2,post,2,stark-prime-010,0.0,3,0.0,0.0,vector_first,0.961,0.0,0.5068499999999999,0.038,typed_chain,True
auto_derived_v0.2,tridb_live,0.0,0.0,28642.0,,20.0,stark_prime,0.0,0.0,2,False,20,1.508122,1.5088447,1.50890894,0.0,vector_first-c9c7dff0ae35,post,2,stark-prime-010,0.0,3,0.0,0.0,vector_first,0.893,0.0,0.569122,0.033,typed_chain,True
auto_derived_v0.2,tridb_live,0.0,0.0,28642.0,,20.0,stark_prime,0.0,0.0,1,False,20,1.443934,1.4462659,1.4464731800000001,0.0,vector_first-ce905df43902,post,2,stark-prime-010,0.0,3,0.0,0.0,vector_first,0.934,0.0,0.48062799999999994,0.027,typed_chain,True
auto_derived_v0.2,tridb_live,0.0,0.0,28642.0,,8.0,stark_prime,0.0,0.0,2,True,8,1.364841,1.4294952,1.43524224,0.0,vector_first-ebaeb868fc9b,post,2,stark-prime-010,0.0,3,0.0,0.0,vector_first,0.853,0.0,0.47784099999999996,0.034,typed_chain,True
auto_derived_v0.2,tridb_live,0.0,0.0,28642.0,,5.0,stark_prime,0.0,0.0,1,False,5,1.409025,1.4182221,1.41903962,0.0,vector_first-f0a58d413e0f,during,2,stark-prime-010,0.0,3,0.0,0.0,vector_first,0.847,0.087,0.446025,0.025,typed_chain,True
auto_derived_v0.2,tridb_live,0.0,0.0,17080.0,,50.0,stark_prime,0.0,0.0,1,False,50,57.613014,67.5179028,68.39833736,0.0,filter_first-03f67415e651,pre,1,stark-prime-011,0.0,3,0.0,0.0,filter_first,56.429,0.0,0.8844640000000012,0.147,typed_neighbors,True
auto_derived_v0.2,tridb_live,0.0,0.0,17080.0,,20.0,stark_prime,0.0,0.0,1,False,20,2.635796,2.8961408,2.91928256,0.0,filter_first-1cad3c1573b2,pre,1,stark-prime-011,0.0,3,0.0,0.0,filter_first,1.995,0.0,0.5247959999999998,0.107,typed_neighbors,True
auto_derived_v0.2,tridb_live,0.0,1.0,17080.0,,100.0,stark_prime,0.0,0.0,1,False,100,53.964145,54.2567026,54.28270772,0.0,filter_first-2387000dc3a8,pre,1,stark-prime-011,0.0,3,0.0,0.0,filter_first,52.71,0.0,0.8692089999999979,0.156,typed_neighbors,True
auto_derived_v0.2,tridb_live,0.0,1.0,17080.0,,100.0,stark_prime,0.0,0.0,2,False,100,56.449641,56.6835159,56.70430478,0.0,filter_first-28ed17c208d7,pre,1,stark-prime-011,0.0,3,0.0,0.0,filter_first,53.226,0.0,1.3855020000000025,1.778,typed_neighbors,True
auto_derived_v0.2,tridb_live,0.0,0.0,17080.0,,50.0,stark_prime,0.0,0.0,2,False,50,55.965032,56.6026604,56.659338479999995,0.0,filter_first-2d01f654960c,pre,1,stark-prime-011,0.0,3,0.0,0.0,filter_first,53.092,0.0,1.143507999999997,1.736,typed_neighbors,True
auto_derived_v0.2,tridb_live,0.0,0.0,17080.0,,1.0,stark_prime,0.0,0.0,2,False,1,4.35654,4.370750999999999,4.3720142,0.0,filter_first-3a7f1025f729,pre,1,stark-prime-011,0.0,3,0.0,0.0,filter_first,1.951,0.0,0.698499,1.57,typed_neighbors,True
auto_derived_v0.2,tridb_live,0.0,0.0,17080.0,,20.0,stark_prime,0.0,0.0,2,False,20,3.882197,4.0638422,4.079988439999999,0.0,filter_first-46ec65dc7fea,pre,1,stark-prime-011,0.0,3,0.0,0.0,filter_first,1.767,0.0,0.5981970000000003,1.557,typed_neighbors,True
auto_derived_v0.2,tridb_live,0.0,0.0,17080.0,,10.0,stark_prime,0.0,0.0,1,False,10,2.553536,2.9173997,2.94974314,0.0,filter_first-8532bb36e741,pre,1,stark-prime-011,0.0,3,0.0,0.0,filter_first,1.866,0.0,0.5815359999999998,0.11,typed_neighbors,True
auto_derived_v0.2,tridb_live,0.0,0.0,17080.0,,5.0,stark_prime,0.0,0.0,1,False,5,2.662439,2.6836691,2.68555622,0.0,filter_first-8699218b4a03,pre,1,stark-prime-011,0.0,3,0.0,0.0,filter_first,1.951,0.0,0.5804390000000001,0.103,typed_neighbors,True
auto_derived_v0.2,tridb_live,0.0,0.0,17080.0,,10.0,stark_prime,0.0,0.0,2,False,10,4.060601,4.0634225,4.0636733,0.0,filter_first-88d1f0b4340a,pre,1,stark-prime-011,0.0,3,0.0,0.0,filter_first,1.747,0.0,0.7257359999999995,1.575,typed_neighbors,True
auto_derived_v0.2,tridb_live,0.0,0.0,17080.0,,5.0,stark_prime,0.0,0.0,2,False,5,3.984381,4.136004,4.1494816,0.0,filter_first-bb7c33f6d989,pre,1,stark-prime-011,0.0,3,0.0,0.0,filter_first,1.705,0.0,0.7582949999999999,1.532,typed_neighbors,True
auto_derived_v0.2,tridb_live,0.0,0.0,17080.0,,1.0,stark_prime,0.0,0.0,1,False,1,3.804742,4.1599576,4.19153232,0.0,filter_first-ef43b60e2e3b,pre,1,stark-prime-011,0.0,3,0.0,0.0,filter_first,2.77,0.0,0.9207420000000002,0.114,typed_neighbors,True
auto_derived_v0.2,tridb_live,0.0,1.0,17080.0,,,stark_prime,0.0,0.0,1,False,1,1.32239,1.8313454,1.87658588,0.0,traverse_first-0e65f761853b,during,1,stark-prime-011,0.0,3,0.0,0.0,traverse_first,0.323,0.401,0.49639,0.106,typed_neighbors,True
auto_derived_v0.2,tridb_live,0.0,1.0,17080.0,,,stark_prime,0.0,0.0,2,False,1,6.229604,6.5496683,6.578118460000001,0.0,traverse_first-1401f30333f9,post,1,stark-prime-011,0.0,3,0.0,0.0,traverse_first,0.295,3.625,0.7775240000000005,1.526,typed_neighbors,True
auto_derived_v0.2,tridb_live,0.0,20.0,17080.0,,,stark_prime,0.0,1.0,2,False,50,6.404502,6.5525124,6.5656688800000005,0.3333333333333333,traverse_first-15df7fd20126,post,1,stark-prime-011,1.0,3,0.0,0.0,traverse_first,0.287,3.676,0.8803670000000006,1.588,typed_neighbors,True
auto_derived_v0.2,tridb_live,0.0,20.0,17080.0,,,stark_prime,0.0,1.0,1,False,50,1.281819,1.6953536999999999,1.7321123399999998,0.3333333333333333,traverse_first-18e80c0b50a9,post,1,stark-prime-011,1.0,3,0.0,0.0,traverse_first,0.294,0.369,0.498819,0.12,typed_neighbors,True
auto_derived_v0.2,tridb_live,0.0,5.0,17080.0,,,stark_prime,0.0,1.0,1,False,5,1.223489,1.6178384000000001,1.6528916800000002,0.3333333333333333,traverse_first-2ef9d31e2115,during,1,stark-prime-011,1.0,3,0.0,0.0,traverse_first,0.272,0.369,0.48048900000000005,0.111,typed_neighbors,True
auto_derived_v0.2,tridb_live,0.0,20.0,17080.0,,,stark_prime,0.0,1.0,1,False,100,2.02541,2.2340948,2.25264456,0.3333333333333333,traverse_first-3161568b8481,during,1,stark-prime-011,1.0,3,0.0,0.0,traverse_first,0.408,0.633,0.7074099999999999,0.191,typed_neighbors,True
auto_derived_v0.2,tridb_live,0.0,20.0,17080.0,,,stark_prime,0.0,1.0,2,False,50,6.343235,6.5623778,6.58185716,0.3333333333333333,traverse_first-532feb3a2124,during,1,stark-prime-011,1.0,3,0.0,0.0,traverse_first,0.285,3.627,0.9012349999999998,1.557,typed_neighbors,True
auto_derived_v0.2,tridb_live,0.0,10.0,17080.0,,,stark_prime,0.0,1.0,2,False,10,6.363498,7.4408853,7.53665306,0.3333333333333333,traverse_first-5be44627d46d,post,1,stark-prime-011,1.0,3,0.0,0.0,traverse_first,0.292,3.625,0.898498,1.548,typed_neighbors,True
auto_derived_v0.2,tridb_live,0.0,20.0,17080.0,,,stark_prime,0.0,1.0,2,False,20,6.16076,6.5626712,6.59839664,0.3333333333333333,traverse_first-5dac164247a2,post,1,stark-prime-011,1.0,3,0.0,0.0,traverse_first,0.288,3.565,0.7567599999999999,1.536,typed_neighbors,True
auto_derived_v0.2,tridb_live,0.0,20.0,17080.0,,,stark_prime,0.0,1.0,2,False,100,6.320923,6.4550868999999995,6.46701258,0.3333333333333333,traverse_first-6c308678a8d4,post,1,stark-prime-011,1.0,3,0.0,0.0,traverse_first,0.302,3.603,0.8999229999999994,1.531,typed_neighbors,True
auto_derived_v0.2,tridb_live,0.0,20.0,17080.0,,,stark_prime,0.0,1.0,1,False,20,1.210877,1.8855241999999999,1.94549284,0.3333333333333333,traverse_first-6e5585f7fa7d,during,1,stark-prime-011,1.0,3,0.0,0.0,traverse_first,0.272,0.359,0.475877,0.107,typed_neighbors,True
auto_derived_v0.2,tridb_live,0.0,20.0,17080.0,,,stark_prime,0.0,1.0,2,False,100,6.287693,6.3887612,6.39774504,0.3333333333333333,traverse_first-702b20668df6,during,1,stark-prime-011,1.0,3,0.0,0.0,traverse_first,0.298,3.643,0.8126930000000003,1.557,typed_neighbors,True
auto_derived_v0.2,tridb_live,0.0,20.0,17080.0,,,stark_prime,0.0,1.0,1,False,20,1.177324,1.1915062,1.19276684,0.3333333333333333,traverse_first-76359c42693a,post,1,stark-prime-011,1.0,3,0.0,0.0,traverse_first,0.258,0.354,0.45632400000000006,0.105,typed_neighbors,True
auto_derived_v0.2,tridb_live,0.0,10.0,17080.0,,,stark_prime,0.0,1.0,1,False,10,1.211607,1.2226338,1.22361396,0.3333333333333333,traverse_first-7e45a5be9de9,post,1,stark-prime-011,1.0,3,0.0,0.0,traverse_first,0.276,0.355,0.4666070000000001,0.112,typed_neighbors,True
auto_derived_v0.2,tridb_live,0.0,20.0,17080.0,,,stark_prime,0.0,1.0,1,False,50,1.216448,1.3236245,1.3331513000000002,0.3333333333333333,traverse_first-82c8aed23797,during,1,stark-prime-011,1.0,3,0.0,0.0,traverse_first,0.277,0.358,0.473448,0.109,typed_neighbors,True
auto_derived_v0.2,tridb_live,0.0,10.0,17080.0,,,stark_prime,0.0,1.0,1,False,10,1.268075,1.7064164,1.74538008,0.3333333333333333,traverse_first-8d055dcb7096,during,1,stark-prime-011,1.0,3,0.0,0.0,traverse_first,0.27,0.37,0.509075,0.115,typed_neighbors,True
auto_derived_v0.2,tridb_live,0.0,1.0,17080.0,,,stark_prime,0.0,0.0,2,False,1,6.593673,6.8417211,6.86376982,0.0,traverse_first-92d6d9491887,during,1,stark-prime-011,0.0,3,0.0,0.0,traverse_first,0.291,3.772,1.007282,1.563,typed_neighbors,True
auto_derived_v0.2,tridb_live,0.0,1.0,17080.0,,,stark_prime,0.0,0.0,1,False,1,1.204763,1.21163,1.2122404,0.0,traverse_first-a6e5d14e469b,post,1,stark-prime-011,0.0,3,0.0,0.0,traverse_first,0.266,0.35,0.47676300000000005,0.106,typed_neighbors,True
auto_derived_v0.2,tridb_live,0.0,5.0,17080.0,,,stark_prime,0.0,1.0,2,False,5,6.218363,6.2510879,6.2539967800000005,0.3333333333333333,traverse_first-b279d6126ea0,post,1,stark-prime-011,1.0,3,0.0,0.0,traverse_first,0.299,3.604,0.771363,1.568,typed_neighbors,True
auto_derived_v0.2,tridb_live,0.0,20.0,17080.0,,,stark_prime,0.0,1.0,1,False,100,1.257115,1.331122,1.3377004,0.3333333333333333,traverse_first-c289b470b52c,post,1,stark-prime-011,1.0,3,0.0,0.0,traverse_first,0.28,0.376,0.498115,0.108,typed_neighbors,True
auto_derived_v0.2,tridb_live,0.0,5.0,17080.0,,,stark_prime,0.0,1.0,2,False,5,6.275866,6.5151256,6.5363931200000005,0.3333333333333333,traverse_first-cccdd3ed958f,during,1,stark-prime-011,1.0,3,0.0,0.0,traverse_first,0.293,3.634,0.7868659999999998,1.558,typed_neighbors,True
auto_derived_v0.2,tridb_live,0.0,20.0,17080.0,,,stark_prime,0.0,1.0,2,False,20,6.274075,6.3264487,6.33110414,0.3333333333333333,traverse_first-e4d7ef105a79,during,1,stark-prime-011,1.0,3,0.0,0.0,traverse_first,0.286,3.649,0.8180749999999994,1.519,typed_neighbors,True
auto_derived_v0.2,tridb_live,0.0,5.0,17080.0,,,stark_prime,0.0,1.0,1,False,5,1.219537,1.2310732,1.23209864,0.3333333333333333,traverse_first-f0fdb2bba196,post,1,stark-prime-011,1.0,3,0.0,0.0,traverse_first,0.271,0.355,0.4643550000000001,0.106,typed_neighbors,True
auto_derived_v0.2,tridb_live,0.0,10.0,17080.0,,,stark_prime,0.0,1.0,2,False,10,6.185786,6.2453417,6.25063554,0.3333333333333333,traverse_first-f9b36ac9da92,during,1,stark-prime-011,1.0,3,0.0,0.0,traverse_first,0.289,3.608,0.7477860000000005,1.54,typed_neighbors,True
auto_derived_v0.2,tridb_live,0.0,0.0,17080.0,,50.0,stark_prime,0.0,0.0,1,False,50,2.314179,2.508021,2.5252513999999997,0.0,vector_first-12e4b447491a,post,1,stark-prime-011,0.0,3,0.0,0.0,vector_first,1.737,0.0,0.47092200000000006,0.109,typed_neighbors,True
auto_derived_v0.2,tridb_live,0.0,0.0,17080.0,,50.0,stark_prime,0.0,0.0,2,False,50,4.453998,4.5456261,4.5537708199999996,0.0,vector_first-2670324e0bc6,during,1,stark-prime-011,0.0,3,0.0,0.0,vector_first,1.951,0.247,0.6819980000000005,1.605,typed_neighbors,True
auto_derived_v0.2,tridb_live,0.0,0.0,17080.0,,20.0,stark_prime,0.0,0.0,2,False,20,5.736498,29.565419099999996,31.683545419999998,0.0,vector_first-27d19d1f923e,during,1,stark-prime-011,0.0,3,0.0,0.0,vector_first,3.15,0.177,0.8234979999999998,1.607,typed_neighbors,True
auto_derived_v0.2,tridb_live,0.0,0.0,17080.0,,10.0,stark_prime,0.0,0.0,1,False,10,2.130889,2.1716499999999996,2.1752732,0.0,vector_first-404f84e6a5f4,post,1,stark-prime-011,0.0,3,0.0,0.0,vector_first,1.562,0.0,0.471762,0.106,typed_neighbors,True
auto_derived_v0.2,tridb_live,0.0,0.0,17080.0,,20.0,stark_prime,0.0,0.0,1,False,20,2.801681,2.9575799000000003,2.9714375800000004,0.0,vector_first-4c96de282a3c,during,1,stark-prime-011,0.0,3,0.0,0.0,vector_first,2.006,0.16,0.5276809999999998,0.108,typed_neighbors,True
auto_derived_v0.2,tridb_live,0.0,0.0,17080.0,,5.0,stark_prime,0.0,0.0,1,False,5,2.293595,2.3524289,2.3576585800000003,0.0,vector_first-539cd672e6b6,post,1,stark-prime-011,0.0,3,0.0,0.0,vector_first,1.669,0.0,0.494966,0.106,typed_neighbors,True
auto_derived_v0.2,tridb_live,0.0,0.0,17080.0,,100.0,stark_prime,0.0,0.0,2,False,100,4.642664,4.7028146,4.70816132,0.0,vector_first-736b83dff9a6,post,1,stark-prime-011,0.0,3,0.0,0.0,vector_first,2.243,0.0,0.7216640000000001,1.634,typed_neighbors,True
auto_derived_v0.2,tridb_live,0.0,0.0,17080.0,,5.0,stark_prime,0.0,0.0,2,False,5,3.973356,4.113468,4.1259224,0.0,vector_first-7462d459aaf5,during,1,stark-prime-011,0.0,3,0.0,0.0,vector_first,1.578,0.097,0.7203559999999998,1.591,typed_neighbors,True
auto_derived_v0.2,tridb_live,0.0,0.0,17080.0,,1.0,stark_prime,0.0,0.0,2,False,1,4.140076,4.477017099999999,4.50696742,0.0,vector_first-79d7f13154dd,post,1,stark-prime-011,0.0,3,0.0,0.0,vector_first,1.67,0.0,0.7770759999999997,1.693,typed_neighbors,True
auto_derived_v0.2,tridb_live,0.0,0.0,17080.0,,1.0,stark_prime,0.0,0.0,2,False,1,2.143629,2.2577841000000003,2.2679312200000004,0.0,vector_first-8735078935c5,during,1,stark-prime-011,0.0,3,0.0,0.0,vector_first,1.606,0.04,0.4724680000000001,0.0,typed_neighbors,True
auto_derived_v0.2,tridb_live,0.0,0.0,17080.0,,10.0,stark_prime,0.0,0.0,1,False,10,2.567831,2.9361155,2.9688519,0.0,vector_first-879c2f5ec6a7,during,1,stark-prime-011,0.0,3,0.0,0.0,vector_first,1.847,0.131,0.4888309999999998,0.103,typed_neighbors,True
auto_derived_v0.2,tridb_live,0.0,0.0,17080.0,,100.0,stark_prime,0.0,0.0,1,False,100,3.272831,3.6222461,3.65330522,0.0,vector_first-95fb2abe9f82,during,1,stark-prime-011,0.0,3,0.0,0.0,vector_first,2.264,0.406,0.5500699999999998,0.114,typed_neighbors,True
auto_derived_v0.2,tridb_live,0.0,0.0,17080.0,,100.0,stark_prime,0.0,0.0,1,False,100,2.590705,2.8494639999999998,2.8724648,0.0,vector_first-9a76384ab2d2,post,1,stark-prime-011,0.0,3,0.0,0.0,vector_first,1.942,0.0,0.49470499999999973,0.114,typed_neighbors,True
auto_derived_v0.2,tridb_live,0.0,0.0,17080.0,,10.0,stark_prime,0.0,0.0,2,False,10,4.356713,4.4325578000000005,4.43929956,0.0,vector_first-9e027ae921ee,during,1,stark-prime-011,0.0,3,0.0,0.0,vector_first,1.879,0.124,0.7797130000000001,1.605,typed_neighbors,True
auto_derived_v0.2,tridb_live,0.0,0.0,17080.0,,1.0,stark_prime,0.0,0.0,1,False,1,3.651236,4.6749473,4.76594386,0.0,vector_first-9f2a495d4986,during,1,stark-prime-011,0.0,3,0.0,0.0,vector_first,2.907,0.041,0.703236,0.0,typed_neighbors,True
auto_derived_v0.2,tridb_live,0.0,0.0,17080.0,,5.0,stark_prime,0.0,0.0,2,False,5,4.360633,4.5635227,4.58155734,0.0,vector_first-a5b8d6da0107,post,1,stark-prime-011,0.0,3,0.0,0.0,vector_first,1.919,0.0,0.9460659999999996,1.559,typed_neighbors,True
auto_derived_v0.2,tridb_live,0.0,0.0,17080.0,,50.0,stark_prime,0.0,0.0,2,False,50,4.26214,4.3260985000000005,4.331783700000001,0.0,vector_first-a7431c3167bb,post,1,stark-prime-011,0.0,3,0.0,0.0,vector_first,2.035,0.0,0.6950810000000001,1.557,typed_neighbors,True
auto_derived_v0.2,tridb_live,0.0,0.0,17080.0,,10.0,stark_prime,0.0,0.0,2,False,10,4.307342,4.8873056,4.93885792,0.0,vector_first-a802c228be07,post,1,stark-prime-011,0.0,3,0.0,0.0,vector_first,1.868,0.0,0.8963420000000002,1.527,typed_neighbors,True
auto_derived_v0.2,tridb_live,0.0,0.0,17080.0,,50.0,stark_prime,0.0,0.0,1,False,50,3.079568,3.3486518000000003,3.37257036,0.0,vector_first-b3f469e3373a,during,1,stark-prime-011,0.0,3,0.0,0.0,vector_first,2.232,0.241,0.4985680000000001,0.108,typed_neighbors,True
auto_derived_v0.2,tridb_live,0.0,0.0,17080.0,,100.0,stark_prime,0.0,0.0,2,False,100,5.2015,5.246446,5.2504412,0.0,vector_first-b9cbe3a2c022,during,1,stark-prime-011,0.0,3,0.0,0.0,vector_first,2.239,0.395,0.8871609999999999,1.683,typed_neighbors,True
auto_derived_v0.2,tridb_live,0.0,0.0,17080.0,,1.0,stark_prime,0.0,0.0,1,False,1,2.353733,2.9777372,3.03320424,0.0,vector_first-c1efa57fb2c2,post,1,stark-prime-011,0.0,3,0.0,0.0,vector_first,1.775,0.0,0.47516500000000006,0.11,typed_neighbors,True
auto_derived_v0.2,tridb_live,0.0,0.0,17080.0,,20.0,stark_prime,0.0,0.0,2,False,20,4.660007,5.1661355,5.2111247,0.0,vector_first-c9c7dff0ae35,post,1,stark-prime-011,0.0,3,0.0,0.0,vector_first,2.377,0.0,0.7663719999999996,1.559,typed_neighbors,True
auto_derived_v0.2,tridb_live,0.0,0.0,17080.0,,20.0,stark_prime,0.0,0.0,1,False,20,2.20201,2.2735186,2.27987492,0.0,vector_first-ce905df43902,post,1,stark-prime-011,0.0,3,0.0,0.0,vector_first,1.597,0.0,0.48846400000000023,0.108,typed_neighbors,True
auto_derived_v0.2,tridb_live,0.0,0.0,17080.0,,8.0,stark_prime,0.0,0.0,2,True,8,4.09148,4.1157791,4.11793902,0.0,vector_first-ebaeb868fc9b,post,1,stark-prime-011,0.0,3,0.0,0.0,vector_first,1.84,0.0,0.7264789999999999,1.508,typed_neighbors,True
auto_derived_v0.2,tridb_live,0.0,0.0,17080.0,,5.0,stark_prime,0.0,0.0,1,False,5,2.735407,2.8787851,2.8915298199999997,0.0,vector_first-f0a58d413e0f,during,1,stark-prime-011,0.0,3,0.0,0.0,vector_first,1.978,0.107,0.5394069999999997,0.111,typed_neighbors,True
auto_derived_v0.2,tridb_live,0.0,0.0,17080.0,,50.0,stark_prime,0.0,0.0,1,False,50,54.275035,56.7509089,56.97098658,0.0,filter_first-03f67415e651,pre,1,stark-prime-012,0.0,3,0.0,0.0,filter_first,53.379,0.0,0.8480060000000051,0.082,typed_neighbors,True
auto_derived_v0.2,tridb_live,0.0,0.0,17080.0,,20.0,stark_prime,0.0,0.0,1,False,20,3.004634,4.8839735,5.0510259,0.0,filter_first-1cad3c1573b2,pre,1,stark-prime-012,0.0,3,0.0,0.0,filter_first,2.444,0.0,0.49690699999999977,0.053,typed_neighbors,True
auto_derived_v0.2,tridb_live,0.0,1.0,17080.0,,100.0,stark_prime,0.0,0.0,1,False,100,54.052904,54.6308813,54.68225706,0.0,filter_first-2387000dc3a8,pre,1,stark-prime-012,0.0,3,0.0,0.0,filter_first,53.04,0.0,0.8347399999999965,0.083,typed_neighbors,True
auto_derived_v0.2,tridb_live,0.0,1.0,17080.0,,100.0,stark_prime,0.0,0.0,2,False,100,55.728595,56.137762,56.1741324,0.0,filter_first-28ed17c208d7,pre,1,stark-prime-012,0.0,3,0.0,0.0,filter_first,53.82,0.0,1.0454390000000018,0.883,typed_neighbors,True
auto_derived_v0.2,tridb_live,0.0,0.0,17080.0,,50.0,stark_prime,0.0,0.0,2,False,50,55.560273,56.1953895,56.251844299999995,0.0,filter_first-2d01f654960c,pre,1,stark-prime-012,0.0,3,0.0,0.0,filter_first,53.831,0.0,1.0116329999999962,0.852,typed_neighbors,True
auto_derived_v0.2,tridb_live,0.0,0.0,17080.0,,1.0,stark_prime,0.0,0.0,2,False,1,2.418803,2.723966,2.7510916,0.0,filter_first-3a7f1025f729,pre,1,stark-prime-012,0.0,3,0.0,0.0,filter_first,1.175,0.0,0.513803,0.73,typed_neighbors,True
auto_derived_v0.2,tridb_live,0.0,0.0,17080.0,,20.0,stark_prime,0.0,0.0,2,False,20,3.619867,3.9705475,4.0017191,0.0,filter_first-46ec65dc7fea,pre,1,stark-prime-012,0.0,3,0.0,0.0,filter_first,2.033,0.0,0.697867,0.741,typed_neighbors,True
auto_derived_v0.2,tridb_live,0.0,0.0,17080.0,,10.0,stark_prime,0.0,0.0,1,False,10,1.514585,1.5780242,1.58366324,0.0,filter_first-8532bb36e741,pre,1,stark-prime-012,0.0,3,0.0,0.0,filter_first,1.01,0.0,0.454585,0.05,typed_neighbors,True
auto_derived_v0.2,tridb_live,0.0,0.0,17080.0,,5.0,stark_prime,0.0,0.0,1,False,5,1.650849,1.6780488,1.68046656,0.0,filter_first-8699218b4a03,pre,1,stark-prime-012,0.0,3,0.0,0.0,filter_first,1.106,0.0,0.4774339999999999,0.052,typed_neighbors,True
auto_derived_v0.2,tridb_live,0.0,0.0,17080.0,,10.0,stark_prime,0.0,0.0,2,False,10,2.295235,2.3227408,2.32518576,0.0,filter_first-88d1f0b4340a,pre,1,stark-prime-012,0.0,3,0.0,0.0,filter_first,1.028,0.0,0.5277970000000001,0.703,typed_neighbors,True
auto_derived_v0.2,tridb_live,0.0,0.0,17080.0,,5.0,stark_prime,0.0,0.0,2,False,5,2.315921,2.3434673,2.3459158600000003,0.0,filter_first-bb7c33f6d989,pre,1,stark-prime-012,0.0,3,0.0,0.0,filter_first,1.037,0.0,0.5279209999999999,0.72,typed_neighbors,True
auto_derived_v0.2,tridb_live,0.0,0.0,17080.0,,1.0,stark_prime,0.0,0.0,1,False,1,4.86334,4.9518523000000005,4.95972006,0.0,filter_first-ef43b60e2e3b,pre,1,stark-prime-012,0.0,3,0.0,0.0,filter_first,4.088,0.0,0.7163399999999998,0.059,typed_neighbors,True
auto_derived_v0.2,tridb_live,0.0,1.0,17080.0,,,stark_prime,0.0,0.0,1,False,1,0.634927,1.2460783,1.30040286,0.0,traverse_first-0e65f761853b,during,1,stark-prime-012,0.0,3,0.0,0.0,traverse_first,0.016,0.087,0.486927,0.046,typed_neighbors,True
auto_derived_v0.2,tridb_live,0.0,1.0,17080.0,,,stark_prime,0.0,0.0,2,False,1,3.879947,3.93122,3.9357776,0.0,traverse_first-1401f30333f9,post,1,stark-prime-012,0.0,3,0.0,0.0,traverse_first,0.024,2.456,0.7269170000000003,0.694,typed_neighbors,True
auto_derived_v0.2,tridb_live,0.0,6.0,17080.0,,,stark_prime,0.0,0.0,2,False,50,3.83727,3.9256383,3.93349326,0.16666666666666666,traverse_first-15df7fd20126,post,1,stark-prime-012,1.0,3,0.0,0.0,traverse_first,0.024,2.393,0.7442700000000002,0.688,typed_neighbors,True
auto_derived_v0.2,tridb_live,0.0,6.0,17080.0,,,stark_prime,0.0,0.0,1,False,50,0.562793,0.5713889,0.5721529799999999,0.16666666666666666,traverse_first-18e80c0b50a9,post,1,stark-prime-012,1.0,3,0.0,0.0,traverse_first,0.014,0.079,0.428793,0.039,typed_neighbors,True
auto_derived_v0.2,tridb_live,0.0,5.0,17080.0,,,stark_prime,0.0,0.0,1,False,5,0.619979,0.6740581999999999,0.6788652399999999,0.0,traverse_first-2ef9d31e2115,during,1,stark-prime-012,0.0,3,0.0,0.0,traverse_first,0.016,0.083,0.44297899999999996,0.042,typed_neighbors,True
auto_derived_v0.2,tridb_live,0.0,6.0,17080.0,,,stark_prime,0.0,0.0,1,False,100,0.57796,0.7227025,0.7355685000000001,0.16666666666666666,traverse_first-3161568b8481,during,1,stark-prime-012,1.0,3,0.0,0.0,traverse_first,0.015,0.082,0.43796,0.043,typed_neighbors,True
auto_derived_v0.2,tridb_live,0.0,6.0,17080.0,,,stark_prime,0.0,0.0,2,False,50,3.814791,3.8474277,3.85032874,0.16666666666666666,traverse_first-532feb3a2124,during,1,stark-prime-012,1.0,3,0.0,0.0,traverse_first,0.025,2.422,0.655116,0.706,typed_neighbors,True
auto_derived_v0.2,tridb_live,0.0,6.0,17080.0,,,stark_prime,0.0,0.0,2,False,10,3.747713,3.7861367,3.78955214,0.16666666666666666,traverse_first-5be44627d46d,post,1,stark-prime-012,1.0,3,0.0,0.0,traverse_first,0.025,2.36,0.677406,0.678,typed_neighbors,True
auto_derived_v0.2,tridb_live,0.0,6.0,17080.0,,,stark_prime,0.0,0.0,2,False,20,3.911021,3.9179024,3.91851408,0.16666666666666666,traverse_first-5dac164247a2,post,1,stark-prime-012,1.0,3,0.0,0.0,traverse_first,0.024,2.425,0.7570209999999999,0.689,typed_neighbors,True
auto_derived_v0.2,tridb_live,0.0,6.0,17080.0,,,stark_prime,0.0,0.0,2,False,100,3.778635,3.855873,3.8627386,0.16666666666666666,traverse_first-6c308678a8d4,post,1,stark-prime-012,1.0,3,0.0,0.0,traverse_first,0.023,2.347,0.7206350000000001,0.699,typed_neighbors,True
auto_derived_v0.2,tridb_live,0.0,6.0,17080.0,,,stark_prime,0.0,0.0,1,False,20,0.732029,0.7388032999999999,0.73940546,0.16666666666666666,traverse_first-6e5585f7fa7d,during,1,stark-prime-012,1.0,3,0.0,0.0,traverse_first,0.023,0.099,0.5150290000000001,0.047,typed_neighbors,True
auto_derived_v0.2,tridb_live,0.0,6.0,17080.0,,,stark_prime,0.0,0.0,2,False,100,3.894918,3.9519033,3.9569686600000002,0.16666666666666666,traverse_first-702b20668df6,during,1,stark-prime-012,1.0,3,0.0,0.0,traverse_first,0.024,2.527,0.6592350000000002,0.703,typed_neighbors,True
auto_derived_v0.2,tridb_live,0.0,6.0,17080.0,,,stark_prime,0.0,0.0,1,False,20,0.582844,0.5986201,0.6000224200000001,0.16666666666666666,traverse_first-76359c42693a,post,1,stark-prime-012,1.0,3,0.0,0.0,traverse_first,0.015,0.083,0.436373,0.042,typed_neighbors,True
auto_derived_v0.2,tridb_live,0.0,6.0,17080.0,,,stark_prime,0.0,0.0,1,False,10,0.551721,0.5547549,0.55502458,0.16666666666666666,traverse_first-7e45a5be9de9,post,1,stark-prime-012,1.0,3,0.0,0.0,traverse_first,0.015,0.078,0.420721,0.039,typed_neighbors,True
auto_derived_v0.2,tridb_live,0.0,6.0,17080.0,,,stark_prime,0.0,0.0,1,False,50,0.578332,0.6516432999999999,0.6581598599999999,0.16666666666666666,traverse_first-82c8aed23797,during,1,stark-prime-012,1.0,3,0.0,0.0,traverse_first,0.017,0.084,0.43733199999999994,0.042,typed_neighbors,True
auto_derived_v0.2,tridb_live,0.0,6.0,17080.0,,,stark_prime,0.0,0.0,1,False,10,0.627026,0.7159838,0.72389116,0.16666666666666666,traverse_first-8d055dcb7096,during,1,stark-prime-012,1.0,3,0.0,0.0,traverse_first,0.016,0.083,0.48902599999999996,0.04,typed_neighbors,True
auto_derived_v0.2,tridb_live,0.0,1.0,17080.0,,,stark_prime,0.0,0.0,2,False,1,3.851587,4.181287599999999,4.210594319999999,0.0,traverse_first-92d6d9491887,during,1,stark-prime-012,0.0,3,0.0,0.0,traverse_first,0.025,2.52,0.6225869999999998,0.678,typed_neighbors,True
auto_derived_v0.2,tridb_live,0.0,1.0,17080.0,,,stark_prime,0.0,0.0,1,False,1,0.589159,0.6002272,0.60121104,0.0,traverse_first-a6e5d14e469b,post,1,stark-prime-012,0.0,3,0.0,0.0,traverse_first,0.017,0.078,0.457159,0.038,typed_neighbors,True
auto_derived_v0.2,tridb_live,0.0,5.0,17080.0,,,stark_prime,0.0,0.0,2,False,5,3.679489,3.7847917,3.7941519400000003,0.0,traverse_first-b279d6126ea0,post,1,stark-prime-012,0.0,3,0.0,0.0,traverse_first,0.024,2.359,0.6164889999999996,0.68,typed_neighbors,True
auto_derived_v0.2,tridb_live,0.0,6.0,17080.0,,,stark_prime,0.0,0.0,1,False,100,0.558529,0.5588664999999999,0.5588964999999999,0.16666666666666666,traverse_first-c289b470b52c,post,1,stark-prime-012,1.0,3,0.0,0.0,traverse_first,0.016,0.08,0.42474,0.037,typed_neighbors,True
auto_derived_v0.2,tridb_live,0.0,5.0,17080.0,,,stark_prime,0.0,0.0,2,False,5,3.783631,3.8011405,3.8026969,0.0,traverse_first-cccdd3ed958f,during,1,stark-prime-012,0.0,3,0.0,0.0,traverse_first,0.024,2.421,0.611631,0.708,typed_neighbors,True
auto_derived_v0.2,tridb_live,0.0,6.0,17080.0,,,stark_prime,0.0,0.0,2,False,20,3.924001,4.2276934,4.25468828,0.16666666666666666,traverse_first-e4d7ef105a79,during,1,stark-prime-012,1.0,3,0.0,0.0,traverse_first,0.022,2.427,0.779001,0.692,typed_neighbors,True
auto_derived_v0.2,tridb_live,0.0,5.0,17080.0,,,stark_prime,0.0,0.0,1,False,5,0.552758,0.5871191,0.5901734200000001,0.0,traverse_first-f0fdb2bba196,post,1,stark-prime-012,0.0,3,0.0,0.0,traverse_first,0.016,0.078,0.42075799999999997,0.04,typed_neighbors,True
auto_derived_v0.2,tridb_live,0.0,6.0,17080.0,,,stark_prime,0.0,0.0,2,False,10,3.84167,3.888821,3.8930122000000003,0.16666666666666666,traverse_first-f9b36ac9da92,during,1,stark-prime-012,1.0,3,0.0,0.0,traverse_first,0.022,2.492,0.6345550000000002,0.706,typed_neighbors,True
auto_derived_v0.2,tridb_live,0.0,0.0,17080.0,,50.0,stark_prime,0.0,0.0,1,False,50,1.595183,1.6330262,1.63639004,0.0,vector_first-12e4b447491a,post,1,stark-prime-012,0.0,3,0.0,0.0,vector_first,1.075,0.0,0.4811829999999999,0.053,typed_neighbors,True
auto_derived_v0.2,tridb_live,0.0,0.0,17080.0,,50.0,stark_prime,0.0,0.0,2,False,50,2.615076,2.6323578000000003,2.63389396,0.0,vector_first-2670324e0bc6,during,1,stark-prime-012,0.0,3,0.0,0.0,vector_first,1.127,0.226,0.5202780000000002,0.759,typed_neighbors,True
auto_derived_v0.2,tridb_live,0.0,0.0,17080.0,,20.0,stark_prime,0.0,0.0,2,False,20,2.631078,2.6544266999999997,2.6565021399999997,0.0,vector_first-27d19d1f923e,during,1,stark-prime-012,0.0,3,0.0,0.0,vector_first,1.009,0.152,0.6010780000000002,0.784,typed_neighbors,True
auto_derived_v0.2,tridb_live,0.0,0.0,17080.0,,10.0,stark_prime,0.0,0.0,1,False,10,1.66812,1.69737,1.69997,0.0,vector_first-404f84e6a5f4,post,1,stark-prime-012,0.0,3,0.0,0.0,vector_first,1.093,0.0,0.47312,0.058,typed_neighbors,True
auto_derived_v0.2,tridb_live,0.0,0.0,17080.0,,20.0,stark_prime,0.0,0.0,1,False,20,1.961965,2.573191,2.6275222,0.0,vector_first-4c96de282a3c,during,1,stark-prime-012,0.0,3,0.0,0.0,vector_first,1.137,0.164,0.523965,0.062,typed_neighbors,True
auto_derived_v0.2,tridb_live,0.0,0.0,17080.0,,5.0,stark_prime,0.0,0.0,1,False,5,1.44596,1.4599955,1.4612431,0.0,vector_first-539cd672e6b6,post,1,stark-prime-012,0.0,3,0.0,0.0,vector_first,0.955,0.0,0.44055,0.051,typed_neighbors,True
auto_derived_v0.2,tridb_live,0.0,0.0,17080.0,,100.0,stark_prime,0.0,0.0,2,False,100,2.585575,2.9300311,2.9606494199999998,0.0,vector_first-736b83dff9a6,post,1,stark-prime-012,0.0,3,0.0,0.0,vector_first,1.246,0.0,0.568575,0.777,typed_neighbors,True
auto_derived_v0.2,tridb_live,0.0,0.0,17080.0,,5.0,stark_prime,0.0,0.0,2,False,5,2.33347,2.3579247999999997,2.36009856,0.0,vector_first-7462d459aaf5,during,1,stark-prime-012,0.0,3,0.0,0.0,vector_first,0.989,0.093,0.5136419999999999,0.737,typed_neighbors,True
auto_derived_v0.2,tridb_live,0.0,0.0,17080.0,,1.0,stark_prime,0.0,0.0,2,False,1,2.263078,2.2860883,2.2881336599999997,0.0,vector_first-79d7f13154dd,post,1,stark-prime-012,0.0,3,0.0,0.0,vector_first,1.002,0.0,0.519128,0.731,typed_neighbors,True
auto_derived_v0.2,tridb_live,0.0,0.0,17080.0,,1.0,stark_prime,0.0,0.0,2,False,1,1.411078,1.4175678999999999,1.41814478,0.0,vector_first-8735078935c5,during,1,stark-prime-012,0.0,3,0.0,0.0,vector_first,0.938,0.037,0.4360780000000001,0.0,typed_neighbors,True
auto_derived_v0.2,tridb_live,0.0,0.0,17080.0,,10.0,stark_prime,0.0,0.0,1,False,10,1.642886,1.6949177,1.69954274,0.0,vector_first-879c2f5ec6a7,during,1,stark-prime-012,0.0,3,0.0,0.0,vector_first,0.998,0.12,0.47388600000000003,0.051,typed_neighbors,True
auto_derived_v0.2,tridb_live,0.0,0.0,17080.0,,100.0,stark_prime,0.0,0.0,1,False,100,2.314845,2.5433397,2.56365034,0.0,vector_first-95fb2abe9f82,during,1,stark-prime-012,0.0,3,0.0,0.0,vector_first,1.329,0.373,0.5578450000000001,0.05,typed_neighbors,True
auto_derived_v0.2,tridb_live,0.0,0.0,17080.0,,100.0,stark_prime,0.0,0.0,1,False,100,1.878025,1.9127596,1.91584712,0.0,vector_first-9a76384ab2d2,post,1,stark-prime-012,0.0,3,0.0,0.0,vector_first,1.283,0.0,0.512025,0.054,typed_neighbors,True
auto_derived_v0.2,tridb_live,0.0,0.0,17080.0,,10.0,stark_prime,0.0,0.0,2,False,10,2.46862,2.4707917,2.47098474,0.0,vector_first-9e027ae921ee,during,1,stark-prime-012,0.0,3,0.0,0.0,vector_first,1.029,0.125,0.55162,0.719,typed_neighbors,True
auto_derived_v0.2,tridb_live,0.0,0.0,17080.0,,1.0,stark_prime,0.0,0.0,1,False,1,2.796838,2.917744,2.9284912,0.0,vector_first-9f2a495d4986,during,1,stark-prime-012,0.0,3,0.0,0.0,vector_first,2.025,0.038,0.499838,0.0,typed_neighbors,True
auto_derived_v0.2,tridb_live,0.0,0.0,17080.0,,5.0,stark_prime,0.0,0.0,2,False,5,2.29159,2.3298948999999998,2.33329978,0.0,vector_first-a5b8d6da0107,post,1,stark-prime-012,0.0,3,0.0,0.0,vector_first,1.088,0.0,0.5075899999999998,0.698,typed_neighbors,True
auto_derived_v0.2,tridb_live,0.0,0.0,17080.0,,50.0,stark_prime,0.0,0.0,2,False,50,2.496113,2.9328164,2.97163448,0.0,vector_first-a7431c3167bb,post,1,stark-prime-012,0.0,3,0.0,0.0,vector_first,1.149,0.0,0.6281129999999997,0.731,typed_neighbors,True
auto_derived_v0.2,tridb_live,0.0,0.0,17080.0,,10.0,stark_prime,0.0,0.0,2,False,10,2.209409,2.2456799,2.2489039799999997,0.0,vector_first-a802c228be07,post,1,stark-prime-012,0.0,3,0.0,0.0,vector_first,0.998,0.0,0.5148769999999998,0.707,typed_neighbors,True
auto_derived_v0.2,tridb_live,0.0,0.0,17080.0,,50.0,stark_prime,0.0,0.0,1,False,50,1.949994,2.2904874,2.32075348,0.0,vector_first-b3f469e3373a,during,1,stark-prime-012,0.0,3,0.0,0.0,vector_first,1.198,0.222,0.4789939999999999,0.051,typed_neighbors,True
auto_derived_v0.2,tridb_live,0.0,0.0,17080.0,,100.0,stark_prime,0.0,0.0,2,False,100,2.986929,3.3484761,3.38061362,0.0,vector_first-b9cbe3a2c022,during,1,stark-prime-012,0.0,3,0.0,0.0,vector_first,1.279,0.359,0.5769289999999998,0.781,typed_neighbors,True
auto_derived_v0.2,tridb_live,0.0,0.0,17080.0,,1.0,stark_prime,0.0,0.0,1,False,1,1.516666,1.6443615999999999,1.65571232,0.0,vector_first-c1efa57fb2c2,post,1,stark-prime-012,0.0,3,0.0,0.0,vector_first,1.009,0.0,0.4556660000000001,0.052,typed_neighbors,True
auto_derived_v0.2,tridb_live,0.0,0.0,17080.0,,20.0,stark_prime,0.0,0.0,2,False,20,2.376096,2.4115425000000004,2.4146933,0.0,vector_first-c9c7dff0ae35,post,1,stark-prime-012,0.0,3,0.0,0.0,vector_first,1.075,0.0,0.5484810000000002,0.717,typed_neighbors,True
auto_derived_v0.2,tridb_live,0.0,0.0,17080.0,,20.0,stark_prime,0.0,0.0,1,False,20,1.497989,1.7335073,1.75444226,0.0,vector_first-ce905df43902,post,1,stark-prime-012,0.0,3,0.0,0.0,vector_first,0.991,0.0,0.4569890000000001,0.05,typed_neighbors,True
auto_derived_v0.2,tridb_live,0.0,0.0,17080.0,,8.0,stark_prime,0.0,0.0,2,True,8,2.283785,2.3367725,2.3414825,0.0,vector_first-ebaeb868fc9b,post,1,stark-prime-012,0.0,3,0.0,0.0,vector_first,1.027,0.0,0.5306599999999999,0.709,typed_neighbors,True
auto_derived_v0.2,tridb_live,0.0,0.0,17080.0,,5.0,stark_prime,0.0,0.0,1,False,5,1.65025,1.8320932,1.84825704,0.0,vector_first-f0a58d413e0f,during,1,stark-prime-012,0.0,3,0.0,0.0,vector_first,1.046,0.092,0.46867400000000004,0.052,typed_neighbors,True
auto_derived_v0.2,tridb_live,0.0,5.0,7957.0,,50.0,stark_prime,0.0,0.0,1,False,50,25.832544,25.9161378,25.92356836,0.0,filter_first-03f67415e651,pre,1,stark-prime-013,0.0,3,0.0,0.0,filter_first,24.506,0.0,0.8245439999999995,0.469,typed_neighbors,True
auto_derived_v0.2,tridb_live,0.0,3.0,7957.0,,20.0,stark_prime,0.0,0.0,1,False,20,26.531488,27.85195,27.969324399999998,0.0,filter_first-1cad3c1573b2,pre,1,stark-prime-013,0.0,3,0.0,0.0,filter_first,24.95,0.0,1.1204879999999982,0.461,typed_neighbors,True
auto_derived_v0.2,tridb_live,0.0,8.0,7957.0,,100.0,stark_prime,0.0,0.0,1,False,100,26.900888,26.9595491,26.96476342,0.0,filter_first-2387000dc3a8,pre,1,stark-prime-013,0.0,3,0.0,0.0,filter_first,25.275,0.0,1.1038879999999978,0.509,typed_neighbors,True
auto_derived_v0.2,tridb_live,0.0,20.0,7957.0,,100.0,stark_prime,0.0,0.0,2,False,100,39.794796,40.2302412,40.26894744,0.0,filter_first-28ed17c208d7,pre,1,stark-prime-013,0.0,3,0.0,0.0,filter_first,25.304,0.0,1.658303999999994,12.828,typed_neighbors,True
auto_derived_v0.2,tridb_live,0.0,20.0,7957.0,,50.0,stark_prime,0.0,0.0,2,False,50,41.441394,42.1392855,42.2013203,0.0,filter_first-2d01f654960c,pre,1,stark-prime-013,0.0,3,0.0,0.0,filter_first,26.405,0.0,1.9148289999999974,12.686,typed_neighbors,True
auto_derived_v0.2,tridb_live,0.0,0.0,7957.0,,1.0,stark_prime,0.0,0.0,2,False,1,16.041061,16.7473936,16.81017872,0.0,filter_first-3a7f1025f729,pre,1,stark-prime-013,0.0,3,0.0,0.0,filter_first,1.905,0.0,1.609229000000001,12.358,typed_neighbors,True
auto_derived_v0.2,tridb_live,0.0,14.0,7957.0,,20.0,stark_prime,0.0,0.0,2,False,20,38.649067,38.705821,38.7108658,0.0,filter_first-46ec65dc7fea,pre,1,stark-prime-013,0.0,3,0.0,0.0,filter_first,24.612,0.0,1.6185639999999992,12.451,typed_neighbors,True
auto_derived_v0.2,tridb_live,0.0,1.0,7957.0,,10.0,stark_prime,0.0,0.0,1,False,10,26.228287,31.5879013,32.06431146,0.0,filter_first-8532bb36e741,pre,1,stark-prime-013,0.0,3,0.0,0.0,filter_first,24.794,0.0,0.8904139999999998,0.446,typed_neighbors,True
auto_derived_v0.2,tridb_live,0.0,0.0,7957.0,,5.0,stark_prime,0.0,0.0,1,False,5,4.432353,7.280672999999999,7.533856999999999,0.0,filter_first-8699218b4a03,pre,1,stark-prime-013,0.0,3,0.0,0.0,filter_first,3.141,0.0,0.8571529999999994,0.411,typed_neighbors,True
auto_derived_v0.2,tridb_live,0.0,6.0,7957.0,,10.0,stark_prime,0.0,0.0,2,False,10,39.096173,39.209707099999996,39.219799019999996,0.0,filter_first-88d1f0b4340a,pre,1,stark-prime-013,0.0,3,0.0,0.0,filter_first,24.845,0.0,1.7653219999999976,12.458,typed_neighbors,True
auto_derived_v0.2,tridb_live,0.0,1.0,7957.0,,5.0,stark_prime,0.0,0.0,2,False,5,18.820372,18.8946121,18.90121122,0.0,filter_first-bb7c33f6d989,pre,1,stark-prime-013,0.0,3,0.0,0.0,filter_first,3.301,0.0,2.0708610000000007,12.631,typed_neighbors,True
auto_derived_v0.2,tridb_live,0.0,0.0,7957.0,,1.0,stark_prime,0.0,0.0,1,False,1,2.868338,6.298984099999999,6.60393042,0.0,filter_first-ef43b60e2e3b,pre,1,stark-prime-013,0.0,3,0.0,0.0,filter_first,1.783,0.0,0.6843379999999999,0.401,typed_neighbors,True
auto_derived_v0.2,tridb_live,0.0,1.0,7957.0,,,stark_prime,0.0,0.0,1,False,1,5.282839,5.5245052,5.545986640000001,0.0,traverse_first-0e65f761853b,during,1,stark-prime-013,0.0,3,0.0,0.0,traverse_first,1.943,1.835,0.8493570000000004,0.431,typed_neighbors,True
auto_derived_v0.2,tridb_live,0.0,1.0,7957.0,,,stark_prime,0.0,0.0,2,False,1,42.456156,42.5484843,42.55669126,0.0,traverse_first-1401f30333f9,post,1,stark-prime-013,0.0,3,0.0,0.0,traverse_first,14.056,12.673,2.5726280000000017,13.058,typed_neighbors,True
auto_derived_v0.2,tridb_live,0.0,20.0,7957.0,,,stark_prime,0.0,0.0,2,False,50,42.806091,42.8472849,42.85094658,0.0,traverse_first-15df7fd20126,post,1,stark-prime-013,0.0,3,0.0,0.0,traverse_first,14.161,12.672,2.7278619999999947,13.173,typed_neighbors,True
auto_derived_v0.2,tridb_live,0.0,20.0,7957.0,,,stark_prime,0.0,0.0,1,False,50,4.358379,4.5151635,4.5290999,0.0,traverse_first-18e80c0b50a9,post,1,stark-prime-013,0.0,3,0.0,0.0,traverse_first,1.569,1.692,0.6513790000000004,0.442,typed_neighbors,True
auto_derived_v0.2,tridb_live,0.0,5.0,7957.0,,,stark_prime,0.0,0.0,1,False,5,5.329495,5.3773372,5.38158984,0.0,traverse_first-2ef9d31e2115,during,1,stark-prime-013,0.0,3,0.0,0.0,traverse_first,1.926,1.806,0.9374949999999993,0.453,typed_neighbors,True
auto_derived_v0.2,tridb_live,0.0,20.0,7957.0,,,stark_prime,0.0,0.0,1,False,100,5.315771,5.4805114999999995,5.4951551,0.0,traverse_first-3161568b8481,during,1,stark-prime-013,0.0,3,0.0,0.0,traverse_first,1.95,1.826,1.0468159999999997,0.461,typed_neighbors,True
auto_derived_v0.2,tridb_live,0.0,20.0,7957.0,,,stark_prime,0.0,0.0,2,False,50,42.395002,42.5740111,42.58992302,0.0,traverse_first-532feb3a2124,during,1,stark-prime-013,0.0,3,0.0,0.0,traverse_first,14.146,12.641,2.628900999999999,13.022,typed_neighbors,True
auto_derived_v0.2,tridb_live,0.0,10.0,7957.0,,,stark_prime,0.0,0.0,2,False,10,43.541397,44.7244641,44.82962562,0.0,traverse_first-5be44627d46d,post,1,stark-prime-013,0.0,3,0.0,0.0,traverse_first,14.294,12.851,3.229397000000006,13.167,typed_neighbors,True
auto_derived_v0.2,tridb_live,0.0,20.0,7957.0,,,stark_prime,0.0,0.0,2,False,20,43.423177,44.1175108,44.17922936,0.0,traverse_first-5dac164247a2,post,1,stark-prime-013,0.0,3,0.0,0.0,traverse_first,14.393,12.97,2.861177000000005,13.199,typed_neighbors,True
auto_derived_v0.2,tridb_live,0.0,20.0,7957.0,,,stark_prime,0.0,0.0,2,False,100,43.270765,44.3542093,44.45051546,0.0,traverse_first-6c308678a8d4,post,1,stark-prime-013,0.0,3,0.0,0.0,traverse_first,14.396,12.945,2.5817010000000025,13.383,typed_neighbors,True
auto_derived_v0.2,tridb_live,0.0,20.0,7957.0,,,stark_prime,0.0,0.0,1,False,20,4.930643,5.307338,5.340821999999999,0.0,traverse_first-6e5585f7fa7d,during,1,stark-prime-013,0.0,3,0.0,0.0,traverse_first,1.929,1.808,0.8327760000000004,0.442,typed_neighbors,True
auto_derived_v0.2,tridb_live,0.0,20.0,7957.0,,,stark_prime,0.0,0.0,2,False,100,42.634271,42.6431603,42.64395046,0.0,traverse_first-702b20668df6,during,1,stark-prime-013,0.0,3,0.0,0.0,traverse_first,14.139,12.761,2.560147999999998,13.156,typed_neighbors,True
auto_derived_v0.2,tridb_live,0.0,20.0,7957.0,,,stark_prime,0.0,0.0,1,False,20,4.417745,4.4887019,4.495009179999999,0.0,traverse_first-76359c42693a,post,1,stark-prime-013,0.0,3,0.0,0.0,traverse_first,1.575,1.729,0.6987450000000002,0.432,typed_neighbors,True
auto_derived_v0.2,tridb_live,0.0,10.0,7957.0,,,stark_prime,0.0,0.0,1,False,10,4.386769,4.4209501,4.42398842,0.0,traverse_first-7e45a5be9de9,post,1,stark-prime-013,0.0,3,0.0,0.0,traverse_first,1.546,1.689,0.6527480000000003,0.444,typed_neighbors,True
auto_derived_v0.2,tridb_live,0.0,20.0,7957.0,,,stark_prime,0.0,0.0,1,False,50,4.825893,5.9843604,6.08733528,0.0,traverse_first-82c8aed23797,during,1,stark-prime-013,0.0,3,0.0,0.0,traverse_first,1.926,1.795,0.8656059999999997,0.452,typed_neighbors,True
auto_derived_v0.2,tridb_live,0.0,10.0,7957.0,,,stark_prime,0.0,0.0,1,False,10,5.195874,5.3395041,5.35227122,0.0,traverse_first-8d055dcb7096,during,1,stark-prime-013,0.0,3,0.0,0.0,traverse_first,1.937,1.832,0.918463,0.434,typed_neighbors,True
auto_derived_v0.2,tridb_live,0.0,1.0,7957.0,,,stark_prime,0.0,0.0,2,False,1,42.818861,54.794561599999994,55.85906832,0.0,traverse_first-92d6d9491887,during,1,stark-prime-013,0.0,3,0.0,0.0,traverse_first,14.338,12.729,2.6078609999999998,13.093,typed_neighbors,True
auto_derived_v0.2,tridb_live,0.0,1.0,7957.0,,,stark_prime,0.0,0.0,1,False,1,4.49383,5.049042699999999,5.0983949399999995,0.0,traverse_first-a6e5d14e469b,post,1,stark-prime-013,0.0,3,0.0,0.0,traverse_first,1.631,1.725,0.7088299999999998,0.432,typed_neighbors,True
auto_derived_v0.2,tridb_live,0.0,5.0,7957.0,,,stark_prime,0.0,0.0,2,False,5,42.023074,42.0881944,42.09398288,0.0,traverse_first-b279d6126ea0,post,1,stark-prime-013,0.0,3,0.0,0.0,traverse_first,14.043,12.591,2.4840640000000036,12.839,typed_neighbors,True
auto_derived_v0.2,tridb_live,0.0,20.0,7957.0,,,stark_prime,0.0,0.0,1,False,100,4.652231,4.9532657,4.98002434,0.0,traverse_first-c289b470b52c,post,1,stark-prime-013,0.0,3,0.0,0.0,traverse_first,1.621,1.738,0.8742309999999995,0.466,typed_neighbors,True
auto_derived_v0.2,tridb_live,0.0,5.0,7957.0,,,stark_prime,0.0,0.0,2,False,5,42.379598,42.4479458,42.454021159999996,0.0,traverse_first-cccdd3ed958f,during,1,stark-prime-013,0.0,3,0.0,0.0,traverse_first,14.012,12.685,2.679715999999999,12.903,typed_neighbors,True
auto_derived_v0.2,tridb_live,0.0,20.0,7957.0,,,stark_prime,0.0,0.0,2,False,20,43.245565,43.5116248,43.53527456,0.0,traverse_first-e4d7ef105a79,during,1,stark-prime-013,0.0,3,0.0,0.0,traverse_first,14.462,12.942,2.675665000000002,13.263,typed_neighbors,True
auto_derived_v0.2,tridb_live,0.0,5.0,7957.0,,,stark_prime,0.0,0.0,1,False,5,4.487961,4.6762869,4.69302698,0.0,traverse_first-f0fdb2bba196,post,1,stark-prime-013,0.0,3,0.0,0.0,traverse_first,1.599,1.706,0.7579610000000003,0.43,typed_neighbors,True
auto_derived_v0.2,tridb_live,0.0,10.0,7957.0,,,stark_prime,0.0,0.0,2,False,10,42.421016,42.731560099999996,42.75916402,0.0,traverse_first-f9b36ac9da92,during,1,stark-prime-013,0.0,3,0.0,0.0,traverse_first,14.085,12.594,2.5380400000000023,13.017,typed_neighbors,True
auto_derived_v0.2,tridb_live,0.0,0.0,7957.0,,50.0,stark_prime,0.0,0.0,1,False,50,2.20516,2.3918559999999998,2.4084512,0.0,vector_first-12e4b447491a,post,1,stark-prime-013,0.0,3,0.0,0.0,vector_first,1.296,0.0,0.5001599999999997,0.409,typed_neighbors,True
auto_derived_v0.2,tridb_live,0.0,1.0,7957.0,,50.0,stark_prime,0.0,0.0,2,False,50,15.940224,16.931943899999997,17.02009678,0.0,vector_first-2670324e0bc6,during,1,stark-prime-013,0.0,3,0.0,0.0,vector_first,2.13,0.272,1.3063010000000013,12.446,typed_neighbors,True
auto_derived_v0.2,tridb_live,0.0,1.0,7957.0,,20.0,stark_prime,0.0,0.0,2,False,20,16.236217,17.078680900000002,17.153566580000003,0.0,vector_first-27d19d1f923e,during,1,stark-prime-013,0.0,3,0.0,0.0,vector_first,2.391,0.171,1.4632170000000002,12.295,typed_neighbors,True
auto_derived_v0.2,tridb_live,0.0,0.0,7957.0,,10.0,stark_prime,0.0,0.0,1,False,10,2.067971,2.1290081,2.1344336200000003,0.0,vector_first-404f84e6a5f4,post,1,stark-prime-013,0.0,3,0.0,0.0,vector_first,1.108,0.0,0.51979,0.404,typed_neighbors,True
auto_derived_v0.2,tridb_live,0.0,0.0,7957.0,,20.0,stark_prime,0.0,0.0,1,False,20,2.918966,3.6506552,3.71569424,0.0,vector_first-4c96de282a3c,during,1,stark-prime-013,0.0,3,0.0,0.0,vector_first,1.832,0.152,0.6744840000000001,0.396,typed_neighbors,True
auto_derived_v0.2,tridb_live,0.0,0.0,7957.0,,5.0,stark_prime,0.0,0.0,1,False,5,1.924384,1.9276411,1.92793062,0.0,vector_first-539cd672e6b6,post,1,stark-prime-013,0.0,3,0.0,0.0,vector_first,1.006,0.0,0.5023840000000002,0.422,typed_neighbors,True
auto_derived_v0.2,tridb_live,0.0,1.0,7957.0,,100.0,stark_prime,0.0,0.0,2,False,100,16.594188,17.7584586,17.86194932,0.0,vector_first-736b83dff9a6,post,1,stark-prime-013,0.0,3,0.0,0.0,vector_first,2.528,0.063,1.4631879999999988,12.586,typed_neighbors,True
auto_derived_v0.2,tridb_live,0.0,0.0,7957.0,,5.0,stark_prime,0.0,0.0,2,False,5,1.506102,1.5570267,1.5615533400000001,0.0,vector_first-7462d459aaf5,during,1,stark-prime-013,0.0,3,0.0,0.0,vector_first,0.984,0.09,0.4361919999999999,0.0,typed_neighbors,True
auto_derived_v0.2,tridb_live,0.0,0.0,7957.0,,1.0,stark_prime,0.0,0.0,2,False,1,15.827065,15.9163522,15.924288840000001,0.0,vector_first-79d7f13154dd,post,1,stark-prime-013,0.0,3,0.0,0.0,vector_first,1.868,0.0,1.3422730000000005,12.35,typed_neighbors,True
auto_derived_v0.2,tridb_live,0.0,0.0,7957.0,,1.0,stark_prime,0.0,0.0,2,False,1,1.419933,1.4897954999999998,1.4960054999999999,0.0,vector_first-8735078935c5,during,1,stark-prime-013,0.0,3,0.0,0.0,vector_first,0.942,0.039,0.4389329999999999,0.0,typed_neighbors,True
auto_derived_v0.2,tridb_live,0.0,0.0,7957.0,,10.0,stark_prime,0.0,0.0,1,False,10,3.055358,3.6133256,3.66292272,0.0,vector_first-879c2f5ec6a7,during,1,stark-prime-013,0.0,3,0.0,0.0,vector_first,1.847,0.131,0.656358,0.421,typed_neighbors,True
auto_derived_v0.2,tridb_live,0.0,0.0,7957.0,,100.0,stark_prime,0.0,0.0,1,False,100,3.763761,4.3504602,4.40261124,0.0,vector_first-95fb2abe9f82,during,1,stark-prime-013,0.0,3,0.0,0.0,vector_first,2.294,0.403,0.6467610000000001,0.431,typed_neighbors,True
auto_derived_v0.2,tridb_live,0.0,0.0,7957.0,,100.0,stark_prime,0.0,0.0,1,False,100,2.910647,2.9689067,2.97408534,0.0,vector_first-9a76384ab2d2,post,1,stark-prime-013,0.0,3,0.0,0.0,vector_first,1.729,0.0,0.7438540000000002,0.435,typed_neighbors,True
auto_derived_v0.2,tridb_live,0.0,0.0,7957.0,,10.0,stark_prime,0.0,0.0,2,False,10,16.154457,16.4961204,16.52649048,0.0,vector_first-9e027ae921ee,during,1,stark-prime-013,0.0,3,0.0,0.0,vector_first,2.003,0.139,1.6744570000000003,12.336,typed_neighbors,True
auto_derived_v0.2,tridb_live,0.0,0.0,7957.0,,1.0,stark_prime,0.0,0.0,1,False,1,2.656634,2.8536107,2.87111974,0.0,vector_first-9f2a495d4986,during,1,stark-prime-013,0.0,3,0.0,0.0,vector_first,1.943,0.045,0.6024970000000001,0.0,typed_neighbors,True
auto_derived_v0.2,tridb_live,0.0,0.0,7957.0,,5.0,stark_prime,0.0,0.0,2,False,5,15.582951,16.9543791,17.07628382,0.0,vector_first-a5b8d6da0107,post,1,stark-prime-013,0.0,3,0.0,0.0,vector_first,1.882,0.0,1.2749509999999997,12.452,typed_neighbors,True
auto_derived_v0.2,tridb_live,0.0,1.0,7957.0,,50.0,stark_prime,0.0,0.0,2,False,50,16.611278,17.507700500000002,17.5873825,0.0,vector_first-a7431c3167bb,post,1,stark-prime-013,0.0,3,0.0,0.0,vector_first,2.414,0.071,1.5952779999999986,12.444,typed_neighbors,True
auto_derived_v0.2,tridb_live,0.0,0.0,7957.0,,10.0,stark_prime,0.0,0.0,2,False,10,16.224153,16.2695409,16.27357538,0.0,vector_first-a802c228be07,post,1,stark-prime-013,0.0,3,0.0,0.0,vector_first,2.069,0.0,1.605564000000001,12.29,typed_neighbors,True
auto_derived_v0.2,tridb_live,0.0,0.0,7957.0,,50.0,stark_prime,0.0,0.0,1,False,50,3.682371,4.5574536,4.635238719999999,0.0,vector_first-b3f469e3373a,during,1,stark-prime-013,0.0,3,0.0,0.0,vector_first,2.005,0.264,0.8673709999999999,0.433,typed_neighbors,True
auto_derived_v0.2,tridb_live,0.0,1.0,7957.0,,100.0,stark_prime,0.0,0.0,2,False,100,16.752357,17.118344699999998,17.15087694,0.0,vector_first-b9cbe3a2c022,during,1,stark-prime-013,0.0,3,0.0,0.0,vector_first,2.557,0.433,1.4934279999999998,12.604,typed_neighbors,True
auto_derived_v0.2,tridb_live,0.0,0.0,7957.0,,1.0,stark_prime,0.0,0.0,1,False,1,2.030392,2.069632,2.07312,0.0,vector_first-c1efa57fb2c2,post,1,stark-prime-013,0.0,3,0.0,0.0,vector_first,1.092,0.0,0.505992,0.432,typed_neighbors,True
auto_derived_v0.2,tridb_live,0.0,1.0,7957.0,,20.0,stark_prime,0.0,0.0,2,False,20,16.220788,16.50778,16.5332904,0.0,vector_first-c9c7dff0ae35,post,1,stark-prime-013,0.0,3,0.0,0.0,vector_first,2.091,0.065,1.6637879999999985,12.38,typed_neighbors,True
auto_derived_v0.2,tridb_live,0.0,0.0,7957.0,,20.0,stark_prime,0.0,0.0,1,False,20,2.432747,2.6418629,2.66045098,0.0,vector_first-ce905df43902,post,1,stark-prime-013,0.0,3,0.0,0.0,vector_first,1.372,0.0,0.642747,0.402,typed_neighbors,True
auto_derived_v0.2,tridb_live,0.0,0.0,7957.0,,8.0,stark_prime,0.0,0.0,2,True,8,15.750428,16.4902307,16.55599094,0.0,vector_first-ebaeb868fc9b,post,1,stark-prime-013,0.0,3,0.0,0.0,vector_first,2.021,0.0,1.3724279999999993,12.326,typed_neighbors,True
auto_derived_v0.2,tridb_live,0.0,0.0,7957.0,,5.0,stark_prime,0.0,0.0,1,False,5,2.297725,2.8879422999999997,2.94040606,0.0,vector_first-f0a58d413e0f,during,1,stark-prime-013,0.0,3,0.0,0.0,vector_first,1.713,0.094,0.49072499999999986,0.0,typed_neighbors,True
auto_derived_v0.2,tridb_live,0.0,4.0,27671.0,,50.0,stark_prime,1.0,1.0,1,False,50,6.048322,8.8471015,9.0958819,1.0,filter_first-03f67415e651,pre,1,stark-prime-014,1.0,3,0.0,0.0,filter_first,4.796,0.0,0.911035,0.337,typed_neighbors,True
auto_derived_v0.2,tridb_live,0.0,2.0,27671.0,,20.0,stark_prime,1.0,1.0,1,False,20,4.259444,5.787929299999999,5.9237946599999995,1.0,filter_first-1cad3c1573b2,pre,1,stark-prime-014,1.0,3,0.0,0.0,filter_first,3.295,0.0,0.6437609999999996,0.309,typed_neighbors,True
auto_derived_v0.2,tridb_live,0.0,7.0,27671.0,,100.0,stark_prime,1.0,1.0,1,False,100,108.963453,111.2143908,111.41447416,1.0,filter_first-2387000dc3a8,pre,1,stark-prime-014,1.0,3,0.0,0.0,filter_first,107.597,0.0,0.9624529999999965,0.404,typed_neighbors,True
auto_derived_v0.2,tridb_live,0.0,20.0,27671.0,,100.0,stark_prime,0.0,1.0,2,False,100,137.679233,140.18358560000001,140.40619472,0.3333333333333333,filter_first-28ed17c208d7,pre,1,stark-prime-014,1.0,3,0.0,0.0,filter_first,106.956,0.0,5.0038470000000075,26.025,typed_neighbors,True
auto_derived_v0.2,tridb_live,0.0,20.0,27671.0,,50.0,stark_prime,0.0,1.0,2,False,50,32.859391,33.129751,33.153783,0.3333333333333333,filter_first-2d01f654960c,pre,1,stark-prime-014,1.0,3,0.0,0.0,filter_first,5.263,0.0,4.611292999999996,23.298,typed_neighbors,True
auto_derived_v0.2,tridb_live,0.0,1.0,27671.0,,1.0,stark_prime,0.0,0.0,2,False,1,2.703836,2.8220519,2.83255998,0.0,filter_first-3a7f1025f729,pre,1,stark-prime-014,0.0,3,0.0,0.0,filter_first,0.65,0.0,0.6318359999999998,1.422,typed_neighbors,True
auto_derived_v0.2,tridb_live,0.0,17.0,27671.0,,20.0,stark_prime,0.0,1.0,2,False,20,30.835535,31.095428,31.1185296,0.3333333333333333,filter_first-46ec65dc7fea,pre,1,stark-prime-014,1.0,3,0.0,0.0,filter_first,3.367,0.0,4.731535000000001,22.737,typed_neighbors,True
auto_derived_v0.2,tridb_live,0.0,1.0,27671.0,,10.0,stark_prime,1.0,1.0,1,False,10,3.297735,4.8227589,4.95831658,1.0,filter_first-8532bb36e741,pre,1,stark-prime-014,1.0,3,0.0,0.0,filter_first,2.196,0.0,0.6272060000000002,0.303,typed_neighbors,True
auto_derived_v0.2,tridb_live,0.0,1.0,27671.0,,5.0,stark_prime,1.0,1.0,1,False,5,1.431411,1.5642753,1.57608546,1.0,filter_first-8699218b4a03,pre,1,stark-prime-014,1.0,3,0.0,0.0,filter_first,0.668,0.0,0.49041100000000004,0.276,typed_neighbors,True
auto_derived_v0.2,tridb_live,0.0,8.0,27671.0,,10.0,stark_prime,0.0,1.0,2,False,10,28.747313,29.5106471,29.578499020000002,0.3333333333333333,filter_first-88d1f0b4340a,pre,1,stark-prime-014,1.0,3,0.0,0.0,filter_first,2.332,0.0,4.161462,22.61,typed_neighbors,True
auto_derived_v0.2,tridb_live,0.0,4.0,27671.0,,5.0,stark_prime,0.0,1.0,2,False,5,23.882811,27.7044423,28.04414286,0.3333333333333333,filter_first-bb7c33f6d989,pre,1,stark-prime-014,1.0,3,0.0,0.0,filter_first,1.238,0.0,4.105067999999999,19.428,typed_neighbors,True
auto_derived_v0.2,tridb_live,0.0,0.0,27671.0,,1.0,stark_prime,0.0,0.0,1,False,1,2.210945,3.0414101000000002,3.1152292200000002,0.0,filter_first-ef43b60e2e3b,pre,1,stark-prime-014,0.0,3,0.0,0.0,filter_first,1.174,0.0,0.7469450000000002,0.29,typed_neighbors,True
auto_derived_v0.2,tridb_live,0.0,1.0,27671.0,,,stark_prime,1.0,1.0,1,False,1,3.98339,5.6769856999999995,5.82752754,1.0,traverse_first-0e65f761853b,during,1,stark-prime-014,1.0,3,0.0,0.0,traverse_first,1.517,1.477,0.66839,0.321,typed_neighbors,True
auto_derived_v0.2,tridb_live,0.0,1.0,27671.0,,,stark_prime,0.0,0.0,2,False,1,164.26037,167.3732774,167.64998028,0.0,traverse_first-1401f30333f9,post,1,stark-prime-014,0.0,3,0.0,0.0,traverse_first,73.653,60.956,10.814940000000007,19.179,typed_neighbors,True
auto_derived_v0.2,tridb_live,0.0,20.0,27671.0,,,stark_prime,0.0,1.0,2,False,50,160.320313,160.5611692,160.58257864,0.3333333333333333,traverse_first-15df7fd20126,post,1,stark-prime-014,1.0,3,0.0,0.0,traverse_first,71.687,58.891,11.00094900000002,18.72,typed_neighbors,True
auto_derived_v0.2,tridb_live,0.0,20.0,27671.0,,,stark_prime,1.0,1.0,1,False,50,3.575907,3.6162459,3.61983158,1.0,traverse_first-18e80c0b50a9,post,1,stark-prime-014,1.0,3,0.0,0.0,traverse_first,1.111,1.279,0.884128,0.306,typed_neighbors,True
auto_derived_v0.2,tridb_live,0.0,5.0,27671.0,,,stark_prime,1.0,1.0,1,False,5,4.19646,4.4585517,4.48184874,1.0,traverse_first-2ef9d31e2115,during,1,stark-prime-014,1.0,3,0.0,0.0,traverse_first,1.428,1.391,1.008673,0.311,typed_neighbors,True
auto_derived_v0.2,tridb_live,0.0,20.0,27671.0,,,stark_prime,1.0,1.0,1,False,100,3.839005,4.5962632,4.6635750400000004,1.0,traverse_first-3161568b8481,during,1,stark-prime-014,1.0,3,0.0,0.0,traverse_first,1.447,1.401,0.6610049999999998,0.34,typed_neighbors,True
auto_derived_v0.2,tridb_live,0.0,20.0,27671.0,,,stark_prime,0.0,1.0,2,False,50,158.467176,158.4877797,158.48961114,0.3333333333333333,traverse_first-532feb3a2124,during,1,stark-prime-014,1.0,3,0.0,0.0,traverse_first,70.847,58.44,10.24106900000001,18.616,typed_neighbors,True
auto_derived_v0.2,tridb_live,0.0,10.0,27671.0,,,stark_prime,0.0,1.0,2,False,10,164.915705,206.2807949,209.95769178,0.3333333333333333,traverse_first-5be44627d46d,post,1,stark-prime-014,1.0,3,0.0,0.0,traverse_first,73.825,60.506,11.35370499999999,19.231,typed_neighbors,True
auto_derived_v0.2,tridb_live,0.0,20.0,27671.0,,,stark_prime,0.0,1.0,2,False,20,160.177943,161.08271839999998,161.16314287999998,0.3333333333333333,traverse_first-5dac164247a2,post,1,stark-prime-014,1.0,3,0.0,0.0,traverse_first,71.734,59.105,10.030248999999998,18.827,typed_neighbors,True
auto_derived_v0.2,tridb_live,0.0,20.0,27671.0,,,stark_prime,0.0,1.0,2,False,100,162.78813,162.9445149,162.95841578,0.3333333333333333,traverse_first-6c308678a8d4,post,1,stark-prime-014,1.0,3,0.0,0.0,traverse_first,72.497,59.912,11.351129999999984,19.028,typed_neighbors,True
auto_derived_v0.2,tridb_live,0.0,20.0,27671.0,,,stark_prime,1.0,1.0,1,False,20,3.869138,4.4644601,4.5173776199999995,1.0,traverse_first-6e5585f7fa7d,during,1,stark-prime-014,1.0,3,0.0,0.0,traverse_first,1.441,1.404,0.7051379999999998,0.319,typed_neighbors,True
auto_derived_v0.2,tridb_live,0.0,20.0,27671.0,,,stark_prime,0.0,1.0,2,False,100,163.314108,163.6849647,163.71792974,0.3333333333333333,traverse_first-702b20668df6,during,1,stark-prime-014,1.0,3,0.0,0.0,traverse_first,72.581,59.924,10.889508000000006,18.9,typed_neighbors,True
auto_derived_v0.2,tridb_live,0.0,20.0,27671.0,,,stark_prime,1.0,1.0,1,False,20,3.368999,3.528128,3.5422728,1.0,traverse_first-76359c42693a,post,1,stark-prime-014,1.0,3,0.0,0.0,traverse_first,1.135,1.29,0.655017,0.305,typed_neighbors,True
auto_derived_v0.2,tridb_live,0.0,10.0,27671.0,,,stark_prime,1.0,1.0,1,False,10,3.439064,3.5845985000000002,3.5975349000000003,1.0,traverse_first-7e45a5be9de9,post,1,stark-prime-014,1.0,3,0.0,0.0,traverse_first,1.139,1.294,0.7230639999999999,0.303,typed_neighbors,True
auto_derived_v0.2,tridb_live,0.0,20.0,27671.0,,,stark_prime,1.0,1.0,1,False,50,4.125877,4.6314601,4.6764008200000005,1.0,traverse_first-82c8aed23797,during,1,stark-prime-014,1.0,3,0.0,0.0,traverse_first,1.414,1.396,1.053858,0.335,typed_neighbors,True
auto_derived_v0.2,tridb_live,0.0,10.0,27671.0,,,stark_prime,1.0,1.0,1,False,10,3.87332,4.45139,4.5027740000000005,1.0,traverse_first-8d055dcb7096,during,1,stark-prime-014,1.0,3,0.0,0.0,traverse_first,1.455,1.413,0.7423669999999998,0.347,typed_neighbors,True
auto_derived_v0.2,tridb_live,0.0,1.0,27671.0,,,stark_prime,0.0,0.0,2,False,1,162.215039,212.46713749999998,216.93399069999998,0.0,traverse_first-92d6d9491887,during,1,stark-prime-014,0.0,3,0.0,0.0,traverse_first,72.841,60.182,10.211948000000007,19.034,typed_neighbors,True
auto_derived_v0.2,tridb_live,0.0,1.0,27671.0,,,stark_prime,1.0,1.0,1,False,1,3.620206,3.6441405999999996,3.64626812,1.0,traverse_first-a6e5d14e469b,post,1,stark-prime-014,1.0,3,0.0,0.0,traverse_first,1.194,1.414,0.6752060000000002,0.299,typed_neighbors,True
auto_derived_v0.2,tridb_live,0.0,5.0,27671.0,,,stark_prime,0.0,1.0,2,False,5,161.772982,163.5870184,163.74826608,0.3333333333333333,traverse_first-b279d6126ea0,post,1,stark-prime-014,1.0,3,0.0,0.0,traverse_first,72.249,59.531,11.171982000000014,18.821,typed_neighbors,True
auto_derived_v0.2,tridb_live,0.0,20.0,27671.0,,,stark_prime,1.0,1.0,1,False,100,3.355564,3.4124143,3.4174676600000002,1.0,traverse_first-c289b470b52c,post,1,stark-prime-014,1.0,3,0.0,0.0,traverse_first,1.132,1.285,0.6577310000000001,0.309,typed_neighbors,True
auto_derived_v0.2,tridb_live,0.0,5.0,27671.0,,,stark_prime,0.0,1.0,2,False,5,163.119468,163.9826544,164.05938208,0.3333333333333333,traverse_first-cccdd3ed958f,during,1,stark-prime-014,1.0,3,0.0,0.0,traverse_first,72.588,60.039,11.217468000000025,19.018,typed_neighbors,True
auto_derived_v0.2,tridb_live,0.0,20.0,27671.0,,,stark_prime,0.0,1.0,2,False,20,163.423715,165.0856271,165.23335262,0.3333333333333333,traverse_first-e4d7ef105a79,during,1,stark-prime-014,1.0,3,0.0,0.0,traverse_first,72.337,60.646,10.712250000000012,18.784,typed_neighbors,True
auto_derived_v0.2,tridb_live,0.0,5.0,27671.0,,,stark_prime,1.0,1.0,1,False,5,3.404409,3.6904137,3.71583634,1.0,traverse_first-f0fdb2bba196,post,1,stark-prime-014,1.0,3,0.0,0.0,traverse_first,1.143,1.334,0.6224089999999998,0.313,typed_neighbors,True
auto_derived_v0.2,tridb_live,0.0,10.0,27671.0,,,stark_prime,0.0,1.0,2,False,10,197.100308,218.6525936,220.56835232,0.3333333333333333,traverse_first-f9b36ac9da92,during,1,stark-prime-014,1.0,3,0.0,0.0,traverse_first,90.816,69.195,13.885308000000009,23.204,typed_neighbors,True
auto_derived_v0.2,tridb_live,0.0,0.0,27671.0,,50.0,stark_prime,0.0,0.0,1,False,50,2.257941,2.4773403,2.49684246,0.0,vector_first-12e4b447491a,post,1,stark-prime-014,0.0,3,0.0,0.0,vector_first,1.331,0.0,0.5097179999999999,0.305,typed_neighbors,True
auto_derived_v0.2,tridb_live,0.0,2.0,27671.0,,50.0,stark_prime,0.0,0.0,2,False,50,17.743068,19.673491499999997,19.845084699999997,0.0,vector_first-2670324e0bc6,during,1,stark-prime-014,0.0,3,0.0,0.0,vector_first,1.422,0.246,3.3989829999999976,12.618,typed_neighbors,True
auto_derived_v0.2,tridb_live,0.0,1.0,27671.0,,20.0,stark_prime,0.0,0.0,2,False,20,4.062405,4.0704321,4.071145619999999,0.0,vector_first-27d19d1f923e,during,1,stark-prime-014,0.0,3,0.0,0.0,vector_first,1.411,0.172,0.7446329999999999,1.742,typed_neighbors,True
auto_derived_v0.2,tridb_live,0.0,0.0,27671.0,,10.0,stark_prime,0.0,0.0,1,False,10,1.456079,1.5094535,1.5141979,0.0,vector_first-404f84e6a5f4,post,1,stark-prime-014,0.0,3,0.0,0.0,vector_first,0.631,0.0,0.508079,0.288,typed_neighbors,True
auto_derived_v0.2,tridb_live,0.0,0.0,27671.0,,20.0,stark_prime,0.0,0.0,1,False,20,2.58697,3.260143,3.3199806,0.0,vector_first-4c96de282a3c,during,1,stark-prime-014,0.0,3,0.0,0.0,vector_first,1.399,0.177,0.6629700000000001,0.296,typed_neighbors,True
auto_derived_v0.2,tridb_live,0.0,0.0,27671.0,,5.0,stark_prime,0.0,0.0,1,False,5,1.936506,2.5768055999999997,2.6337211199999997,0.0,vector_first-539cd672e6b6,post,1,stark-prime-014,0.0,3,0.0,0.0,vector_first,0.866,0.0,0.566392,0.327,typed_neighbors,True
auto_derived_v0.2,tridb_live,0.0,4.0,27671.0,,100.0,stark_prime,0.0,1.0,2,False,100,23.353148,23.495564,23.5082232,0.3333333333333333,vector_first-736b83dff9a6,post,1,stark-prime-014,1.0,3,0.0,0.0,vector_first,2.028,0.111,3.2347360000000016,17.078,typed_neighbors,True
auto_derived_v0.2,tridb_live,0.0,0.0,27671.0,,5.0,stark_prime,0.0,0.0,2,False,5,1.214863,2.0398831,2.1132182200000003,0.0,vector_first-7462d459aaf5,during,1,stark-prime-014,0.0,3,0.0,0.0,vector_first,0.682,0.094,0.453863,0.0,typed_neighbors,True
auto_derived_v0.2,tridb_live,0.0,0.0,27671.0,,1.0,stark_prime,0.0,0.0,2,False,1,19.480765,20.0365708,20.08597576,0.0,vector_first-79d7f13154dd,post,1,stark-prime-014,0.0,3,0.0,0.0,vector_first,1.075,0.0,3.7537650000000014,14.652,typed_neighbors,True
auto_derived_v0.2,tridb_live,0.0,0.0,27671.0,,1.0,stark_prime,0.0,0.0,2,False,1,1.068825,1.1065287000000001,1.10988014,0.0,vector_first-8735078935c5,during,1,stark-prime-014,0.0,3,0.0,0.0,vector_first,0.569,0.033,0.4468249999999999,0.0,typed_neighbors,True
auto_derived_v0.2,tridb_live,0.0,0.0,27671.0,,10.0,stark_prime,0.0,0.0,1,False,10,2.948363,3.7395278,3.80985356,0.0,vector_first-879c2f5ec6a7,during,1,stark-prime-014,0.0,3,0.0,0.0,vector_first,1.246,0.135,0.8744350000000001,0.292,typed_neighbors,True
auto_derived_v0.2,tridb_live,0.0,1.0,27671.0,,100.0,stark_prime,1.0,1.0,1,False,100,3.35803,3.3865501,3.38908522,1.0,vector_first-95fb2abe9f82,during,1,stark-prime-014,1.0,3,0.0,0.0,vector_first,1.778,0.396,0.70703,0.311,typed_neighbors,True
auto_derived_v0.2,tridb_live,0.0,1.0,27671.0,,100.0,stark_prime,1.0,1.0,1,False,100,2.022065,2.2697927,2.2918129400000002,1.0,vector_first-9a76384ab2d2,post,1,stark-prime-014,1.0,3,0.0,0.0,vector_first,0.965,0.037,0.570627,0.331,typed_neighbors,True
auto_derived_v0.2,tridb_live,0.0,1.0,27671.0,,10.0,stark_prime,0.0,0.0,2,False,10,4.119161,4.1283113,4.1291246600000004,0.0,vector_first-9e027ae921ee,during,1,stark-prime-014,0.0,3,0.0,0.0,vector_first,1.642,0.131,0.782489,1.517,typed_neighbors,True
auto_derived_v0.2,tridb_live,0.0,0.0,27671.0,,1.0,stark_prime,0.0,0.0,1,False,1,1.713831,4.2438560999999995,4.46874722,0.0,vector_first-9f2a495d4986,during,1,stark-prime-014,0.0,3,0.0,0.0,vector_first,1.114,0.042,0.5578310000000002,0.0,typed_neighbors,True
auto_derived_v0.2,tridb_live,0.0,0.0,27671.0,,5.0,stark_prime,0.0,0.0,2,False,5,21.626634,23.6906175,23.8740827,0.0,vector_first-a5b8d6da0107,post,1,stark-prime-014,0.0,3,0.0,0.0,vector_first,1.388,0.0,3.926634,16.312,typed_neighbors,True
auto_derived_v0.2,tridb_live,0.0,2.0,27671.0,,50.0,stark_prime,0.0,0.0,2,False,50,23.999589,25.0013853,25.09043386,0.0,vector_first-a7431c3167bb,post,1,stark-prime-014,0.0,3,0.0,0.0,vector_first,1.779,0.087,3.431588999999999,18.299,typed_neighbors,True
auto_derived_v0.2,tridb_live,0.0,1.0,27671.0,,10.0,stark_prime,0.0,0.0,2,False,10,22.497499,22.6291951,22.64090142,0.0,vector_first-a802c228be07,post,1,stark-prime-014,0.0,3,0.0,0.0,vector_first,1.16,0.071,3.223662000000001,16.54,typed_neighbors,True
auto_derived_v0.2,tridb_live,0.0,0.0,27671.0,,50.0,stark_prime,0.0,0.0,1,False,50,3.286323,3.6076806,3.6362457200000002,0.0,vector_first-b3f469e3373a,during,1,stark-prime-014,0.0,3,0.0,0.0,vector_first,2.035,0.258,0.6853229999999999,0.306,typed_neighbors,True
auto_derived_v0.2,tridb_live,0.0,4.0,27671.0,,100.0,stark_prime,0.0,1.0,2,False,100,25.145751,25.5822141,25.621010820000002,0.3333333333333333,vector_first-b9cbe3a2c022,during,1,stark-prime-014,1.0,3,0.0,0.0,vector_first,1.593,0.436,4.491751000000001,18.417,typed_neighbors,True
auto_derived_v0.2,tridb_live,0.0,0.0,27671.0,,1.0,stark_prime,0.0,0.0,1,False,1,1.384458,1.4494388999999999,1.4552149799999998,0.0,vector_first-c1efa57fb2c2,post,1,stark-prime-014,0.0,3,0.0,0.0,vector_first,0.59,0.0,0.48665899999999995,0.312,typed_neighbors,True
auto_derived_v0.2,tridb_live,0.0,1.0,27671.0,,20.0,stark_prime,0.0,0.0,2,False,20,22.140865,23.5921618,23.72116596,0.0,vector_first-c9c7dff0ae35,post,1,stark-prime-014,0.0,3,0.0,0.0,vector_first,1.817,0.08,3.722417,16.522,typed_neighbors,True
auto_derived_v0.2,tridb_live,0.0,0.0,27671.0,,20.0,stark_prime,0.0,0.0,1,False,20,1.690741,1.7447283999999998,1.74952728,0.0,vector_first-ce905df43902,post,1,stark-prime-014,0.0,3,0.0,0.0,vector_first,0.804,0.0,0.507741,0.29,typed_neighbors,True
auto_derived_v0.2,tridb_live,0.0,1.0,27671.0,,8.0,stark_prime,0.0,0.0,2,True,8,23.599834,23.7480082,23.76117924,0.0,vector_first-ebaeb868fc9b,post,1,stark-prime-014,0.0,3,0.0,0.0,vector_first,1.82,0.109,4.031834,17.639,typed_neighbors,True
auto_derived_v0.2,tridb_live,0.0,0.0,27671.0,,5.0,stark_prime,0.0,0.0,1,False,5,2.075827,2.1419473,2.14782466,0.0,vector_first-f0a58d413e0f,during,1,stark-prime-014,0.0,3,0.0,0.0,vector_first,1.316,0.093,0.5898269999999999,0.0,typed_neighbors,True
auto_derived_v0.2,tridb_live,0.0,1.0,7957.0,,50.0,stark_prime,0.0,0.0,1,False,50,25.650021,25.9058334,25.928572279999997,0.0,filter_first-03f67415e651,pre,1,stark-prime-015,0.0,3,0.0,0.0,filter_first,24.761,0.0,0.8110210000000002,0.078,typed_neighbors,True
auto_derived_v0.2,tridb_live,0.0,1.0,7957.0,,20.0,stark_prime,0.0,0.0,1,False,20,25.236563,25.900858399999997,25.95990688,0.0,filter_first-1cad3c1573b2,pre,1,stark-prime-015,0.0,3,0.0,0.0,filter_first,24.458,0.0,0.7365560000000002,0.08,typed_neighbors,True
auto_derived_v0.2,tridb_live,0.0,1.0,7957.0,,100.0,stark_prime,0.0,0.0,1,False,100,25.518161,25.548472099999998,25.551166419999998,0.0,filter_first-2387000dc3a8,pre,1,stark-prime-015,0.0,3,0.0,0.0,filter_first,24.751,0.0,0.6881610000000009,0.079,typed_neighbors,True
auto_derived_v0.2,tridb_live,0.0,1.0,7957.0,,100.0,stark_prime,0.0,0.0,2,False,100,26.185786,26.321713,26.3337954,0.0,filter_first-28ed17c208d7,pre,1,stark-prime-015,0.0,3,0.0,0.0,filter_first,24.545,0.0,0.7261650000000017,0.97,typed_neighbors,True
auto_derived_v0.2,tridb_live,0.0,1.0,7957.0,,50.0,stark_prime,0.0,0.0,2,False,50,26.284566,26.6789865,26.7140461,0.0,filter_first-2d01f654960c,pre,1,stark-prime-015,0.0,3,0.0,0.0,filter_first,24.464,0.0,0.8805660000000017,0.96,typed_neighbors,True
auto_derived_v0.2,tridb_live,0.0,0.0,7957.0,,1.0,stark_prime,0.0,0.0,2,False,1,9.547002,9.738038699999999,9.75501974,0.0,filter_first-3a7f1025f729,pre,1,stark-prime-015,0.0,3,0.0,0.0,filter_first,7.896,0.0,0.588203,0.925,typed_neighbors,True
auto_derived_v0.2,tridb_live,0.0,1.0,7957.0,,20.0,stark_prime,0.0,0.0,2,False,20,26.238546,27.009629099999998,27.07816982,0.0,filter_first-46ec65dc7fea,pre,1,stark-prime-015,0.0,3,0.0,0.0,filter_first,24.545,0.0,0.7445459999999997,0.961,typed_neighbors,True
auto_derived_v0.2,tridb_live,0.0,1.0,7957.0,,10.0,stark_prime,0.0,0.0,1,False,10,25.921148,30.3811538,30.77759876,0.0,filter_first-8532bb36e741,pre,1,stark-prime-015,0.0,3,0.0,0.0,filter_first,25.109,0.0,0.6976630000000021,0.081,typed_neighbors,True
auto_derived_v0.2,tridb_live,0.0,0.0,7957.0,,5.0,stark_prime,0.0,0.0,1,False,5,8.133848,8.1914912,8.19661504,0.0,filter_first-8699218b4a03,pre,1,stark-prime-015,0.0,3,0.0,0.0,filter_first,7.522,0.0,0.5468480000000007,0.065,typed_neighbors,True
auto_derived_v0.2,tridb_live,0.0,1.0,7957.0,,10.0,stark_prime,0.0,0.0,2,False,10,26.32378,26.3385769,26.33989218,0.0,filter_first-88d1f0b4340a,pre,1,stark-prime-015,0.0,3,0.0,0.0,filter_first,24.635,0.0,0.7312209999999979,0.943,typed_neighbors,True
auto_derived_v0.2,tridb_live,0.0,0.0,7957.0,,5.0,stark_prime,0.0,0.0,2,False,5,8.788223,8.810021,8.8119586,0.0,filter_first-bb7c33f6d989,pre,1,stark-prime-015,0.0,3,0.0,0.0,filter_first,7.276,0.0,0.5632230000000007,0.93,typed_neighbors,True
auto_derived_v0.2,tridb_live,0.0,0.0,7957.0,,1.0,stark_prime,0.0,0.0,1,False,1,22.996296,25.865989199999998,26.12107304,0.0,filter_first-ef43b60e2e3b,pre,1,stark-prime-015,0.0,3,0.0,0.0,filter_first,22.013,0.0,0.7968439999999966,0.075,typed_neighbors,True
auto_derived_v0.2,tridb_live,0.0,1.0,7957.0,,,stark_prime,0.0,0.0,1,False,1,0.924395,1.257926,1.2875732,0.0,traverse_first-0e65f761853b,during,1,stark-prime-015,0.0,3,0.0,0.0,traverse_first,0.106,0.205,0.559395,0.054,typed_neighbors,True
auto_derived_v0.2,tridb_live,0.0,1.0,7957.0,,,stark_prime,0.0,0.0,2,False,1,2.249274,2.3549187,2.36430934,0.0,traverse_first-1401f30333f9,post,1,stark-prime-015,0.0,3,0.0,0.0,traverse_first,0.096,0.739,0.5282740000000001,0.88,typed_neighbors,True
auto_derived_v0.2,tridb_live,0.0,20.0,7957.0,,,stark_prime,0.0,0.0,2,False,50,2.205159,2.2847568,2.29183216,0.16666666666666666,traverse_first-15df7fd20126,post,1,stark-prime-015,1.0,3,0.0,0.0,traverse_first,0.094,0.725,0.5206009999999999,0.87,typed_neighbors,True
auto_derived_v0.2,tridb_live,0.0,20.0,7957.0,,,stark_prime,0.0,0.0,1,False,50,0.715162,0.7225005999999999,0.72315292,0.16666666666666666,traverse_first-18e80c0b50a9,post,1,stark-prime-015,1.0,3,0.0,0.0,traverse_first,0.077,0.153,0.44116199999999994,0.046,typed_neighbors,True
auto_derived_v0.2,tridb_live,0.0,5.0,7957.0,,,stark_prime,0.0,0.0,1,False,5,0.820991,0.8932862,0.89971244,0.0,traverse_first-2ef9d31e2115,during,1,stark-prime-015,0.0,3,0.0,0.0,traverse_first,0.091,0.181,0.5039910000000001,0.045,typed_neighbors,True
auto_derived_v0.2,tridb_live,0.0,20.0,7957.0,,,stark_prime,0.0,0.0,1,False,100,0.764947,0.809794,0.8137804,0.16666666666666666,traverse_first-3161568b8481,during,1,stark-prime-015,1.0,3,0.0,0.0,traverse_first,0.088,0.171,0.46294700000000005,0.043,typed_neighbors,True
auto_derived_v0.2,tridb_live,0.0,20.0,7957.0,,,stark_prime,0.0,0.0,2,False,50,2.207256,2.2586838,2.26325516,0.16666666666666666,traverse_first-532feb3a2124,during,1,stark-prime-015,1.0,3,0.0,0.0,traverse_first,0.095,0.727,0.5252560000000002,0.86,typed_neighbors,True
auto_derived_v0.2,tridb_live,0.0,10.0,7957.0,,,stark_prime,0.0,0.0,2,False,10,2.184625,2.1875725,2.1878345,0.16666666666666666,traverse_first-5be44627d46d,post,1,stark-prime-015,1.0,3,0.0,0.0,traverse_first,0.099,0.729,0.5099610000000001,0.842,typed_neighbors,True
auto_derived_v0.2,tridb_live,0.0,20.0,7957.0,,,stark_prime,0.0,0.0,2,False,20,2.232596,2.2427264,2.24362688,0.16666666666666666,traverse_first-5dac164247a2,post,1,stark-prime-015,1.0,3,0.0,0.0,traverse_first,0.096,0.732,0.5325960000000001,0.861,typed_neighbors,True
auto_derived_v0.2,tridb_live,0.0,20.0,7957.0,,,stark_prime,0.0,0.0,2,False,100,2.16875,2.2045727000000004,2.2077569400000003,0.16666666666666666,traverse_first-6c308678a8d4,post,1,stark-prime-015,1.0,3,0.0,0.0,traverse_first,0.098,0.713,0.5137500000000002,0.845,typed_neighbors,True
auto_derived_v0.2,tridb_live,0.0,20.0,7957.0,,,stark_prime,0.0,0.0,1,False,20,0.732671,0.7670978,0.77015796,0.16666666666666666,traverse_first-6e5585f7fa7d,during,1,stark-prime-015,1.0,3,0.0,0.0,traverse_first,0.083,0.164,0.446923,0.043,typed_neighbors,True
auto_derived_v0.2,tridb_live,0.0,20.0,7957.0,,,stark_prime,0.0,0.0,2,False,100,2.132981,2.1657347,2.16864614,0.16666666666666666,traverse_first-702b20668df6,during,1,stark-prime-015,1.0,3,0.0,0.0,traverse_first,0.092,0.728,0.495981,0.825,typed_neighbors,True
auto_derived_v0.2,tridb_live,0.0,20.0,7957.0,,,stark_prime,0.0,0.0,1,False,20,0.711999,0.7291683,0.7306944599999999,0.16666666666666666,traverse_first-76359c42693a,post,1,stark-prime-015,1.0,3,0.0,0.0,traverse_first,0.083,0.154,0.433999,0.041,typed_neighbors,True
auto_derived_v0.2,tridb_live,0.0,10.0,7957.0,,,stark_prime,0.0,0.0,1,False,10,0.70566,0.7067652,0.70686344,0.16666666666666666,traverse_first-7e45a5be9de9,post,1,stark-prime-015,1.0,3,0.0,0.0,traverse_first,0.079,0.153,0.42788799999999994,0.04,typed_neighbors,True
auto_derived_v0.2,tridb_live,0.0,20.0,7957.0,,,stark_prime,0.0,0.0,1,False,50,0.772851,0.8095584,0.8128212800000001,0.16666666666666666,traverse_first-82c8aed23797,during,1,stark-prime-015,1.0,3,0.0,0.0,traverse_first,0.085,0.159,0.46438499999999994,0.039,typed_neighbors,True
auto_derived_v0.2,tridb_live,0.0,10.0,7957.0,,,stark_prime,0.0,0.0,1,False,10,0.745441,0.7764856,0.77924512,0.16666666666666666,traverse_first-8d055dcb7096,during,1,stark-prime-015,1.0,3,0.0,0.0,traverse_first,0.086,0.171,0.46293500000000004,0.043,typed_neighbors,True
auto_derived_v0.2,tridb_live,0.0,1.0,7957.0,,,stark_prime,0.0,0.0,2,False,1,2.384344,2.7220645,2.7520841000000003,0.0,traverse_first-92d6d9491887,during,1,stark-prime-015,0.0,3,0.0,0.0,traverse_first,0.096,0.832,0.5445890000000002,0.947,typed_neighbors,True
auto_derived_v0.2,tridb_live,0.0,1.0,7957.0,,,stark_prime,0.0,0.0,1,False,1,0.763775,0.7748242999999999,0.77580646,0.0,traverse_first-a6e5d14e469b,post,1,stark-prime-015,0.0,3,0.0,0.0,traverse_first,0.079,0.157,0.481775,0.043,typed_neighbors,True
auto_derived_v0.2,tridb_live,0.0,5.0,7957.0,,,stark_prime,0.0,0.0,2,False,5,2.16275,2.2066511,2.21055342,0.0,traverse_first-b279d6126ea0,post,1,stark-prime-015,0.0,3,0.0,0.0,traverse_first,0.092,0.736,0.506529,0.834,typed_neighbors,True
auto_derived_v0.2,tridb_live,0.0,20.0,7957.0,,,stark_prime,0.0,0.0,1,False,100,0.726331,0.7286125,0.7288153,0.16666666666666666,traverse_first-c289b470b52c,post,1,stark-prime-015,1.0,3,0.0,0.0,traverse_first,0.08,0.159,0.44586600000000004,0.042,typed_neighbors,True
auto_derived_v0.2,tridb_live,0.0,5.0,7957.0,,,stark_prime,0.0,0.0,2,False,5,2.22326,2.3132294,2.32122668,0.0,traverse_first-cccdd3ed958f,during,1,stark-prime-015,0.0,3,0.0,0.0,traverse_first,0.098,0.737,0.513226,0.887,typed_neighbors,True
auto_derived_v0.2,tridb_live,0.0,20.0,7957.0,,,stark_prime,0.0,0.0,2,False,20,2.199125,2.2081124,2.20891128,0.16666666666666666,traverse_first-e4d7ef105a79,during,1,stark-prime-015,1.0,3,0.0,0.0,traverse_first,0.101,0.735,0.514111,0.852,typed_neighbors,True
auto_derived_v0.2,tridb_live,0.0,5.0,7957.0,,,stark_prime,0.0,0.0,1,False,5,0.738584,0.7484777,0.7493571400000001,0.0,traverse_first-f0fdb2bba196,post,1,stark-prime-015,0.0,3,0.0,0.0,traverse_first,0.077,0.16,0.44858400000000004,0.04,typed_neighbors,True
auto_derived_v0.2,tridb_live,0.0,10.0,7957.0,,,stark_prime,0.0,0.0,2,False,10,2.280011,2.5124926999999997,2.5331577399999996,0.16666666666666666,traverse_first-f9b36ac9da92,during,1,stark-prime-015,1.0,3,0.0,0.0,traverse_first,0.092,0.729,0.595011,0.86,typed_neighbors,True
auto_derived_v0.2,tridb_live,0.0,0.0,7957.0,,50.0,stark_prime,0.0,0.0,1,False,50,1.867318,1.9266999999999999,1.9319784,0.0,vector_first-12e4b447491a,post,1,stark-prime-015,0.0,3,0.0,0.0,vector_first,1.333,0.0,0.4822979999999999,0.052,typed_neighbors,True
auto_derived_v0.2,tridb_live,0.0,0.0,7957.0,,50.0,stark_prime,0.0,0.0,2,False,50,1.946944,2.05453,2.0640932,0.0,vector_first-2670324e0bc6,during,1,stark-prime-015,0.0,3,0.0,0.0,vector_first,1.269,0.229,0.47546299999999997,0.0,typed_neighbors,True
auto_derived_v0.2,tridb_live,0.0,0.0,7957.0,,20.0,stark_prime,0.0,0.0,2,False,20,1.81568,1.873568,1.8787136,0.0,vector_first-27d19d1f923e,during,1,stark-prime-015,0.0,3,0.0,0.0,vector_first,1.217,0.136,0.46268,0.0,typed_neighbors,True
auto_derived_v0.2,tridb_live,0.0,0.0,7957.0,,10.0,stark_prime,0.0,0.0,1,False,10,1.720115,1.7203625,1.7203845,0.0,vector_first-404f84e6a5f4,post,1,stark-prime-015,0.0,3,0.0,0.0,vector_first,1.198,0.0,0.46511500000000017,0.053,typed_neighbors,True
auto_derived_v0.2,tridb_live,0.0,0.0,7957.0,,20.0,stark_prime,0.0,0.0,1,False,20,1.8876,1.8931791,1.89367502,0.0,vector_first-4c96de282a3c,during,1,stark-prime-015,0.0,3,0.0,0.0,vector_first,1.273,0.146,0.4697990000000001,0.0,typed_neighbors,True
auto_derived_v0.2,tridb_live,0.0,0.0,7957.0,,5.0,stark_prime,0.0,0.0,1,False,5,1.768108,1.7709961,1.77125282,0.0,vector_first-539cd672e6b6,post,1,stark-prime-015,0.0,3,0.0,0.0,vector_first,1.221,0.0,0.4685679999999999,0.058,typed_neighbors,True
auto_derived_v0.2,tridb_live,0.0,0.0,7957.0,,100.0,stark_prime,0.0,0.0,2,False,100,2.90872,2.9103922,2.91054084,0.0,vector_first-736b83dff9a6,post,1,stark-prime-015,0.0,3,0.0,0.0,vector_first,1.53,0.0,0.49103600000000025,0.884,typed_neighbors,True
auto_derived_v0.2,tridb_live,0.0,0.0,7957.0,,5.0,stark_prime,0.0,0.0,2,False,5,1.807426,1.8692821,1.87478042,0.0,vector_first-7462d459aaf5,during,1,stark-prime-015,0.0,3,0.0,0.0,vector_first,1.198,0.096,0.454426,0.0,typed_neighbors,True
auto_derived_v0.2,tridb_live,0.0,0.0,7957.0,,1.0,stark_prime,0.0,0.0,2,False,1,2.567274,2.5946889,2.5971257800000003,0.0,vector_first-79d7f13154dd,post,1,stark-prime-015,0.0,3,0.0,0.0,vector_first,1.174,0.0,0.4992739999999998,0.895,typed_neighbors,True
auto_derived_v0.2,tridb_live,0.0,0.0,7957.0,,1.0,stark_prime,0.0,0.0,2,False,1,1.70874,1.7310302999999998,1.7330116599999998,0.0,vector_first-8735078935c5,during,1,stark-prime-015,0.0,3,0.0,0.0,vector_first,1.206,0.039,0.444507,0.0,typed_neighbors,True
auto_derived_v0.2,tridb_live,0.0,0.0,7957.0,,10.0,stark_prime,0.0,0.0,1,False,10,1.840951,1.9468549000000002,1.9562685800000001,0.0,vector_first-879c2f5ec6a7,during,1,stark-prime-015,0.0,3,0.0,0.0,vector_first,1.268,0.128,0.46444299999999994,0.0,typed_neighbors,True
auto_derived_v0.2,tridb_live,0.0,0.0,7957.0,,100.0,stark_prime,0.0,0.0,1,False,100,2.485832,2.7812093,2.80746506,0.0,vector_first-95fb2abe9f82,during,1,stark-prime-015,0.0,3,0.0,0.0,vector_first,1.653,0.376,0.4568319999999999,0.0,typed_neighbors,True
auto_derived_v0.2,tridb_live,0.0,0.0,7957.0,,100.0,stark_prime,0.0,0.0,1,False,100,1.962524,2.0715581000000003,2.08125002,0.0,vector_first-9a76384ab2d2,post,1,stark-prime-015,0.0,3,0.0,0.0,vector_first,1.431,0.0,0.47852399999999995,0.053,typed_neighbors,True
auto_derived_v0.2,tridb_live,0.0,0.0,7957.0,,10.0,stark_prime,0.0,0.0,2,False,10,1.8868,3.1514854,3.26390188,0.0,vector_first-9e027ae921ee,during,1,stark-prime-015,0.0,3,0.0,0.0,vector_first,1.278,0.113,0.4958,0.0,typed_neighbors,True
auto_derived_v0.2,tridb_live,0.0,0.0,7957.0,,1.0,stark_prime,0.0,0.0,1,False,1,2.823335,3.0434588,3.06302536,0.0,vector_first-9f2a495d4986,during,1,stark-prime-015,0.0,3,0.0,0.0,vector_first,2.276,0.038,0.49391700000000016,0.0,typed_neighbors,True
auto_derived_v0.2,tridb_live,0.0,0.0,7957.0,,5.0,stark_prime,0.0,0.0,2,False,5,2.664357,2.9515308,2.9770573600000003,0.0,vector_first-a5b8d6da0107,post,1,stark-prime-015,0.0,3,0.0,0.0,vector_first,1.208,0.0,0.5833569999999999,0.884,typed_neighbors,True
auto_derived_v0.2,tridb_live,0.0,0.0,7957.0,,50.0,stark_prime,0.0,0.0,2,False,50,2.746802,2.7649397,2.76655194,0.0,vector_first-a7431c3167bb,post,1,stark-prime-015,0.0,3,0.0,0.0,vector_first,1.318,0.0,0.4919549999999999,0.898,typed_neighbors,True
auto_derived_v0.2,tridb_live,0.0,0.0,7957.0,,10.0,stark_prime,0.0,0.0,2,False,10,2.650525,2.6994976,2.70385072,0.0,vector_first-a802c228be07,post,1,stark-prime-015,0.0,3,0.0,0.0,vector_first,1.218,0.0,0.5365250000000001,0.894,typed_neighbors,True
auto_derived_v0.2,tridb_live,0.0,0.0,7957.0,,50.0,stark_prime,0.0,0.0,1,False,50,2.088844,2.1260113,2.12931506,0.0,vector_first-b3f469e3373a,during,1,stark-prime-015,0.0,3,0.0,0.0,vector_first,1.378,0.236,0.4680559999999998,0.0,typed_neighbors,True
auto_derived_v0.2,tridb_live,0.0,0.0,7957.0,,100.0,stark_prime,0.0,0.0,2,False,100,2.28242,2.3061674,2.30827828,0.0,vector_first-b9cbe3a2c022,during,1,stark-prime-015,0.0,3,0.0,0.0,vector_first,1.438,0.369,0.46880600000000006,0.0,typed_neighbors,True
auto_derived_v0.2,tridb_live,0.0,0.0,7957.0,,1.0,stark_prime,0.0,0.0,1,False,1,1.844194,1.8511375,1.8517547,0.0,vector_first-c1efa57fb2c2,post,1,stark-prime-015,0.0,3,0.0,0.0,vector_first,1.315,0.0,0.46590900000000013,0.059,typed_neighbors,True
auto_derived_v0.2,tridb_live,0.0,0.0,7957.0,,20.0,stark_prime,0.0,0.0,2,False,20,2.54758,2.5602304,2.56135488,0.0,vector_first-c9c7dff0ae35,post,1,stark-prime-015,0.0,3,0.0,0.0,vector_first,1.18,0.0,0.4796360000000002,0.902,typed_neighbors,True
auto_derived_v0.2,tridb_live,0.0,0.0,7957.0,,20.0,stark_prime,0.0,0.0,1,False,20,1.774984,1.7787019,1.77903238,0.0,vector_first-ce905df43902,post,1,stark-prime-015,0.0,3,0.0,0.0,vector_first,1.236,0.0,0.48898399999999986,0.053,typed_neighbors,True
auto_derived_v0.2,tridb_live,0.0,0.0,7957.0,,8.0,stark_prime,0.0,0.0,2,True,8,2.718059,2.7575213,2.7610290600000003,0.0,vector_first-ebaeb868fc9b,post,1,stark-prime-015,0.0,3,0.0,0.0,vector_first,1.325,0.0,0.5400589999999998,0.853,typed_neighbors,True
auto_derived_v0.2,tridb_live,0.0,0.0,7957.0,,5.0,stark_prime,0.0,0.0,1,False,5,1.791865,1.8084186999999998,1.8098901399999998,0.0,vector_first-f0a58d413e0f,during,1,stark-prime-015,0.0,3,0.0,0.0,vector_first,1.232,0.094,0.44125799999999993,0.0,typed_neighbors,True
auto_derived_v0.2,tridb_live,0.0,4.0,27671.0,,50.0,stark_prime,0.0,1.0,1,False,50,11.535548,17.1872726,17.68964812,0.5,filter_first-03f67415e651,pre,1,stark-prime-016,0.5,3,0.0,0.0,filter_first,10.357,0.0,0.8427629999999997,0.063,typed_neighbors,True
auto_derived_v0.2,tridb_live,0.0,3.0,27671.0,,20.0,stark_prime,0.0,1.0,1,False,20,4.642363,7.0491565,7.2630937,0.5,filter_first-1cad3c1573b2,pre,1,stark-prime-016,0.5,3,0.0,0.0,filter_first,3.982,0.0,0.5507810000000002,0.045,typed_neighbors,True
auto_derived_v0.2,tridb_live,0.0,6.0,27671.0,,100.0,stark_prime,0.0,1.0,1,False,100,107.535862,108.9658153,109.09292226000001,0.5,filter_first-2387000dc3a8,pre,1,stark-prime-016,0.5,3,0.0,0.0,filter_first,106.185,0.0,1.4678619999999967,0.081,typed_neighbors,True
auto_derived_v0.2,tridb_live,0.0,6.0,27671.0,,100.0,stark_prime,0.0,1.0,2,False,100,107.785647,108.7998903,108.89004526,0.5,filter_first-28ed17c208d7,pre,1,stark-prime-016,0.5,3,0.0,0.0,filter_first,106.522,0.0,0.952803000000003,0.304,typed_neighbors,True
auto_derived_v0.2,tridb_live,0.0,4.0,27671.0,,50.0,stark_prime,0.0,1.0,2,False,50,12.085839,12.4374933,12.46875146,0.5,filter_first-2d01f654960c,pre,1,stark-prime-016,0.5,3,0.0,0.0,filter_first,10.268,0.0,1.5428390000000007,0.21,typed_neighbors,True
auto_derived_v0.2,tridb_live,0.0,0.0,27671.0,,1.0,stark_prime,0.0,0.0,2,False,1,1.764065,1.8654248,1.87443456,0.0,filter_first-3a7f1025f729,pre,1,stark-prime-016,0.0,3,0.0,0.0,filter_first,1.138,0.0,0.4757800000000001,0.163,typed_neighbors,True
auto_derived_v0.2,tridb_live,0.0,3.0,27671.0,,20.0,stark_prime,0.0,1.0,2,False,20,4.326361,4.5484837,4.56822794,0.5,filter_first-46ec65dc7fea,pre,1,stark-prime-016,0.5,3,0.0,0.0,filter_first,3.574,0.0,0.5873610000000005,0.176,typed_neighbors,True
auto_derived_v0.2,tridb_live,0.0,3.0,27671.0,,10.0,stark_prime,0.0,1.0,1,False,10,4.96704,5.0908332,5.1018370399999995,0.5,filter_first-8532bb36e741,pre,1,stark-prime-016,0.5,3,0.0,0.0,filter_first,4.39,0.0,0.6185879999999999,0.042,typed_neighbors,True
auto_derived_v0.2,tridb_live,0.0,2.0,27671.0,,5.0,stark_prime,0.0,1.0,1,False,5,1.594331,1.6411841,1.64534882,0.5,filter_first-8699218b4a03,pre,1,stark-prime-016,0.5,3,0.0,0.0,filter_first,1.069,0.0,0.48733099999999996,0.038,typed_neighbors,True
auto_derived_v0.2,tridb_live,0.0,3.0,27671.0,,10.0,stark_prime,0.0,1.0,2,False,10,2.734293,2.8305021,2.83905402,0.5,filter_first-88d1f0b4340a,pre,1,stark-prime-016,0.5,3,0.0,0.0,filter_first,2.042,0.0,0.522192,0.165,typed_neighbors,True
auto_derived_v0.2,tridb_live,0.0,2.0,27671.0,,5.0,stark_prime,0.0,1.0,2,False,5,1.677692,1.7112962,1.71428324,0.5,filter_first-bb7c33f6d989,pre,1,stark-prime-016,0.5,3,0.0,0.0,filter_first,1.045,0.0,0.4786919999999999,0.154,typed_neighbors,True
auto_derived_v0.2,tridb_live,0.0,0.0,27671.0,,1.0,stark_prime,0.0,0.0,1,False,1,2.39135,4.0827065000000005,4.2330493,0.0,filter_first-ef43b60e2e3b,pre,1,stark-prime-016,0.0,3,0.0,0.0,filter_first,1.733,0.0,0.4906350000000006,0.04,typed_neighbors,True
auto_derived_v0.2,tridb_live,0.0,1.0,27671.0,,,stark_prime,0.0,0.0,1,False,1,1.02953,1.2736414999999999,1.2953403,0.0,traverse_first-0e65f761853b,during,1,stark-prime-016,0.0,3,0.0,0.0,traverse_first,0.067,0.144,0.83253,0.037,typed_neighbors,True
auto_derived_v0.2,tridb_live,0.0,1.0,27671.0,,,stark_prime,0.0,0.0,2,False,1,1.12678,1.1341564,1.13481208,0.0,traverse_first-1401f30333f9,post,1,stark-prime-016,0.0,3,0.0,0.0,traverse_first,0.056,0.423,0.4987799999999999,0.146,typed_neighbors,True
auto_derived_v0.2,tridb_live,0.0,19.0,27671.0,,,stark_prime,0.0,1.0,2,False,50,1.118591,1.1330522,1.13433764,0.5,traverse_first-15df7fd20126,post,1,stark-prime-016,1.0,3,0.0,0.0,traverse_first,0.057,0.435,0.47477099999999994,0.151,typed_neighbors,True
auto_derived_v0.2,tridb_live,0.0,19.0,27671.0,,,stark_prime,0.0,1.0,1,False,50,0.655049,1.0727894,1.10992188,0.5,traverse_first-18e80c0b50a9,post,1,stark-prime-016,1.0,3,0.0,0.0,traverse_first,0.048,0.125,0.454049,0.032,typed_neighbors,True
auto_derived_v0.2,tridb_live,0.0,5.0,27671.0,,,stark_prime,0.0,1.0,1,False,5,0.647078,0.6695213,0.67151626,0.5,traverse_first-2ef9d31e2115,during,1,stark-prime-016,0.5,3,0.0,0.0,traverse_first,0.048,0.121,0.4410780000000001,0.027,typed_neighbors,True
auto_derived_v0.2,tridb_live,0.0,19.0,27671.0,,,stark_prime,0.0,1.0,1,False,100,0.645857,0.6759809,0.67865858,0.5,traverse_first-3161568b8481,during,1,stark-prime-016,1.0,3,0.0,0.0,traverse_first,0.048,0.123,0.444857,0.03,typed_neighbors,True
auto_derived_v0.2,tridb_live,0.0,19.0,27671.0,,,stark_prime,0.0,1.0,2,False,50,1.194964,1.2122395,1.2137750999999999,0.5,traverse_first-532feb3a2124,during,1,stark-prime-016,1.0,3,0.0,0.0,traverse_first,0.065,0.483,0.4917030000000001,0.164,typed_neighbors,True
auto_derived_v0.2,tridb_live,0.0,10.0,27671.0,,,stark_prime,0.0,1.0,2,False,10,1.171335,1.1907767999999999,1.19250496,0.5,traverse_first-5be44627d46d,post,1,stark-prime-016,0.5,3,0.0,0.0,traverse_first,0.061,0.462,0.49033499999999997,0.153,typed_neighbors,True
auto_derived_v0.2,tridb_live,0.0,19.0,27671.0,,,stark_prime,0.0,1.0,2,False,20,1.11714,1.5034128,1.53774816,0.5,traverse_first-5dac164247a2,post,1,stark-prime-016,1.0,3,0.0,0.0,traverse_first,0.058,0.433,0.48083599999999993,0.15,typed_neighbors,True
auto_derived_v0.2,tridb_live,0.0,19.0,27671.0,,,stark_prime,0.0,1.0,2,False,100,1.128287,1.1462564,1.1478536799999999,0.5,traverse_first-6c308678a8d4,post,1,stark-prime-016,1.0,3,0.0,0.0,traverse_first,0.058,0.44,0.4784219999999999,0.146,typed_neighbors,True
auto_derived_v0.2,tridb_live,0.0,19.0,27671.0,,,stark_prime,0.0,1.0,1,False,20,0.697183,1.072987,1.1063918,0.5,traverse_first-6e5585f7fa7d,during,1,stark-prime-016,1.0,3,0.0,0.0,traverse_first,0.053,0.132,0.469183,0.033,typed_neighbors,True
auto_derived_v0.2,tridb_live,0.0,19.0,27671.0,,,stark_prime,0.0,1.0,2,False,100,1.144985,1.1686595,1.1707638999999999,0.5,traverse_first-702b20668df6,during,1,stark-prime-016,1.0,3,0.0,0.0,traverse_first,0.061,0.447,0.4906599999999999,0.146,typed_neighbors,True
auto_derived_v0.2,tridb_live,0.0,19.0,27671.0,,,stark_prime,0.0,1.0,1,False,20,0.66156,0.6728352,0.67383744,0.5,traverse_first-76359c42693a,post,1,stark-prime-016,1.0,3,0.0,0.0,traverse_first,0.049,0.125,0.4525600000000001,0.028,typed_neighbors,True
auto_derived_v0.2,tridb_live,0.0,10.0,27671.0,,,stark_prime,0.0,1.0,1,False,10,0.644327,0.7949537,0.8083427400000001,0.5,traverse_first-7e45a5be9de9,post,1,stark-prime-016,0.5,3,0.0,0.0,traverse_first,0.046,0.12,0.456327,0.03,typed_neighbors,True
auto_derived_v0.2,tridb_live,0.0,19.0,27671.0,,,stark_prime,0.0,1.0,1,False,50,0.678051,0.7216739999999999,0.7255516,0.5,traverse_first-82c8aed23797,during,1,stark-prime-016,1.0,3,0.0,0.0,traverse_first,0.051,0.14,0.4671620000000001,0.033,typed_neighbors,True
auto_derived_v0.2,tridb_live,0.0,10.0,27671.0,,,stark_prime,0.0,1.0,1,False,10,0.76264,0.9360421,0.95145562,0.5,traverse_first-8d055dcb7096,during,1,stark-prime-016,0.5,3,0.0,0.0,traverse_first,0.051,0.124,0.52364,0.037,typed_neighbors,True
auto_derived_v0.2,tridb_live,0.0,1.0,27671.0,,,stark_prime,0.0,0.0,2,False,1,1.230045,1.5641124,1.59380728,0.0,traverse_first-92d6d9491887,during,1,stark-prime-016,0.0,3,0.0,0.0,traverse_first,0.06,0.517,0.47804500000000005,0.163,typed_neighbors,True
auto_derived_v0.2,tridb_live,0.0,1.0,27671.0,,,stark_prime,0.0,0.0,1,False,1,0.933059,1.3859830999999998,1.4262430199999998,0.0,traverse_first-a6e5d14e469b,post,1,stark-prime-016,0.0,3,0.0,0.0,traverse_first,0.054,0.15,0.689059,0.04,typed_neighbors,True
auto_derived_v0.2,tridb_live,0.0,5.0,27671.0,,,stark_prime,0.0,1.0,2,False,5,1.549438,1.686634,1.6988292,0.5,traverse_first-b279d6126ea0,post,1,stark-prime-016,0.5,3,0.0,0.0,traverse_first,0.067,0.447,0.706878,0.156,typed_neighbors,True
auto_derived_v0.2,tridb_live,0.0,19.0,27671.0,,,stark_prime,0.0,1.0,1,False,100,0.666973,0.6681889,0.66829698,0.5,traverse_first-c289b470b52c,post,1,stark-prime-016,1.0,3,0.0,0.0,traverse_first,0.049,0.119,0.467324,0.029,typed_neighbors,True
auto_derived_v0.2,tridb_live,0.0,5.0,27671.0,,,stark_prime,0.0,1.0,2,False,5,1.31286,1.4460491999999998,1.45788824,0.5,traverse_first-cccdd3ed958f,during,1,stark-prime-016,0.5,3,0.0,0.0,traverse_first,0.061,0.466,0.6348599999999999,0.161,typed_neighbors,True
auto_derived_v0.2,tridb_live,0.0,19.0,27671.0,,,stark_prime,0.0,1.0,2,False,20,1.166014,1.8025804,1.85916408,0.5,traverse_first-e4d7ef105a79,during,1,stark-prime-016,1.0,3,0.0,0.0,traverse_first,0.061,0.463,0.5016019999999999,0.151,typed_neighbors,True
auto_derived_v0.2,tridb_live,0.0,5.0,27671.0,,,stark_prime,0.0,1.0,1,False,5,0.648573,0.8634804,0.88258328,0.5,traverse_first-f0fdb2bba196,post,1,stark-prime-016,0.5,3,0.0,0.0,traverse_first,0.045,0.119,0.45957299999999995,0.028,typed_neighbors,True
auto_derived_v0.2,tridb_live,0.0,10.0,27671.0,,,stark_prime,0.0,1.0,2,False,10,1.26608,1.3176185,1.3221997,0.5,traverse_first-f9b36ac9da92,during,1,stark-prime-016,0.5,3,0.0,0.0,traverse_first,0.061,0.529,0.519345,0.163,typed_neighbors,True
auto_derived_v0.2,tridb_live,0.0,0.0,27671.0,,50.0,stark_prime,0.0,0.0,1,False,50,1.285475,1.4033471,1.41382462,0.0,vector_first-12e4b447491a,post,1,stark-prime-016,0.0,3,0.0,0.0,vector_first,0.739,0.0,0.5004749999999999,0.046,typed_neighbors,True
auto_derived_v0.2,tridb_live,0.0,0.0,27671.0,,50.0,stark_prime,0.0,0.0,2,False,50,1.399796,1.4029838,1.40326716,0.0,vector_first-2670324e0bc6,during,1,stark-prime-016,0.0,3,0.0,0.0,vector_first,0.703,0.217,0.4723379999999999,0.0,typed_neighbors,True
auto_derived_v0.2,tridb_live,0.0,0.0,27671.0,,20.0,stark_prime,0.0,0.0,2,False,20,1.510245,1.5749361000000002,1.5806864200000001,0.0,vector_first-27d19d1f923e,during,1,stark-prime-016,0.0,3,0.0,0.0,vector_first,0.629,0.135,0.7311240000000001,0.0,typed_neighbors,True
auto_derived_v0.2,tridb_live,0.0,0.0,27671.0,,10.0,stark_prime,0.0,0.0,1,False,10,1.023646,1.0518565,1.0543641,0.0,vector_first-404f84e6a5f4,post,1,stark-prime-016,0.0,3,0.0,0.0,vector_first,0.552,0.0,0.44035499999999994,0.036,typed_neighbors,True
auto_derived_v0.2,tridb_live,0.0,0.0,27671.0,,20.0,stark_prime,0.0,0.0,1,False,20,1.204353,1.2588993000000002,1.26374786,0.0,vector_first-4c96de282a3c,during,1,stark-prime-016,0.0,3,0.0,0.0,vector_first,0.615,0.137,0.44406200000000007,0.0,typed_neighbors,True
auto_derived_v0.2,tridb_live,0.0,0.0,27671.0,,5.0,stark_prime,0.0,0.0,1,False,5,1.031991,1.0454883,1.04668806,0.0,vector_first-539cd672e6b6,post,1,stark-prime-016,0.0,3,0.0,0.0,vector_first,0.543,0.0,0.45298800000000006,0.038,typed_neighbors,True
auto_derived_v0.2,tridb_live,0.0,0.0,27671.0,,100.0,stark_prime,0.0,0.0,2,False,100,1.614177,1.6235784,1.62441408,0.0,vector_first-736b83dff9a6,post,1,stark-prime-016,0.0,3,0.0,0.0,vector_first,0.852,0.114,0.4676229999999999,0.177,typed_neighbors,True
auto_derived_v0.2,tridb_live,0.0,0.0,27671.0,,5.0,stark_prime,0.0,0.0,2,False,5,1.039888,1.0446678999999999,1.04509278,0.0,vector_first-7462d459aaf5,during,1,stark-prime-016,0.0,3,0.0,0.0,vector_first,0.531,0.078,0.427199,0.0,typed_neighbors,True
auto_derived_v0.2,tridb_live,0.0,0.0,27671.0,,1.0,stark_prime,0.0,0.0,2,False,1,1.225127,1.2431684,1.2447720800000002,0.0,vector_first-79d7f13154dd,post,1,stark-prime-016,0.0,3,0.0,0.0,vector_first,0.586,0.0,0.47730799999999995,0.169,typed_neighbors,True
auto_derived_v0.2,tridb_live,0.0,0.0,27671.0,,1.0,stark_prime,0.0,0.0,2,False,1,1.335224,1.3591955,1.3613263,0.0,vector_first-8735078935c5,during,1,stark-prime-016,0.0,3,0.0,0.0,vector_first,0.755,0.052,0.5282239999999999,0.0,typed_neighbors,True
auto_derived_v0.2,tridb_live,0.0,0.0,27671.0,,10.0,stark_prime,0.0,0.0,1,False,10,1.08837,1.1465343000000001,1.1517044600000002,0.0,vector_first-879c2f5ec6a7,during,1,stark-prime-016,0.0,3,0.0,0.0,vector_first,0.563,0.103,0.4339329999999999,0.0,typed_neighbors,True
auto_derived_v0.2,tridb_live,0.0,0.0,27671.0,,100.0,stark_prime,0.0,0.0,1,False,100,1.765652,2.0414048,2.06591616,0.0,vector_first-95fb2abe9f82,during,1,stark-prime-016,0.0,3,0.0,0.0,vector_first,0.934,0.364,0.477044,0.0,typed_neighbors,True
auto_derived_v0.2,tridb_live,0.0,0.0,27671.0,,100.0,stark_prime,0.0,0.0,1,False,100,1.386315,1.4498685,1.4555177000000001,0.0,vector_first-9a76384ab2d2,post,1,stark-prime-016,0.0,3,0.0,0.0,vector_first,0.861,0.0,0.4737990000000001,0.042,typed_neighbors,True
auto_derived_v0.2,tridb_live,0.0,0.0,27671.0,,10.0,stark_prime,0.0,0.0,2,False,10,1.222037,1.8018359,1.85337358,0.0,vector_first-9e027ae921ee,during,1,stark-prime-016,0.0,3,0.0,0.0,vector_first,0.588,0.121,0.5240370000000001,0.0,typed_neighbors,True
auto_derived_v0.2,tridb_live,0.0,0.0,27671.0,,1.0,stark_prime,0.0,0.0,1,False,1,1.629699,3.5302173,3.69915226,0.0,vector_first-9f2a495d4986,during,1,stark-prime-016,0.0,3,0.0,0.0,vector_first,1.129,0.038,0.46438599999999974,0.0,typed_neighbors,True
auto_derived_v0.2,tridb_live,0.0,0.0,27671.0,,5.0,stark_prime,0.0,0.0,2,False,5,1.172119,1.1963965,1.1985545000000002,0.0,vector_first-a5b8d6da0107,post,1,stark-prime-016,0.0,3,0.0,0.0,vector_first,0.564,0.0,0.44811899999999993,0.158,typed_neighbors,True
auto_derived_v0.2,tridb_live,0.0,0.0,27671.0,,50.0,stark_prime,0.0,0.0,2,False,50,1.452196,1.4650965999999999,1.4662433199999998,0.0,vector_first-a7431c3167bb,post,1,stark-prime-016,0.0,3,0.0,0.0,vector_first,0.712,0.096,0.4772790000000001,0.172,typed_neighbors,True
auto_derived_v0.2,tridb_live,0.0,0.0,27671.0,,10.0,stark_prime,0.0,0.0,2,False,10,1.26353,1.36532,1.374368,0.0,vector_first-a802c228be07,post,1,stark-prime-016,0.0,3,0.0,0.0,vector_first,0.592,0.032,0.48253,0.179,typed_neighbors,True
auto_derived_v0.2,tridb_live,0.0,0.0,27671.0,,50.0,stark_prime,0.0,0.0,1,False,50,1.550434,1.6281571,1.63506582,0.0,vector_first-b3f469e3373a,during,1,stark-prime-016,0.0,3,0.0,0.0,vector_first,0.755,0.239,0.4905680000000001,0.0,typed_neighbors,True
auto_derived_v0.2,tridb_live,0.0,0.0,27671.0,,100.0,stark_prime,0.0,0.0,2,False,100,1.677973,1.7579802999999998,1.76509206,0.0,vector_first-b9cbe3a2c022,during,1,stark-prime-016,0.0,3,0.0,0.0,vector_first,0.852,0.366,0.46086099999999997,0.0,typed_neighbors,True
auto_derived_v0.2,tridb_live,0.0,0.0,27671.0,,1.0,stark_prime,0.0,0.0,1,False,1,1.090415,1.1540918,1.1597519600000001,0.0,vector_first-c1efa57fb2c2,post,1,stark-prime-016,0.0,3,0.0,0.0,vector_first,0.596,0.0,0.45669099999999996,0.04,typed_neighbors,True
auto_derived_v0.2,tridb_live,0.0,0.0,27671.0,,20.0,stark_prime,0.0,0.0,2,False,20,1.295222,1.308479,1.3096574,0.0,vector_first-c9c7dff0ae35,post,1,stark-prime-016,0.0,3,0.0,0.0,vector_first,0.613,0.042,0.47495200000000004,0.17,typed_neighbors,True
auto_derived_v0.2,tridb_live,0.0,0.0,27671.0,,20.0,stark_prime,0.0,0.0,1,False,20,1.167395,1.4074061,1.42874042,0.0,vector_first-ce905df43902,post,1,stark-prime-016,0.0,3,0.0,0.0,vector_first,0.603,0.0,0.454395,0.038,typed_neighbors,True
auto_derived_v0.2,tridb_live,0.0,0.0,27671.0,,8.0,stark_prime,0.0,0.0,2,True,8,1.214944,1.2245352999999999,1.2253878599999999,0.0,vector_first-ebaeb868fc9b,post,1,stark-prime-016,0.0,3,0.0,0.0,vector_first,0.594,0.0,0.457944,0.16,typed_neighbors,True
auto_derived_v0.2,tridb_live,0.0,0.0,27671.0,,5.0,stark_prime,0.0,0.0,1,False,5,1.105979,1.1281523,1.13012326,0.0,vector_first-f0a58d413e0f,during,1,stark-prime-016,0.0,3,0.0,0.0,vector_first,0.567,0.084,0.4456110000000001,0.0,typed_neighbors,True
auto_derived_v0.2,tridb_live,0.0,2.0,17080.0,,50.0,stark_prime,0.0,1.0,1,False,50,55.849922,66.4571636,67.40002952,0.5,filter_first-03f67415e651,pre,1,stark-prime-017,1.0,3,0.0,0.0,filter_first,54.834,0.0,0.8995530000000045,0.064,typed_neighbors,True
auto_derived_v0.2,tridb_live,0.0,2.0,17080.0,,20.0,stark_prime,0.0,1.0,1,False,20,1.474243,1.5647910999999999,1.57283982,0.5,filter_first-1cad3c1573b2,pre,1,stark-prime-017,1.0,3,0.0,0.0,filter_first,0.955,0.0,0.49005199999999993,0.034,typed_neighbors,True
auto_derived_v0.2,tridb_live,0.0,3.0,17080.0,,100.0,stark_prime,0.0,1.0,1,False,100,55.238125,55.326957699999994,55.334853939999995,0.5,filter_first-2387000dc3a8,pre,1,stark-prime-017,1.0,3,0.0,0.0,filter_first,53.958,0.0,1.0671249999999972,0.064,typed_neighbors,True
auto_derived_v0.2,tridb_live,0.0,4.0,17080.0,,100.0,stark_prime,0.0,1.0,2,False,100,55.316412,55.7114742,55.746590839999996,0.5,filter_first-28ed17c208d7,pre,1,stark-prime-017,1.0,3,0.0,0.0,filter_first,53.81,0.0,0.9313700000000011,0.121,typed_neighbors,True
auto_derived_v0.2,tridb_live,0.0,2.0,17080.0,,50.0,stark_prime,0.0,1.0,2,False,50,56.148579,58.1710644,58.35084088,0.5,filter_first-2d01f654960c,pre,1,stark-prime-017,1.0,3,0.0,0.0,filter_first,54.445,0.0,1.2538669999999996,0.119,typed_neighbors,True
auto_derived_v0.2,tridb_live,0.0,1.0,17080.0,,1.0,stark_prime,0.0,0.0,2,False,1,1.701165,2.0441388000000003,2.07462536,0.0,filter_first-3a7f1025f729,pre,1,stark-prime-017,0.0,3,0.0,0.0,filter_first,1.189,0.0,0.551852,0.036,typed_neighbors,True
auto_derived_v0.2,tridb_live,0.0,2.0,17080.0,,20.0,stark_prime,0.0,1.0,2,False,20,1.481644,1.4922613,1.49320506,0.5,filter_first-46ec65dc7fea,pre,1,stark-prime-017,1.0,3,0.0,0.0,filter_first,0.93,0.0,0.474359,0.078,typed_neighbors,True
auto_derived_v0.2,tridb_live,0.0,1.0,17080.0,,10.0,stark_prime,0.0,0.0,1,False,10,1.508699,1.523549,1.524869,0.0,filter_first-8532bb36e741,pre,1,stark-prime-017,0.0,3,0.0,0.0,filter_first,0.944,0.0,0.500966,0.034,typed_neighbors,True
auto_derived_v0.2,tridb_live,0.0,1.0,17080.0,,5.0,stark_prime,0.0,0.0,1,False,5,1.517487,1.7787975,1.8020251,0.0,filter_first-8699218b4a03,pre,1,stark-prime-017,0.0,3,0.0,0.0,filter_first,0.909,0.0,0.497487,0.037,typed_neighbors,True
auto_derived_v0.2,tridb_live,0.0,1.0,17080.0,,10.0,stark_prime,0.0,0.0,2,False,10,1.532002,1.598989,1.6049434,0.0,filter_first-88d1f0b4340a,pre,1,stark-prime-017,0.0,3,0.0,0.0,filter_first,0.922,0.0,0.5300020000000001,0.08,typed_neighbors,True
auto_derived_v0.2,tridb_live,0.0,1.0,17080.0,,5.0,stark_prime,0.0,0.0,2,False,5,1.51051,1.5236599,1.52482878,0.0,filter_first-bb7c33f6d989,pre,1,stark-prime-017,0.0,3,0.0,0.0,filter_first,0.896,0.0,0.53251,0.084,typed_neighbors,True
auto_derived_v0.2,tridb_live,0.0,1.0,17080.0,,1.0,stark_prime,0.0,0.0,1,False,1,3.116881,3.4015672,3.42687264,0.0,filter_first-ef43b60e2e3b,pre,1,stark-prime-017,0.0,3,0.0,0.0,filter_first,1.786,0.0,1.2191990000000001,0.037,typed_neighbors,True
auto_derived_v0.2,tridb_live,0.0,1.0,17080.0,,,stark_prime,0.0,0.0,1,False,1,0.625905,1.2190797,1.27180634,0.0,traverse_first-0e65f761853b,during,1,stark-prime-017,0.0,3,0.0,0.0,traverse_first,0.024,0.094,0.480905,0.027,typed_neighbors,True
auto_derived_v0.2,tridb_live,0.0,1.0,17080.0,,,stark_prime,0.0,0.0,2,False,1,0.818691,0.8968794,0.90382948,0.0,traverse_first-1401f30333f9,post,1,stark-prime-017,0.0,3,0.0,0.0,traverse_first,0.12,0.196,0.44269099999999995,0.068,typed_neighbors,True
auto_derived_v0.2,tridb_live,0.0,20.0,17080.0,,,stark_prime,0.0,1.0,2,False,50,0.901544,1.1984693,1.2248626599999999,0.5,traverse_first-15df7fd20126,post,1,stark-prime-017,1.0,3,0.0,0.0,traverse_first,0.128,0.212,0.467544,0.078,typed_neighbors,True
auto_derived_v0.2,tridb_live,0.0,8.0,17080.0,,,stark_prime,0.0,1.0,1,False,50,0.545727,0.5512503,0.55174126,0.5,traverse_first-18e80c0b50a9,post,1,stark-prime-017,1.0,3,0.0,0.0,traverse_first,0.019,0.084,0.41972699999999996,0.022,typed_neighbors,True
auto_derived_v0.2,tridb_live,0.0,5.0,17080.0,,,stark_prime,0.0,1.0,1,False,5,0.564369,0.5895375,0.5917747,0.5,traverse_first-2ef9d31e2115,during,1,stark-prime-017,1.0,3,0.0,0.0,traverse_first,0.023,0.09,0.432203,0.023,typed_neighbors,True
auto_derived_v0.2,tridb_live,0.0,8.0,17080.0,,,stark_prime,0.0,1.0,1,False,100,0.569157,0.6029772,0.60598344,0.5,traverse_first-3161568b8481,during,1,stark-prime-017,1.0,3,0.0,0.0,traverse_first,0.021,0.085,0.438157,0.025,typed_neighbors,True
auto_derived_v0.2,tridb_live,0.0,20.0,17080.0,,,stark_prime,0.0,1.0,2,False,50,0.860667,0.9360996,0.94280472,0.5,traverse_first-532feb3a2124,during,1,stark-prime-017,1.0,3,0.0,0.0,traverse_first,0.125,0.214,0.448667,0.075,typed_neighbors,True
auto_derived_v0.2,tridb_live,0.0,10.0,17080.0,,,stark_prime,0.0,1.0,2,False,10,0.852443,0.9582758,0.96768316,0.5,traverse_first-5be44627d46d,post,1,stark-prime-017,1.0,3,0.0,0.0,traverse_first,0.124,0.212,0.448688,0.072,typed_neighbors,True
auto_derived_v0.2,tridb_live,0.0,20.0,17080.0,,,stark_prime,0.0,1.0,2,False,20,0.918022,1.0951617999999999,1.11090756,0.5,traverse_first-5dac164247a2,post,1,stark-prime-017,1.0,3,0.0,0.0,traverse_first,0.121,0.217,0.497022,0.073,typed_neighbors,True
auto_derived_v0.2,tridb_live,0.0,20.0,17080.0,,,stark_prime,0.0,1.0,2,False,100,0.864283,0.8672494,0.8675130799999999,0.5,traverse_first-6c308678a8d4,post,1,stark-prime-017,1.0,3,0.0,0.0,traverse_first,0.119,0.211,0.45728300000000005,0.073,typed_neighbors,True
auto_derived_v0.2,tridb_live,0.0,8.0,17080.0,,,stark_prime,0.0,1.0,1,False,20,0.71976,1.0028505,1.0280141,0.5,traverse_first-6e5585f7fa7d,during,1,stark-prime-017,1.0,3,0.0,0.0,traverse_first,0.023,0.098,0.5707599999999999,0.027,typed_neighbors,True
auto_derived_v0.2,tridb_live,0.0,20.0,17080.0,,,stark_prime,0.0,1.0,2,False,100,0.927045,1.100952,1.1164104,0.5,traverse_first-702b20668df6,during,1,stark-prime-017,1.0,3,0.0,0.0,traverse_first,0.135,0.217,0.501045,0.074,typed_neighbors,True
auto_derived_v0.2,tridb_live,0.0,8.0,17080.0,,,stark_prime,0.0,1.0,1,False,20,0.590211,0.5929245000000001,0.5931657,0.5,traverse_first-76359c42693a,post,1,stark-prime-017,1.0,3,0.0,0.0,traverse_first,0.019,0.086,0.462226,0.024,typed_neighbors,True
auto_derived_v0.2,tridb_live,0.0,8.0,17080.0,,,stark_prime,0.0,1.0,1,False,10,0.579346,0.5995320999999999,0.6013264199999999,0.5,traverse_first-7e45a5be9de9,post,1,stark-prime-017,1.0,3,0.0,0.0,traverse_first,0.018,0.087,0.445179,0.028,typed_neighbors,True
auto_derived_v0.2,tridb_live,0.0,8.0,17080.0,,,stark_prime,0.0,1.0,1,False,50,0.583865,0.6077815999999999,0.6099075199999999,0.5,traverse_first-82c8aed23797,during,1,stark-prime-017,1.0,3,0.0,0.0,traverse_first,0.02,0.087,0.45486499999999996,0.026,typed_neighbors,True
auto_derived_v0.2,tridb_live,0.0,8.0,17080.0,,,stark_prime,0.0,1.0,1,False,10,0.677314,0.783811,0.7932774,0.5,traverse_first-8d055dcb7096,during,1,stark-prime-017,1.0,3,0.0,0.0,traverse_first,0.024,0.093,0.533314,0.024,typed_neighbors,True
auto_derived_v0.2,tridb_live,0.0,1.0,17080.0,,,stark_prime,0.0,0.0,2,False,1,0.937733,1.0890149,1.1024621799999998,0.0,traverse_first-92d6d9491887,during,1,stark-prime-017,0.0,3,0.0,0.0,traverse_first,0.148,0.227,0.5307330000000001,0.075,typed_neighbors,True
auto_derived_v0.2,tridb_live,0.0,1.0,17080.0,,,stark_prime,0.0,0.0,1,False,1,0.551992,0.5523502,0.55238204,0.0,traverse_first-a6e5d14e469b,post,1,stark-prime-017,0.0,3,0.0,0.0,traverse_first,0.018,0.082,0.42699200000000004,0.023,typed_neighbors,True
auto_derived_v0.2,tridb_live,0.0,5.0,17080.0,,,stark_prime,0.0,1.0,2,False,5,0.868464,0.9098334,0.91351068,0.5,traverse_first-b279d6126ea0,post,1,stark-prime-017,1.0,3,0.0,0.0,traverse_first,0.124,0.205,0.46146400000000004,0.068,typed_neighbors,True
auto_derived_v0.2,tridb_live,0.0,8.0,17080.0,,,stark_prime,0.0,1.0,1,False,100,0.571107,0.5760795000000001,0.5765215,0.5,traverse_first-c289b470b52c,post,1,stark-prime-017,1.0,3,0.0,0.0,traverse_first,0.019,0.088,0.442632,0.022,typed_neighbors,True
auto_derived_v0.2,tridb_live,0.0,5.0,17080.0,,,stark_prime,0.0,1.0,2,False,5,0.856947,0.8580297,0.85812594,0.5,traverse_first-cccdd3ed958f,during,1,stark-prime-017,1.0,3,0.0,0.0,traverse_first,0.13,0.214,0.44294700000000004,0.068,typed_neighbors,True
auto_derived_v0.2,tridb_live,0.0,20.0,17080.0,,,stark_prime,0.0,1.0,2,False,20,0.906908,0.9220937,0.92344354,0.5,traverse_first-e4d7ef105a79,during,1,stark-prime-017,1.0,3,0.0,0.0,traverse_first,0.126,0.212,0.49178099999999997,0.074,typed_neighbors,True
auto_derived_v0.2,tridb_live,0.0,5.0,17080.0,,,stark_prime,0.0,1.0,1,False,5,0.561374,0.5713613,0.57224906,0.5,traverse_first-f0fdb2bba196,post,1,stark-prime-017,1.0,3,0.0,0.0,traverse_first,0.018,0.088,0.43037400000000003,0.024,typed_neighbors,True
auto_derived_v0.2,tridb_live,0.0,10.0,17080.0,,,stark_prime,0.0,1.0,2,False,10,0.859791,0.8658551999999999,0.86639424,0.5,traverse_first-f9b36ac9da92,during,1,stark-prime-017,1.0,3,0.0,0.0,traverse_first,0.127,0.218,0.447529,0.069,typed_neighbors,True
auto_derived_v0.2,tridb_live,0.0,2.0,17080.0,,50.0,stark_prime,0.0,1.0,1,False,50,1.603126,1.6357051,1.6386010199999999,0.5,vector_first-12e4b447491a,post,1,stark-prime-017,1.0,3,0.0,0.0,vector_first,1.006,0.046,0.5141260000000001,0.037,typed_neighbors,True
auto_derived_v0.2,tridb_live,0.0,2.0,17080.0,,50.0,stark_prime,0.0,1.0,2,False,50,1.755516,1.87869,1.8896388,0.5,vector_first-2670324e0bc6,during,1,stark-prime-017,1.0,3,0.0,0.0,vector_first,0.969,0.225,0.48151600000000006,0.08,typed_neighbors,True
auto_derived_v0.2,tridb_live,0.0,1.0,17080.0,,20.0,stark_prime,0.0,0.0,2,False,20,2.377201,2.4905380000000004,2.5006124,0.0,vector_first-27d19d1f923e,during,1,stark-prime-017,0.0,3,0.0,0.0,vector_first,1.348,0.252,0.6251310000000003,0.134,typed_neighbors,True
auto_derived_v0.2,tridb_live,0.0,0.0,17080.0,,10.0,stark_prime,0.0,0.0,1,False,10,1.421797,1.4316934,1.43257308,0.0,vector_first-404f84e6a5f4,post,1,stark-prime-017,0.0,3,0.0,0.0,vector_first,0.9,0.0,0.475797,0.038,typed_neighbors,True
auto_derived_v0.2,tridb_live,0.0,1.0,17080.0,,20.0,stark_prime,0.0,0.0,1,False,20,1.557389,1.6137227,1.61873014,0.0,vector_first-4c96de282a3c,during,1,stark-prime-017,0.0,3,0.0,0.0,vector_first,0.924,0.153,0.460982,0.033,typed_neighbors,True
auto_derived_v0.2,tridb_live,0.0,0.0,17080.0,,5.0,stark_prime,0.0,0.0,1,False,5,1.363879,1.3646377,1.36470514,0.0,vector_first-539cd672e6b6,post,1,stark-prime-017,0.0,3,0.0,0.0,vector_first,0.871,0.0,0.45024600000000004,0.036,typed_neighbors,True
auto_derived_v0.2,tridb_live,0.0,2.0,17080.0,,100.0,stark_prime,0.0,1.0,2,False,100,1.736916,1.8742821,1.88649242,0.5,vector_first-736b83dff9a6,post,1,stark-prime-017,1.0,3,0.0,0.0,vector_first,1.125,0.044,0.4769159999999999,0.087,typed_neighbors,True
auto_derived_v0.2,tridb_live,0.0,0.0,17080.0,,5.0,stark_prime,0.0,0.0,2,False,5,1.441616,1.7599262,1.78822044,0.0,vector_first-7462d459aaf5,during,1,stark-prime-017,0.0,3,0.0,0.0,vector_first,0.905,0.094,0.453616,0.0,typed_neighbors,True
auto_derived_v0.2,tridb_live,0.0,0.0,17080.0,,1.0,stark_prime,0.0,0.0,2,False,1,1.424992,1.4865178000000001,1.49198676,0.0,vector_first-79d7f13154dd,post,1,stark-prime-017,0.0,3,0.0,0.0,vector_first,0.873,0.0,0.4739920000000001,0.078,typed_neighbors,True
auto_derived_v0.2,tridb_live,0.0,0.0,17080.0,,1.0,stark_prime,0.0,0.0,2,False,1,1.376054,1.4073487999999998,1.4101305599999998,0.0,vector_first-8735078935c5,during,1,stark-prime-017,0.0,3,0.0,0.0,vector_first,0.882,0.037,0.4505819999999999,0.0,typed_neighbors,True
auto_derived_v0.2,tridb_live,0.0,0.0,17080.0,,10.0,stark_prime,0.0,0.0,1,False,10,1.516313,1.5392621,1.54130202,0.0,vector_first-879c2f5ec6a7,during,1,stark-prime-017,0.0,3,0.0,0.0,vector_first,0.895,0.12,0.464313,0.0,typed_neighbors,True
auto_derived_v0.2,tridb_live,0.0,2.0,17080.0,,100.0,stark_prime,0.0,1.0,1,False,100,2.132858,2.2236328999999997,2.23170178,0.5,vector_first-95fb2abe9f82,during,1,stark-prime-017,1.0,3,0.0,0.0,vector_first,1.25,0.377,0.4678580000000001,0.037,typed_neighbors,True
auto_derived_v0.2,tridb_live,0.0,2.0,17080.0,,100.0,stark_prime,0.0,1.0,1,False,100,1.794675,1.8498774,1.85478428,0.5,vector_first-9a76384ab2d2,post,1,stark-prime-017,1.0,3,0.0,0.0,vector_first,1.168,0.044,0.5410110000000001,0.037,typed_neighbors,True
auto_derived_v0.2,tridb_live,0.0,0.0,17080.0,,10.0,stark_prime,0.0,0.0,2,False,10,1.491079,1.714063,1.7338838,0.0,vector_first-9e027ae921ee,during,1,stark-prime-017,0.0,3,0.0,0.0,vector_first,0.927,0.119,0.47448500000000005,0.0,typed_neighbors,True
auto_derived_v0.2,tridb_live,0.0,0.0,17080.0,,1.0,stark_prime,0.0,0.0,1,False,1,2.276772,2.3663013,2.37425946,0.0,vector_first-9f2a495d4986,during,1,stark-prime-017,0.0,3,0.0,0.0,vector_first,1.782,0.04,0.45477199999999973,0.0,typed_neighbors,True
auto_derived_v0.2,tridb_live,0.0,0.0,17080.0,,5.0,stark_prime,0.0,0.0,2,False,5,1.495604,1.6080959,1.61809518,0.0,vector_first-a5b8d6da0107,post,1,stark-prime-017,0.0,3,0.0,0.0,vector_first,0.883,0.0,0.518604,0.083,typed_neighbors,True
auto_derived_v0.2,tridb_live,0.0,2.0,17080.0,,50.0,stark_prime,0.0,1.0,2,False,50,1.532483,1.5411860000000002,1.5419596000000002,0.5,vector_first-a7431c3167bb,post,1,stark-prime-017,1.0,3,0.0,0.0,vector_first,0.952,0.042,0.45515300000000014,0.079,typed_neighbors,True
auto_derived_v0.2,tridb_live,0.0,0.0,17080.0,,10.0,stark_prime,0.0,0.0,2,False,10,1.426529,1.4275622000000001,1.4276540400000002,0.0,vector_first-a802c228be07,post,1,stark-prime-017,0.0,3,0.0,0.0,vector_first,0.88,0.0,0.4588740000000001,0.083,typed_neighbors,True
auto_derived_v0.2,tridb_live,0.0,2.0,17080.0,,50.0,stark_prime,0.0,1.0,1,False,50,1.860427,2.1148974999999997,2.1375170999999997,0.5,vector_first-b3f469e3373a,during,1,stark-prime-017,1.0,3,0.0,0.0,vector_first,1.091,0.259,0.504427,0.037,typed_neighbors,True
auto_derived_v0.2,tridb_live,0.0,2.0,17080.0,,100.0,stark_prime,0.0,1.0,2,False,100,2.068633,2.2293019000000003,2.24358358,0.5,vector_first-b9cbe3a2c022,during,1,stark-prime-017,1.0,3,0.0,0.0,vector_first,1.124,0.378,0.4861359999999999,0.089,typed_neighbors,True
auto_derived_v0.2,tridb_live,0.0,0.0,17080.0,,1.0,stark_prime,0.0,0.0,1,False,1,1.41073,1.4511085,1.4546976999999999,0.0,vector_first-c1efa57fb2c2,post,1,stark-prime-017,0.0,3,0.0,0.0,vector_first,0.924,0.0,0.4517300000000001,0.035,typed_neighbors,True
auto_derived_v0.2,tridb_live,0.0,1.0,17080.0,,20.0,stark_prime,0.0,0.0,2,False,20,1.479898,1.7375319999999999,1.7604327999999998,0.0,vector_first-c9c7dff0ae35,post,1,stark-prime-017,0.0,3,0.0,0.0,vector_first,0.897,0.032,0.47289800000000004,0.078,typed_neighbors,True
auto_derived_v0.2,tridb_live,0.0,1.0,17080.0,,20.0,stark_prime,0.0,0.0,1,False,20,2.032368,2.0450687999999997,2.0461977599999996,0.0,vector_first-ce905df43902,post,1,stark-prime-017,0.0,3,0.0,0.0,vector_first,1.362,0.05,0.5693679999999999,0.051,typed_neighbors,True
auto_derived_v0.2,tridb_live,0.0,0.0,17080.0,,8.0,stark_prime,0.0,0.0,2,True,8,1.441753,1.4995672,1.50470624,0.0,vector_first-ebaeb868fc9b,post,1,stark-prime-017,0.0,3,0.0,0.0,vector_first,0.884,0.0,0.4727530000000001,0.08,typed_neighbors,True
auto_derived_v0.2,tridb_live,0.0,0.0,17080.0,,5.0,stark_prime,0.0,0.0,1,False,5,1.415691,1.418985,1.4192778,0.0,vector_first-f0a58d413e0f,during,1,stark-prime-017,0.0,3,0.0,0.0,vector_first,0.875,0.088,0.45035100000000006,0.0,typed_neighbors,True
auto_derived_v0.2,tridb_live,0.0,0.0,27671.0,,50.0,stark_prime,0.0,0.0,1,False,50,63.557916,63.6463104,63.65416768,0.0,filter_first-03f67415e651,pre,1,stark-prime-018,0.0,3,0.0,0.0,filter_first,62.622,0.0,0.850367999999996,0.064,typed_neighbors,True
auto_derived_v0.2,tridb_live,0.0,0.0,27671.0,,20.0,stark_prime,0.0,0.0,1,False,20,27.372871,28.4474026,28.54291652,0.0,filter_first-1cad3c1573b2,pre,1,stark-prime-018,0.0,3,0.0,0.0,filter_first,26.011,0.0,0.8831880000000005,0.056,typed_neighbors,True
auto_derived_v0.2,tridb_live,0.0,0.0,27671.0,,100.0,stark_prime,0.0,0.0,1,False,100,106.722404,106.9224965,106.9402825,0.0,filter_first-2387000dc3a8,pre,1,stark-prime-018,0.0,3,0.0,0.0,filter_first,105.409,0.0,1.0994039999999927,0.067,typed_neighbors,True
auto_derived_v0.2,tridb_live,0.0,0.0,27671.0,,100.0,stark_prime,0.0,0.0,2,False,100,107.133922,107.8449832,107.90818864,0.0,filter_first-28ed17c208d7,pre,1,stark-prime-018,0.0,3,0.0,0.0,filter_first,106.036,0.0,0.9479900000000043,0.14,typed_neighbors,True
auto_derived_v0.2,tridb_live,0.0,0.0,27671.0,,50.0,stark_prime,0.0,0.0,2,False,50,63.488463,63.7726524,63.79791368,0.0,filter_first-2d01f654960c,pre,1,stark-prime-018,0.0,3,0.0,0.0,filter_first,62.319,0.0,0.863898000000006,0.136,typed_neighbors,True
auto_derived_v0.2,tridb_live,0.0,0.0,27671.0,,1.0,stark_prime,0.0,0.0,2,False,1,2.398228,2.6249794,2.6451350799999997,0.0,filter_first-3a7f1025f729,pre,1,stark-prime-018,0.0,3,0.0,0.0,filter_first,1.84,0.0,0.4762280000000001,0.082,typed_neighbors,True
auto_derived_v0.2,tridb_live,0.0,0.0,27671.0,,20.0,stark_prime,0.0,0.0,2,False,20,27.048785,41.531755999999994,42.819131199999994,0.0,filter_first-46ec65dc7fea,pre,1,stark-prime-018,0.0,3,0.0,0.0,filter_first,25.883,0.0,0.8190080000000002,0.13,typed_neighbors,True
auto_derived_v0.2,tridb_live,0.0,0.0,27671.0,,10.0,stark_prime,0.0,0.0,1,False,10,15.694199,24.261092899999998,25.02259458,0.0,filter_first-8532bb36e741,pre,1,stark-prime-018,0.0,3,0.0,0.0,filter_first,14.497,0.0,1.1461989999999993,0.051,typed_neighbors,True
auto_derived_v0.2,tridb_live,0.0,0.0,27671.0,,5.0,stark_prime,0.0,0.0,1,False,5,12.114154,21.6545266,22.50255972,0.0,filter_first-8699218b4a03,pre,1,stark-prime-018,0.0,3,0.0,0.0,filter_first,10.534,0.0,1.297592999999999,0.05,typed_neighbors,True
auto_derived_v0.2,tridb_live,0.0,0.0,27671.0,,10.0,stark_prime,0.0,0.0,2,False,10,15.339462,16.3152006,16.40193292,0.0,filter_first-88d1f0b4340a,pre,1,stark-prime-018,0.0,3,0.0,0.0,filter_first,14.214,0.0,1.0134619999999988,0.112,typed_neighbors,True
auto_derived_v0.2,tridb_live,0.0,0.0,27671.0,,5.0,stark_prime,0.0,0.0,2,False,5,11.519793,12.2505786,12.31553732,0.0,filter_first-bb7c33f6d989,pre,1,stark-prime-018,0.0,3,0.0,0.0,filter_first,10.363,0.0,1.0497929999999993,0.11,typed_neighbors,True
auto_derived_v0.2,tridb_live,0.0,0.0,27671.0,,1.0,stark_prime,0.0,0.0,1,False,1,3.516907,7.6850014,8.05549868,0.0,filter_first-ef43b60e2e3b,pre,1,stark-prime-018,0.0,3,0.0,0.0,filter_first,2.931,0.0,0.5469069999999996,0.036,typed_neighbors,True
auto_derived_v0.2,tridb_live,0.0,1.0,27671.0,,,stark_prime,0.0,0.0,1,False,1,0.534445,0.7798957,0.80171354,0.0,traverse_first-0e65f761853b,during,1,stark-prime-018,0.0,3,0.0,0.0,traverse_first,0.007,0.037,0.46644499999999994,0.024,typed_neighbors,True
auto_derived_v0.2,tridb_live,0.0,1.0,27671.0,,,stark_prime,0.0,0.0,2,False,1,0.740125,0.778645,0.782069,0.0,traverse_first-1401f30333f9,post,1,stark-prime-018,0.0,3,0.0,0.0,traverse_first,0.006,0.242,0.432544,0.065,typed_neighbors,True
auto_derived_v0.2,tridb_live,0.0,2.0,27671.0,,,stark_prime,0.0,1.0,2,False,50,0.791052,0.9646494,0.98008028,0.5,traverse_first-15df7fd20126,post,1,stark-prime-018,1.0,3,0.0,0.0,traverse_first,0.007,0.236,0.482052,0.07,typed_neighbors,True
auto_derived_v0.2,tridb_live,0.0,2.0,27671.0,,,stark_prime,0.0,1.0,1,False,50,0.474242,0.47462719999999997,0.47466144,0.5,traverse_first-18e80c0b50a9,post,1,stark-prime-018,1.0,3,0.0,0.0,traverse_first,0.005,0.03,0.420242,0.016,typed_neighbors,True
auto_derived_v0.2,tridb_live,0.0,2.0,27671.0,,,stark_prime,0.0,1.0,1,False,5,0.524804,0.8104954999999999,0.8358903,0.5,traverse_first-2ef9d31e2115,during,1,stark-prime-018,1.0,3,0.0,0.0,traverse_first,0.006,0.031,0.47080400000000006,0.018,typed_neighbors,True
auto_derived_v0.2,tridb_live,0.0,2.0,27671.0,,,stark_prime,0.0,1.0,1,False,100,0.504009,0.5105754,0.51115908,0.5,traverse_first-3161568b8481,during,1,stark-prime-018,1.0,3,0.0,0.0,traverse_first,0.005,0.033,0.44500900000000004,0.018,typed_neighbors,True
auto_derived_v0.2,tridb_live,0.0,2.0,27671.0,,,stark_prime,0.0,1.0,2,False,50,0.744353,0.7920008,0.79623616,0.5,traverse_first-532feb3a2124,during,1,stark-prime-018,1.0,3,0.0,0.0,traverse_first,0.007,0.242,0.42835300000000004,0.068,typed_neighbors,True
auto_derived_v0.2,tridb_live,0.0,2.0,27671.0,,,stark_prime,0.0,1.0,2,False,10,0.746286,0.7547739,0.75552838,0.5,traverse_first-5be44627d46d,post,1,stark-prime-018,1.0,3,0.0,0.0,traverse_first,0.006,0.235,0.435286,0.07,typed_neighbors,True
auto_derived_v0.2,tridb_live,0.0,2.0,27671.0,,,stark_prime,0.0,1.0,2,False,20,0.739492,0.7473390999999999,0.7480366199999999,0.5,traverse_first-5dac164247a2,post,1,stark-prime-018,1.0,3,0.0,0.0,traverse_first,0.005,0.237,0.429978,0.062,typed_neighbors,True
auto_derived_v0.2,tridb_live,0.0,2.0,27671.0,,,stark_prime,0.0,1.0,2,False,100,0.749909,0.7569848,0.75761376,0.5,traverse_first-6c308678a8d4,post,1,stark-prime-018,1.0,3,0.0,0.0,traverse_first,0.006,0.243,0.44301300000000005,0.064,typed_neighbors,True
auto_derived_v0.2,tridb_live,0.0,2.0,27671.0,,,stark_prime,0.0,1.0,1,False,20,0.483028,0.48545530000000003,0.48567106000000004,0.5,traverse_first-6e5585f7fa7d,during,1,stark-prime-018,1.0,3,0.0,0.0,traverse_first,0.005,0.03,0.430725,0.018,typed_neighbors,True
auto_derived_v0.2,tridb_live,0.0,2.0,27671.0,,,stark_prime,0.0,1.0,2,False,100,0.762976,0.7653213999999999,0.76552988,0.5,traverse_first-702b20668df6,during,1,stark-prime-018,1.0,3,0.0,0.0,traverse_first,0.005,0.246,0.446976,0.061,typed_neighbors,True
auto_derived_v0.2,tridb_live,0.0,2.0,27671.0,,,stark_prime,0.0,1.0,1,False,20,0.796991,0.7971881,0.79720562,0.5,traverse_first-76359c42693a,post,1,stark-prime-018,1.0,3,0.0,0.0,traverse_first,0.011,0.066,0.637991,0.037,typed_neighbors,True
auto_derived_v0.2,tridb_live,0.0,2.0,27671.0,,,stark_prime,0.0,1.0,1,False,10,0.47247,0.5043777,0.50721394,0.5,traverse_first-7e45a5be9de9,post,1,stark-prime-018,1.0,3,0.0,0.0,traverse_first,0.006,0.031,0.42047,0.016,typed_neighbors,True
auto_derived_v0.2,tridb_live,0.0,2.0,27671.0,,,stark_prime,0.0,1.0,1,False,50,0.477064,0.5425561,0.54837762,0.5,traverse_first-82c8aed23797,during,1,stark-prime-018,1.0,3,0.0,0.0,traverse_first,0.005,0.03,0.423064,0.018,typed_neighbors,True
auto_derived_v0.2,tridb_live,0.0,2.0,27671.0,,,stark_prime,0.0,1.0,1,False,10,0.499306,0.5498230000000001,0.5543134000000001,0.5,traverse_first-8d055dcb7096,during,1,stark-prime-018,1.0,3,0.0,0.0,traverse_first,0.005,0.033,0.44130600000000003,0.02,typed_neighbors,True
auto_derived_v0.2,tridb_live,0.0,1.0,27671.0,,,stark_prime,0.0,0.0,2,False,1,0.789899,0.8902796000000001,0.89920232,0.0,traverse_first-92d6d9491887,during,1,stark-prime-018,0.0,3,0.0,0.0,traverse_first,0.007,0.278,0.43789900000000004,0.07,typed_neighbors,True
auto_derived_v0.2,tridb_live,0.0,1.0,27671.0,,,stark_prime,0.0,0.0,1,False,1,0.51781,0.5307439,0.53189358,0.0,traverse_first-a6e5d14e469b,post,1,stark-prime-018,0.0,3,0.0,0.0,traverse_first,0.005,0.031,0.46481,0.017,typed_neighbors,True
auto_derived_v0.2,tridb_live,0.0,2.0,27671.0,,,stark_prime,0.0,1.0,2,False,5,0.908317,0.9347194,0.9370662799999999,0.5,traverse_first-b279d6126ea0,post,1,stark-prime-018,1.0,3,0.0,0.0,traverse_first,0.006,0.248,0.5733170000000001,0.071,typed_neighbors,True
auto_derived_v0.2,tridb_live,0.0,2.0,27671.0,,,stark_prime,0.0,1.0,1,False,100,0.493749,0.4978116,0.49817272,0.5,traverse_first-c289b470b52c,post,1,stark-prime-018,1.0,3,0.0,0.0,traverse_first,0.005,0.031,0.439749,0.017,typed_neighbors,True
auto_derived_v0.2,tridb_live,0.0,2.0,27671.0,,,stark_prime,0.0,1.0,2,False,5,0.773133,0.7848185999999999,0.78585732,0.5,traverse_first-cccdd3ed958f,during,1,stark-prime-018,1.0,3,0.0,0.0,traverse_first,0.006,0.248,0.45211699999999994,0.069,typed_neighbors,True
auto_derived_v0.2,tridb_live,0.0,2.0,27671.0,,,stark_prime,0.0,1.0,2,False,20,0.81404,1.0556648,1.07714256,0.5,traverse_first-e4d7ef105a79,during,1,stark-prime-018,1.0,3,0.0,0.0,traverse_first,0.006,0.261,0.44004,0.073,typed_neighbors,True
auto_derived_v0.2,tridb_live,0.0,2.0,27671.0,,,stark_prime,0.0,1.0,1,False,5,0.514099,0.5188843,0.51930966,0.5,traverse_first-f0fdb2bba196,post,1,stark-prime-018,1.0,3,0.0,0.0,traverse_first,0.006,0.03,0.457099,0.017,typed_neighbors,True
auto_derived_v0.2,tridb_live,0.0,2.0,27671.0,,,stark_prime,0.0,1.0,2,False,10,0.770556,0.7799646,0.78080092,0.5,traverse_first-f9b36ac9da92,during,1,stark-prime-018,1.0,3,0.0,0.0,traverse_first,0.006,0.257,0.441694,0.068,typed_neighbors,True
auto_derived_v0.2,tridb_live,0.0,0.0,27671.0,,50.0,stark_prime,0.0,0.0,1,False,50,1.809033,2.1607224,2.19198368,0.0,vector_first-12e4b447491a,post,1,stark-prime-018,0.0,3,0.0,0.0,vector_first,1.307,0.0,0.4690329999999998,0.033,typed_neighbors,True
auto_derived_v0.2,tridb_live,0.0,0.0,27671.0,,50.0,stark_prime,0.0,0.0,2,False,50,2.75748,2.8093695000000003,2.8139819000000004,0.0,vector_first-2670324e0bc6,during,1,stark-prime-018,0.0,3,0.0,0.0,vector_first,1.905,0.28,0.49848000000000026,0.0,typed_neighbors,True
auto_derived_v0.2,tridb_live,0.0,0.0,27671.0,,20.0,stark_prime,0.0,0.0,2,False,20,2.540306,2.8446382999999997,2.8716900599999997,0.0,vector_first-27d19d1f923e,during,1,stark-prime-018,0.0,3,0.0,0.0,vector_first,1.853,0.143,0.5393060000000003,0.0,typed_neighbors,True
auto_derived_v0.2,tridb_live,0.0,0.0,27671.0,,10.0,stark_prime,0.0,0.0,1,False,10,2.48881,2.5354984,2.53964848,0.0,vector_first-404f84e6a5f4,post,1,stark-prime-018,0.0,3,0.0,0.0,vector_first,1.933,0.0,0.4816490000000002,0.038,typed_neighbors,True
auto_derived_v0.2,tridb_live,0.0,0.0,27671.0,,20.0,stark_prime,0.0,0.0,1,False,20,2.261336,2.3979929,2.41014018,0.0,vector_first-4c96de282a3c,during,1,stark-prime-018,0.0,3,0.0,0.0,vector_first,1.529,0.138,0.497336,0.0,typed_neighbors,True
auto_derived_v0.2,tridb_live,0.0,0.0,27671.0,,5.0,stark_prime,0.0,0.0,1,False,5,1.464869,1.4667887,1.4669593399999998,0.0,vector_first-539cd672e6b6,post,1,stark-prime-018,0.0,3,0.0,0.0,vector_first,0.954,0.0,0.4700019999999999,0.03,typed_neighbors,True
auto_derived_v0.2,tridb_live,0.0,0.0,27671.0,,100.0,stark_prime,0.0,0.0,2,False,100,2.885777,3.0440798,3.05815116,0.0,vector_first-736b83dff9a6,post,1,stark-prime-018,0.0,3,0.0,0.0,vector_first,2.162,0.119,0.506777,0.094,typed_neighbors,True
auto_derived_v0.2,tridb_live,0.0,0.0,27671.0,,5.0,stark_prime,0.0,0.0,2,False,5,1.492245,1.5038028,1.50483016,0.0,vector_first-7462d459aaf5,during,1,stark-prime-018,0.0,3,0.0,0.0,vector_first,0.952,0.086,0.4452450000000001,0.0,typed_neighbors,True
auto_derived_v0.2,tridb_live,0.0,0.0,27671.0,,1.0,stark_prime,0.0,0.0,2,False,1,1.573777,1.8252819999999998,1.847638,0.0,vector_first-79d7f13154dd,post,1,stark-prime-018,0.0,3,0.0,0.0,vector_first,0.955,0.0,0.5387770000000001,0.078,typed_neighbors,True
auto_derived_v0.2,tridb_live,0.0,0.0,27671.0,,1.0,stark_prime,0.0,0.0,2,False,1,1.428054,1.4333027999999999,1.4337693599999999,0.0,vector_first-8735078935c5,during,1,stark-prime-018,0.0,3,0.0,0.0,vector_first,0.955,0.034,0.44005399999999995,0.0,typed_neighbors,True
auto_derived_v0.2,tridb_live,0.0,0.0,27671.0,,10.0,stark_prime,0.0,0.0,1,False,10,1.552642,2.2108723,2.26938166,0.0,vector_first-879c2f5ec6a7,during,1,stark-prime-018,0.0,3,0.0,0.0,vector_first,1.002,0.11,0.4356420000000001,0.0,typed_neighbors,True
auto_derived_v0.2,tridb_live,0.0,0.0,27671.0,,100.0,stark_prime,0.0,0.0,1,False,100,2.918968,3.1249843,3.14329686,0.0,vector_first-95fb2abe9f82,during,1,stark-prime-018,0.0,3,0.0,0.0,vector_first,2.1,0.447,0.46187500000000004,0.0,typed_neighbors,True
auto_derived_v0.2,tridb_live,0.0,0.0,27671.0,,100.0,stark_prime,0.0,0.0,1,False,100,2.558499,2.8299633,2.85409346,0.0,vector_first-9a76384ab2d2,post,1,stark-prime-018,0.0,3,0.0,0.0,vector_first,1.967,0.0,0.5464989999999998,0.039,typed_neighbors,True
auto_derived_v0.2,tridb_live,0.0,0.0,27671.0,,10.0,stark_prime,0.0,0.0,2,False,10,1.909384,2.2482205,2.2783393,0.0,vector_first-9e027ae921ee,during,1,stark-prime-018,0.0,3,0.0,0.0,vector_first,1.263,0.109,0.5098689999999999,0.0,typed_neighbors,True
auto_derived_v0.2,tridb_live,0.0,0.0,27671.0,,1.0,stark_prime,0.0,0.0,1,False,1,2.77789,6.093170499999999,6.3878620999999995,0.0,vector_first-9f2a495d4986,during,1,stark-prime-018,0.0,3,0.0,0.0,vector_first,2.128,0.044,0.5011760000000001,0.0,typed_neighbors,True
auto_derived_v0.2,tridb_live,0.0,0.0,27671.0,,5.0,stark_prime,0.0,0.0,2,False,5,1.534889,1.5668921,1.5697368200000001,0.0,vector_first-a5b8d6da0107,post,1,stark-prime-018,0.0,3,0.0,0.0,vector_first,0.946,0.042,0.4588889999999999,0.089,typed_neighbors,True
auto_derived_v0.2,tridb_live,0.0,0.0,27671.0,,50.0,stark_prime,0.0,0.0,2,False,50,2.378863,2.5690375,2.5859419,0.0,vector_first-a7431c3167bb,post,1,stark-prime-018,0.0,3,0.0,0.0,vector_first,1.583,0.103,0.49292100000000016,0.093,typed_neighbors,True
auto_derived_v0.2,tridb_live,0.0,0.0,27671.0,,10.0,stark_prime,0.0,0.0,2,False,10,2.56832,2.7295595,2.7438919,0.0,vector_first-a802c228be07,post,1,stark-prime-018,0.0,3,0.0,0.0,vector_first,1.843,0.073,0.5118109999999998,0.123,typed_neighbors,True
auto_derived_v0.2,tridb_live,0.0,0.0,27671.0,,50.0,stark_prime,0.0,0.0,1,False,50,3.120619,3.3934369,3.4176873800000003,0.0,vector_first-b3f469e3373a,during,1,stark-prime-018,0.0,3,0.0,0.0,vector_first,2.083,0.361,0.5288390000000001,0.0,typed_neighbors,True
auto_derived_v0.2,tridb_live,0.0,0.0,27671.0,,100.0,stark_prime,0.0,0.0,2,False,100,2.953996,3.0609043,3.0704072599999996,0.0,vector_first-b9cbe3a2c022,during,1,stark-prime-018,0.0,3,0.0,0.0,vector_first,1.872,0.411,0.526783,0.0,typed_neighbors,True
auto_derived_v0.2,tridb_live,0.0,0.0,27671.0,,1.0,stark_prime,0.0,0.0,1,False,1,1.565013,1.7802489000000001,1.79938098,0.0,vector_first-c1efa57fb2c2,post,1,stark-prime-018,0.0,3,0.0,0.0,vector_first,1.058,0.0,0.4750129999999999,0.032,typed_neighbors,True
auto_derived_v0.2,tridb_live,0.0,0.0,27671.0,,20.0,stark_prime,0.0,0.0,2,False,20,2.363742,2.5104312,2.52347024,0.0,vector_first-c9c7dff0ae35,post,1,stark-prime-018,0.0,3,0.0,0.0,vector_first,1.696,0.103,0.4757419999999999,0.089,typed_neighbors,True
auto_derived_v0.2,tridb_live,0.0,0.0,27671.0,,20.0,stark_prime,0.0,0.0,1,False,20,2.270947,2.3053584999999996,2.3084173,0.0,vector_first-ce905df43902,post,1,stark-prime-018,0.0,3,0.0,0.0,vector_first,1.758,0.0,0.478947,0.036,typed_neighbors,True
auto_derived_v0.2,tridb_live,0.0,0.0,27671.0,,8.0,stark_prime,0.0,0.0,2,True,8,1.617714,1.6806231,1.6862150200000001,0.0,vector_first-ebaeb868fc9b,post,1,stark-prime-018,0.0,3,0.0,0.0,vector_first,0.987,0.042,0.47561300000000006,0.08,typed_neighbors,True
auto_derived_v0.2,tridb_live,0.0,0.0,27671.0,,5.0,stark_prime,0.0,0.0,1,False,5,1.484623,1.5431382999999999,1.54833966,0.0,vector_first-f0a58d413e0f,during,1,stark-prime-018,0.0,3,0.0,0.0,vector_first,0.947,0.081,0.4576230000000001,0.0,typed_neighbors,True
auto_derived_v0.2,tridb_live,0.0,2.0,17080.0,,50.0,stark_prime,0.0,0.0,1,False,50,67.939735,81.3473743,82.53916446000001,0.0,filter_first-03f67415e651,pre,1,stark-prime-019,0.0,3,0.0,0.0,filter_first,66.732,0.0,1.1281120000000016,0.196,typed_neighbors,True
auto_derived_v0.2,tridb_live,0.0,1.0,17080.0,,20.0,stark_prime,0.0,0.0,1,False,20,1.767117,2.2329507,2.27435814,0.0,filter_first-1cad3c1573b2,pre,1,stark-prime-019,0.0,3,0.0,0.0,filter_first,1.174,0.0,0.4761170000000001,0.117,typed_neighbors,True
auto_derived_v0.2,tridb_live,0.0,3.0,17080.0,,100.0,stark_prime,0.0,1.0,1,False,100,54.300683,64.02584809999999,64.89030722,0.3333333333333333,filter_first-2387000dc3a8,pre,1,stark-prime-019,1.0,3,0.0,0.0,filter_first,53.028,0.0,1.1839900000000014,0.163,typed_neighbors,True
auto_derived_v0.2,tridb_live,0.0,3.0,17080.0,,100.0,stark_prime,0.0,1.0,2,False,100,56.053835,56.269269800000004,56.28841956,0.3333333333333333,filter_first-28ed17c208d7,pre,1,stark-prime-019,1.0,3,0.0,0.0,filter_first,53.063,0.0,1.1878349999999998,1.803,typed_neighbors,True
auto_derived_v0.2,tridb_live,0.0,2.0,17080.0,,50.0,stark_prime,0.0,0.0,2,False,50,68.90058,69.3552753,69.39569266000001,0.0,filter_first-2d01f654960c,pre,1,stark-prime-019,0.0,3,0.0,0.0,filter_first,65.252,0.0,1.471580000000003,2.2,typed_neighbors,True
auto_derived_v0.2,tridb_live,0.0,0.0,17080.0,,1.0,stark_prime,0.0,0.0,2,False,1,3.852828,4.2914979,4.330490780000001,0.0,filter_first-3a7f1025f729,pre,1,stark-prime-019,0.0,3,0.0,0.0,filter_first,1.358,0.0,0.6513420000000001,1.806,typed_neighbors,True
auto_derived_v0.2,tridb_live,0.0,1.0,17080.0,,20.0,stark_prime,0.0,0.0,2,False,20,4.548769,4.6564486,4.66602012,0.0,filter_first-46ec65dc7fea,pre,1,stark-prime-019,0.0,3,0.0,0.0,filter_first,1.85,0.0,0.875413,1.836,typed_neighbors,True
auto_derived_v0.2,tridb_live,0.0,0.0,17080.0,,10.0,stark_prime,0.0,0.0,1,False,10,2.629186,2.7096424,2.71679408,0.0,filter_first-8532bb36e741,pre,1,stark-prime-019,0.0,3,0.0,0.0,filter_first,1.842,0.0,0.6441859999999997,0.122,typed_neighbors,True
auto_derived_v0.2,tridb_live,0.0,0.0,17080.0,,5.0,stark_prime,0.0,0.0,1,False,5,2.097459,2.3647734,2.38853468,0.0,filter_first-8699218b4a03,pre,1,stark-prime-019,0.0,3,0.0,0.0,filter_first,1.505,0.0,0.504475,0.113,typed_neighbors,True
auto_derived_v0.2,tridb_live,0.0,0.0,17080.0,,10.0,stark_prime,0.0,0.0,2,False,10,4.302461,4.4234192,4.43417104,0.0,filter_first-88d1f0b4340a,pre,1,stark-prime-019,0.0,3,0.0,0.0,filter_first,1.661,0.0,0.7400149999999996,1.753,typed_neighbors,True
auto_derived_v0.2,tridb_live,0.0,0.0,17080.0,,5.0,stark_prime,0.0,0.0,2,False,5,3.629828,4.2260573,4.2790554599999995,0.0,filter_first-bb7c33f6d989,pre,1,stark-prime-019,0.0,3,0.0,0.0,filter_first,1.2,0.0,0.645305,1.781,typed_neighbors,True
auto_derived_v0.2,tridb_live,0.0,0.0,17080.0,,1.0,stark_prime,0.0,0.0,1,False,1,3.457749,3.5869737,3.5984603400000004,0.0,filter_first-ef43b60e2e3b,pre,1,stark-prime-019,0.0,3,0.0,0.0,filter_first,2.627,0.0,0.6787490000000003,0.152,typed_neighbors,True
auto_derived_v0.2,tridb_live,0.0,1.0,17080.0,,,stark_prime,0.0,0.0,1,False,1,1.463638,1.9259698,1.96706596,0.0,traverse_first-0e65f761853b,during,1,stark-prime-019,0.0,3,0.0,0.0,traverse_first,0.396,0.459,0.496638,0.116,typed_neighbors,True
auto_derived_v0.2,tridb_live,0.0,1.0,17080.0,,,stark_prime,0.0,0.0,2,False,1,8.435051,8.478085400000001,8.48191068,0.0,traverse_first-1401f30333f9,post,1,stark-prime-019,0.0,3,0.0,0.0,traverse_first,0.386,5.169,1.165051,1.583,typed_neighbors,True
auto_derived_v0.2,tridb_live,0.0,20.0,17080.0,,,stark_prime,0.0,1.0,2,False,50,7.968612,8.6075166,8.664308120000001,0.3333333333333333,traverse_first-15df7fd20126,post,1,stark-prime-019,1.0,3,0.0,0.0,traverse_first,0.376,5.023,1.0566120000000003,1.493,typed_neighbors,True
auto_derived_v0.2,tridb_live,0.0,20.0,17080.0,,,stark_prime,0.0,1.0,1,False,50,1.363099,1.3727092,1.37356344,0.3333333333333333,traverse_first-18e80c0b50a9,post,1,stark-prime-019,1.0,3,0.0,0.0,traverse_first,0.329,0.436,0.475418,0.114,typed_neighbors,True
auto_derived_v0.2,tridb_live,0.0,5.0,17080.0,,,stark_prime,0.0,1.0,1,False,5,1.411268,1.6763062999999998,1.69986526,0.3333333333333333,traverse_first-2ef9d31e2115,during,1,stark-prime-019,1.0,3,0.0,0.0,traverse_first,0.357,0.447,0.4902679999999999,0.117,typed_neighbors,True
auto_derived_v0.2,tridb_live,0.0,20.0,17080.0,,,stark_prime,0.0,1.0,1,False,100,1.515635,1.751732,1.7727184,0.3333333333333333,traverse_first-3161568b8481,during,1,stark-prime-019,1.0,3,0.0,0.0,traverse_first,0.392,0.48,0.5266350000000001,0.123,typed_neighbors,True
auto_derived_v0.2,tridb_live,0.0,20.0,17080.0,,,stark_prime,0.0,1.0,2,False,50,8.068165,8.103105699999999,8.106211539999999,0.3333333333333333,traverse_first-532feb3a2124,during,1,stark-prime-019,1.0,3,0.0,0.0,traverse_first,0.368,5.071,1.0039879999999997,1.5,typed_neighbors,True
auto_derived_v0.2,tridb_live,0.0,10.0,17080.0,,,stark_prime,0.0,1.0,2,False,10,7.821008,8.497682,8.5578308,0.3333333333333333,traverse_first-5be44627d46d,post,1,stark-prime-019,1.0,3,0.0,0.0,traverse_first,0.388,4.943,1.0860079999999996,1.451,typed_neighbors,True
auto_derived_v0.2,tridb_live,0.0,20.0,17080.0,,,stark_prime,0.0,1.0,2,False,20,7.76919,7.8244203,7.82932966,0.3333333333333333,traverse_first-5dac164247a2,post,1,stark-prime-019,1.0,3,0.0,0.0,traverse_first,0.376,5.003,0.9075569999999997,1.489,typed_neighbors,True
auto_derived_v0.2,tridb_live,0.0,20.0,17080.0,,,stark_prime,0.0,1.0,2,False,100,7.852438,8.513215299999999,8.57195106,0.3333333333333333,traverse_first-6c308678a8d4,post,1,stark-prime-019,1.0,3,0.0,0.0,traverse_first,0.392,4.996,0.9291499999999999,1.523,typed_neighbors,True
auto_derived_v0.2,tridb_live,0.0,20.0,17080.0,,,stark_prime,0.0,1.0,1,False,20,1.424374,1.6062541,1.6224212199999999,0.3333333333333333,traverse_first-6e5585f7fa7d,during,1,stark-prime-019,1.0,3,0.0,0.0,traverse_first,0.357,0.452,0.5068689999999999,0.111,typed_neighbors,True
auto_derived_v0.2,tridb_live,0.0,20.0,17080.0,,,stark_prime,0.0,1.0,2,False,100,7.890037,8.190394000000001,8.2170924,0.3333333333333333,traverse_first-702b20668df6,during,1,stark-prime-019,1.0,3,0.0,0.0,traverse_first,0.369,5.133,0.9240370000000002,1.502,typed_neighbors,True
auto_derived_v0.2,tridb_live,0.0,20.0,17080.0,,,stark_prime,0.0,1.0,1,False,20,1.388727,1.4228793,1.42591506,0.3333333333333333,traverse_first-76359c42693a,post,1,stark-prime-019,1.0,3,0.0,0.0,traverse_first,0.334,0.44,0.510727,0.119,typed_neighbors,True
auto_derived_v0.2,tridb_live,0.0,10.0,17080.0,,,stark_prime,0.0,1.0,1,False,10,1.350061,1.3565401,1.3571160199999999,0.3333333333333333,traverse_first-7e45a5be9de9,post,1,stark-prime-019,1.0,3,0.0,0.0,traverse_first,0.33,0.43,0.4678530000000001,0.115,typed_neighbors,True
auto_derived_v0.2,tridb_live,0.0,20.0,17080.0,,,stark_prime,0.0,1.0,1,False,50,1.428652,1.5427054,1.55284348,0.3333333333333333,traverse_first-82c8aed23797,during,1,stark-prime-019,1.0,3,0.0,0.0,traverse_first,0.348,0.455,0.503973,0.126,typed_neighbors,True
auto_derived_v0.2,tridb_live,0.0,10.0,17080.0,,,stark_prime,0.0,1.0,1,False,10,1.413529,1.6188468999999999,1.63709738,0.3333333333333333,traverse_first-8d055dcb7096,during,1,stark-prime-019,1.0,3,0.0,0.0,traverse_first,0.344,0.446,0.503529,0.121,typed_neighbors,True
auto_derived_v0.2,tridb_live,0.0,1.0,17080.0,,,stark_prime,0.0,0.0,2,False,1,8.921561,9.1840046,9.20733292,0.0,traverse_first-92d6d9491887,during,1,stark-prime-019,0.0,3,0.0,0.0,traverse_first,0.366,5.33,1.4771650000000003,1.567,typed_neighbors,True
auto_derived_v0.2,tridb_live,0.0,1.0,17080.0,,,stark_prime,0.0,0.0,1,False,1,1.353209,1.3559621,1.35620682,0.0,traverse_first-a6e5d14e469b,post,1,stark-prime-019,0.0,3,0.0,0.0,traverse_first,0.316,0.428,0.4882090000000001,0.111,typed_neighbors,True
auto_derived_v0.2,tridb_live,0.0,5.0,17080.0,,,stark_prime,0.0,1.0,2,False,5,7.971825,8.3761122,8.412048839999999,0.3333333333333333,traverse_first-b279d6126ea0,post,1,stark-prime-019,1.0,3,0.0,0.0,traverse_first,0.396,5.042,1.096825,1.472,typed_neighbors,True
auto_derived_v0.2,tridb_live,0.0,20.0,17080.0,,,stark_prime,0.0,1.0,1,False,100,1.391717,1.4454218,1.45019556,0.3333333333333333,traverse_first-c289b470b52c,post,1,stark-prime-019,1.0,3,0.0,0.0,traverse_first,0.348,0.437,0.4987170000000001,0.116,typed_neighbors,True
auto_derived_v0.2,tridb_live,0.0,5.0,17080.0,,,stark_prime,0.0,1.0,2,False,5,7.809628,8.0876614,8.112375479999999,0.3333333333333333,traverse_first-cccdd3ed958f,during,1,stark-prime-019,1.0,3,0.0,0.0,traverse_first,0.36,5.062,0.918628,1.475,typed_neighbors,True
auto_derived_v0.2,tridb_live,0.0,20.0,17080.0,,,stark_prime,0.0,1.0,2,False,20,7.927594,7.9800136,7.98467312,0.3333333333333333,traverse_first-e4d7ef105a79,during,1,stark-prime-019,1.0,3,0.0,0.0,traverse_first,0.35,5.045,0.9335940000000003,1.52,typed_neighbors,True
auto_derived_v0.2,tridb_live,0.0,5.0,17080.0,,,stark_prime,0.0,1.0,1,False,5,1.342989,1.3589379000000001,1.36035558,0.3333333333333333,traverse_first-f0fdb2bba196,post,1,stark-prime-019,1.0,3,0.0,0.0,traverse_first,0.336,0.419,0.464313,0.118,typed_neighbors,True
auto_derived_v0.2,tridb_live,0.0,10.0,17080.0,,,stark_prime,0.0,1.0,2,False,10,7.679457,7.8344433,7.84821986,0.3333333333333333,traverse_first-f9b36ac9da92,during,1,stark-prime-019,1.0,3,0.0,0.0,traverse_first,0.369,5.053,0.8483110000000007,1.478,typed_neighbors,True
auto_derived_v0.2,tridb_live,0.0,2.0,17080.0,,50.0,stark_prime,0.0,0.0,1,False,50,2.096849,2.1278441,2.13059922,0.0,vector_first-12e4b447491a,post,1,stark-prime-019,0.0,3,0.0,0.0,vector_first,1.102,0.052,0.8248490000000002,0.121,typed_neighbors,True
auto_derived_v0.2,tridb_live,0.0,2.0,17080.0,,50.0,stark_prime,0.0,0.0,2,False,50,3.873279,3.9956232,4.00649824,0.0,vector_first-2670324e0bc6,during,1,stark-prime-019,0.0,3,0.0,0.0,vector_first,1.074,0.246,0.971279,1.582,typed_neighbors,True
auto_derived_v0.2,tridb_live,0.0,1.0,17080.0,,20.0,stark_prime,0.0,0.0,2,False,20,3.312068,3.4833920000000003,3.4986208000000003,0.0,vector_first-27d19d1f923e,during,1,stark-prime-019,0.0,3,0.0,0.0,vector_first,0.953,0.156,0.7100680000000001,1.487,typed_neighbors,True
auto_derived_v0.2,tridb_live,0.0,0.0,17080.0,,10.0,stark_prime,0.0,0.0,1,False,10,1.47009,1.5104784,1.51406848,0.0,vector_first-404f84e6a5f4,post,1,stark-prime-019,0.0,3,0.0,0.0,vector_first,0.852,0.0,0.4930899999999999,0.122,typed_neighbors,True
auto_derived_v0.2,tridb_live,0.0,1.0,17080.0,,20.0,stark_prime,0.0,0.0,1,False,20,1.647949,1.757695,1.7674502,0.0,vector_first-4c96de282a3c,during,1,stark-prime-019,0.0,3,0.0,0.0,vector_first,0.921,0.143,0.47094900000000006,0.113,typed_neighbors,True
auto_derived_v0.2,tridb_live,0.0,0.0,17080.0,,5.0,stark_prime,0.0,0.0,1,False,5,1.436893,1.5297649,1.53802018,0.0,vector_first-539cd672e6b6,post,1,stark-prime-019,0.0,3,0.0,0.0,vector_first,0.833,0.0,0.492893,0.111,typed_neighbors,True
auto_derived_v0.2,tridb_live,0.0,3.0,17080.0,,100.0,stark_prime,0.0,1.0,2,False,100,3.801903,3.8350356,3.83798072,0.3333333333333333,vector_first-736b83dff9a6,post,1,stark-prime-019,1.0,3,0.0,0.0,vector_first,1.284,0.115,0.7878769999999999,1.592,typed_neighbors,True
auto_derived_v0.2,tridb_live,0.0,0.0,17080.0,,5.0,stark_prime,0.0,0.0,2,False,5,3.009031,3.0287275,3.0304783,0.0,vector_first-7462d459aaf5,during,1,stark-prime-019,0.0,3,0.0,0.0,vector_first,0.85,0.092,0.602176,1.451,typed_neighbors,True
auto_derived_v0.2,tridb_live,0.0,0.0,17080.0,,1.0,stark_prime,0.0,0.0,2,False,1,3.312196,4.9987771,5.14869542,0.0,vector_first-79d7f13154dd,post,1,stark-prime-019,0.0,3,0.0,0.0,vector_first,1.036,0.0,0.7541960000000003,1.522,typed_neighbors,True
auto_derived_v0.2,tridb_live,0.0,0.0,17080.0,,1.0,stark_prime,0.0,0.0,2,False,1,3.352048,3.7819978,3.82021556,0.0,vector_first-8735078935c5,during,1,stark-prime-019,0.0,3,0.0,0.0,vector_first,0.873,0.042,0.9710480000000001,1.463,typed_neighbors,True
auto_derived_v0.2,tridb_live,0.0,0.0,17080.0,,10.0,stark_prime,0.0,0.0,1,False,10,1.799157,1.8247485,1.8270233,0.0,vector_first-879c2f5ec6a7,during,1,stark-prime-019,0.0,3,0.0,0.0,vector_first,0.953,0.123,0.5968120000000001,0.115,typed_neighbors,True
auto_derived_v0.2,tridb_live,0.0,3.0,17080.0,,100.0,stark_prime,0.0,1.0,1,False,100,2.59624,2.7253585,2.7368357,0.3333333333333333,vector_first-95fb2abe9f82,during,1,stark-prime-019,1.0,3,0.0,0.0,vector_first,1.3,0.371,0.8067049999999998,0.122,typed_neighbors,True
auto_derived_v0.2,tridb_live,0.0,3.0,17080.0,,100.0,stark_prime,0.0,1.0,1,False,100,2.212823,2.2258838,2.22704476,0.3333333333333333,vector_first-9a76384ab2d2,post,1,stark-prime-019,1.0,3,0.0,0.0,vector_first,1.223,0.058,0.8048230000000003,0.127,typed_neighbors,True
auto_derived_v0.2,tridb_live,0.0,0.0,17080.0,,10.0,stark_prime,0.0,0.0,2,False,10,3.108007,3.157489,3.1618874000000003,0.0,vector_first-9e027ae921ee,during,1,stark-prime-019,0.0,3,0.0,0.0,vector_first,0.889,0.121,0.6190070000000003,1.486,typed_neighbors,True
auto_derived_v0.2,tridb_live,0.0,0.0,17080.0,,1.0,stark_prime,0.0,0.0,1,False,1,2.257949,2.6568254,2.69228108,0.0,vector_first-9f2a495d4986,during,1,stark-prime-019,0.0,3,0.0,0.0,vector_first,1.631,0.038,0.47794899999999996,0.115,typed_neighbors,True
auto_derived_v0.2,tridb_live,0.0,0.0,17080.0,,5.0,stark_prime,0.0,0.0,2,False,5,2.967854,3.0186176000000002,3.02312992,0.0,vector_first-a5b8d6da0107,post,1,stark-prime-019,0.0,3,0.0,0.0,vector_first,0.925,0.0,0.6068539999999998,1.413,typed_neighbors,True
auto_derived_v0.2,tridb_live,0.0,2.0,17080.0,,50.0,stark_prime,0.0,0.0,2,False,50,3.681077,3.7965425,3.8068061,0.0,vector_first-a7431c3167bb,post,1,stark-prime-019,0.0,3,0.0,0.0,vector_first,1.145,0.112,0.9420770000000003,1.5,typed_neighbors,True
auto_derived_v0.2,tridb_live,0.0,0.0,17080.0,,10.0,stark_prime,0.0,0.0,2,False,10,3.000273,3.0626115,3.0681527,0.0,vector_first-a802c228be07,post,1,stark-prime-019,0.0,3,0.0,0.0,vector_first,0.944,0.0,0.625273,1.434,typed_neighbors,True
auto_derived_v0.2,tridb_live,0.0,2.0,17080.0,,50.0,stark_prime,0.0,0.0,1,False,50,2.185122,2.3257299,2.33822838,0.0,vector_first-b3f469e3373a,during,1,stark-prime-019,0.0,3,0.0,0.0,vector_first,1.177,0.254,0.5893390000000003,0.122,typed_neighbors,True
auto_derived_v0.2,tridb_live,0.0,3.0,17080.0,,100.0,stark_prime,0.0,1.0,2,False,100,4.282641,4.3121277,4.31474874,0.3333333333333333,vector_first-b9cbe3a2c022,during,1,stark-prime-019,1.0,3,0.0,0.0,vector_first,1.249,0.378,0.9694039999999999,1.692,typed_neighbors,True
auto_derived_v0.2,tridb_live,0.0,0.0,17080.0,,1.0,stark_prime,0.0,0.0,1,False,1,1.501387,1.5025309,1.50263258,0.0,vector_first-c1efa57fb2c2,post,1,stark-prime-019,0.0,3,0.0,0.0,vector_first,0.895,0.0,0.48265800000000003,0.111,typed_neighbors,True
auto_derived_v0.2,tridb_live,0.0,1.0,17080.0,,20.0,stark_prime,0.0,0.0,2,False,20,3.523215,3.5537430000000003,3.5564566,0.0,vector_first-c9c7dff0ae35,post,1,stark-prime-019,0.0,3,0.0,0.0,vector_first,1.034,0.041,0.9151350000000003,1.478,typed_neighbors,True
auto_derived_v0.2,tridb_live,0.0,1.0,17080.0,,20.0,stark_prime,0.0,0.0,1,False,20,1.491652,1.5982786,1.60775652,0.0,vector_first-ce905df43902,post,1,stark-prime-019,0.0,3,0.0,0.0,vector_first,0.879,0.033,0.4745520000000001,0.115,typed_neighbors,True
auto_derived_v0.2,tridb_live,0.0,0.0,17080.0,,8.0,stark_prime,0.0,0.0,2,True,8,3.076325,3.0838319,3.08449918,0.0,vector_first-ebaeb868fc9b,post,1,stark-prime-019,0.0,3,0.0,0.0,vector_first,0.901,0.0,0.7726660000000001,1.385,typed_neighbors,True
auto_derived_v0.2,tridb_live,0.0,0.0,17080.0,,5.0,stark_prime,0.0,0.0,1,False,5,1.766951,1.7961641,1.79876082,0.0,vector_first-f0a58d413e0f,during,1,stark-prime-019,0.0,3,0.0,0.0,vector_first,0.972,0.105,0.5444100000000001,0.112,typed_neighbors,True
auto_derived_v0.2,tridb_live,0.0,7.0,27671.0,,50.0,stark_prime,1.0,1.0,1,False,50,12.411117,15.3487809,15.60990658,1.0,filter_first-03f67415e651,pre,2,stark-prime-020,0.625,3,0.0,0.0,filter_first,10.131,0.0,1.8081499999999995,0.063,typed_chain,True
auto_derived_v0.2,tridb_live,0.0,6.0,27671.0,,20.0,stark_prime,1.0,1.0,1,False,20,4.971855,6.4355781,6.56568682,1.0,filter_first-1cad3c1573b2,pre,2,stark-prime-020,0.625,3,0.0,0.0,filter_first,4.235,0.0,0.6007530000000001,0.045,typed_chain,True
auto_derived_v0.2,tridb_live,0.0,7.0,27671.0,,100.0,stark_prime,1.0,1.0,1,False,100,107.449385,109.6205729,109.81356738000001,1.0,filter_first-2387000dc3a8,pre,2,stark-prime-020,0.625,3,0.0,0.0,filter_first,106.451,0.0,0.9651920000000018,0.083,typed_chain,True
auto_derived_v0.2,tridb_live,0.0,20.0,27671.0,,100.0,stark_prime,1.0,1.0,2,False,100,107.808689,107.9147108,107.92413496,1.0,filter_first-28ed17c208d7,pre,2,stark-prime-020,1.0,3,0.0,0.0,filter_first,105.898,0.0,1.232490999999996,0.796,typed_chain,True
auto_derived_v0.2,tridb_live,0.0,20.0,27671.0,,50.0,stark_prime,1.0,1.0,2,False,50,12.043254,12.884053799999998,12.95879156,1.0,filter_first-2d01f654960c,pre,2,stark-prime-020,1.0,3,0.0,0.0,filter_first,10.013,0.0,1.4649490000000007,0.672,typed_chain,True
auto_derived_v0.2,tridb_live,0.0,0.0,27671.0,,1.0,stark_prime,0.0,0.0,2,False,1,2.52083,3.0489284,3.09587048,0.0,filter_first-3a7f1025f729,pre,2,stark-prime-020,0.0,3,0.0,0.0,filter_first,1.38,0.0,0.5568300000000002,0.584,typed_chain,True
auto_derived_v0.2,tridb_live,0.0,14.0,27671.0,,20.0,stark_prime,1.0,1.0,2,False,20,5.195824,5.292823299999999,5.301445459999999,1.0,filter_first-46ec65dc7fea,pre,2,stark-prime-020,1.0,3,0.0,0.0,filter_first,3.895,0.0,0.7715399999999999,0.616,typed_chain,True
auto_derived_v0.2,tridb_live,0.0,6.0,27671.0,,10.0,stark_prime,1.0,1.0,1,False,10,3.099533,3.2003204,3.20927928,1.0,filter_first-8532bb36e741,pre,2,stark-prime-020,0.625,3,0.0,0.0,filter_first,2.555,0.0,0.5045329999999999,0.04,typed_chain,True
auto_derived_v0.2,tridb_live,0.0,3.0,27671.0,,5.0,stark_prime,1.0,1.0,1,False,5,3.866081,6.1937879,6.4006951800000005,1.0,filter_first-8699218b4a03,pre,2,stark-prime-020,0.375,3,0.0,0.0,filter_first,3.089,0.0,0.5244220000000004,0.041,typed_chain,True
auto_derived_v0.2,tridb_live,0.0,8.0,27671.0,,10.0,stark_prime,1.0,1.0,2,False,10,3.510346,3.513163,3.5134133999999997,1.0,filter_first-88d1f0b4340a,pre,2,stark-prime-020,0.75,3,0.0,0.0,filter_first,2.376,0.0,0.518605,0.596,typed_chain,True
auto_derived_v0.2,tridb_live,0.0,3.0,27671.0,,5.0,stark_prime,1.0,1.0,2,False,5,3.702738,3.7381692,3.7413186400000003,1.0,filter_first-bb7c33f6d989,pre,2,stark-prime-020,0.375,3,0.0,0.0,filter_first,2.491,0.0,0.5631060000000003,0.597,typed_chain,True
auto_derived_v0.2,tridb_live,0.0,0.0,27671.0,,1.0,stark_prime,0.0,0.0,1,False,1,3.845104,4.9377976,5.03492592,0.0,filter_first-ef43b60e2e3b,pre,2,stark-prime-020,0.0,3,0.0,0.0,filter_first,2.587,0.0,0.6672079999999996,0.041,typed_chain,True
auto_derived_v0.2,tridb_live,0.0,1.0,27671.0,,,stark_prime,1.0,1.0,1,False,1,1.121678,1.3523066,1.37280692,1.0,traverse_first-0e65f761853b,during,2,stark-prime-020,0.125,3,0.0,0.0,traverse_first,0.041,0.116,0.749678,0.033,typed_chain,True
auto_derived_v0.2,tridb_live,0.0,1.0,27671.0,,,stark_prime,1.0,1.0,2,False,1,5.48896,5.6907841,5.70872402,1.0,traverse_first-1401f30333f9,post,2,stark-prime-020,0.125,3,0.0,0.0,traverse_first,1.753,2.37,0.7578110000000002,0.634,typed_chain,True
auto_derived_v0.2,tridb_live,0.0,20.0,27671.0,,,stark_prime,1.0,1.0,2,False,50,5.313101,5.3153231,5.31552062,1.0,traverse_first-15df7fd20126,post,2,stark-prime-020,1.0,3,0.0,0.0,traverse_first,1.593,2.272,0.8165700000000005,0.61,typed_chain,True
auto_derived_v0.2,tridb_live,0.0,14.0,27671.0,,,stark_prime,1.0,1.0,1,False,50,0.664021,0.841348,0.8571104,1.0,traverse_first-18e80c0b50a9,post,2,stark-prime-020,0.625,3,0.0,0.0,traverse_first,0.047,0.123,0.46302099999999996,0.031,typed_chain,True
auto_derived_v0.2,tridb_live,0.0,5.0,27671.0,,,stark_prime,1.0,1.0,1,False,5,0.613468,0.9057088,0.93168576,1.0,traverse_first-2ef9d31e2115,during,2,stark-prime-020,0.625,3,0.0,0.0,traverse_first,0.037,0.106,0.441468,0.029,typed_chain,True
auto_derived_v0.2,tridb_live,0.0,14.0,27671.0,,,stark_prime,1.0,1.0,1,False,100,0.612824,0.8716397,0.89464554,1.0,traverse_first-3161568b8481,during,2,stark-prime-020,0.625,3,0.0,0.0,traverse_first,0.036,0.106,0.43882400000000005,0.032,typed_chain,True
auto_derived_v0.2,tridb_live,0.0,20.0,27671.0,,,stark_prime,1.0,1.0,2,False,50,5.424401,5.4761014999999995,5.4806970999999995,1.0,traverse_first-532feb3a2124,during,2,stark-prime-020,1.0,3,0.0,0.0,traverse_first,1.71,2.369,0.6914009999999999,0.632,typed_chain,True
auto_derived_v0.2,tridb_live,0.0,10.0,27671.0,,,stark_prime,1.0,1.0,2,False,10,5.494675,5.911609,5.9486698,1.0,traverse_first-5be44627d46d,post,2,stark-prime-020,0.875,3,0.0,0.0,traverse_first,1.599,2.303,0.9736750000000001,0.619,typed_chain,True
auto_derived_v0.2,tridb_live,0.0,20.0,27671.0,,,stark_prime,1.0,1.0,2,False,20,5.351763,5.3626485,5.3636161,1.0,traverse_first-5dac164247a2,post,2,stark-prime-020,1.0,3,0.0,0.0,traverse_first,1.584,2.256,0.871359,0.615,typed_chain,True
auto_derived_v0.2,tridb_live,0.0,20.0,27671.0,,,stark_prime,1.0,1.0,2,False,100,5.297485,5.3377906,5.34137332,1.0,traverse_first-6c308678a8d4,post,2,stark-prime-020,1.0,3,0.0,0.0,traverse_first,1.592,2.233,0.8932690000000001,0.61,typed_chain,True
auto_derived_v0.2,tridb_live,0.0,14.0,27671.0,,,stark_prime,1.0,1.0,1,False,20,0.626115,0.7360473,0.74581906,1.0,traverse_first-6e5585f7fa7d,during,2,stark-prime-020,0.625,3,0.0,0.0,traverse_first,0.035,0.108,0.46011499999999994,0.028,typed_chain,True
auto_derived_v0.2,tridb_live,0.0,20.0,27671.0,,,stark_prime,1.0,1.0,2,False,100,5.209911,5.2206687,5.22162494,1.0,traverse_first-702b20668df6,during,2,stark-prime-020,1.0,3,0.0,0.0,traverse_first,1.628,2.286,0.6388639999999999,0.634,typed_chain,True
auto_derived_v0.2,tridb_live,0.0,14.0,27671.0,,,stark_prime,1.0,1.0,1,False,20,0.620156,0.6326417,0.63375154,1.0,traverse_first-76359c42693a,post,2,stark-prime-020,0.625,3,0.0,0.0,traverse_first,0.034,0.102,0.45502899999999996,0.024,typed_chain,True
auto_derived_v0.2,tridb_live,0.0,10.0,27671.0,,,stark_prime,1.0,1.0,1,False,10,0.595429,0.6400501000000001,0.64401642,1.0,traverse_first-7e45a5be9de9,post,2,stark-prime-020,0.625,3,0.0,0.0,traverse_first,0.035,0.104,0.43242899999999995,0.025,typed_chain,True
auto_derived_v0.2,tridb_live,0.0,14.0,27671.0,,,stark_prime,1.0,1.0,1,False,50,0.617906,0.7204034,0.72951428,1.0,traverse_first-82c8aed23797,during,2,stark-prime-020,0.625,3,0.0,0.0,traverse_first,0.038,0.109,0.4469059999999999,0.024,typed_chain,True
auto_derived_v0.2,tridb_live,0.0,10.0,27671.0,,,stark_prime,1.0,1.0,1,False,10,0.613626,0.8875283999999999,0.91187528,1.0,traverse_first-8d055dcb7096,during,2,stark-prime-020,0.625,3,0.0,0.0,traverse_first,0.032,0.102,0.452626,0.028,typed_chain,True
auto_derived_v0.2,tridb_live,0.0,1.0,27671.0,,,stark_prime,1.0,1.0,2,False,1,6.440443,7.5111757,7.60635194,1.0,traverse_first-92d6d9491887,during,2,stark-prime-020,0.125,3,0.0,0.0,traverse_first,2.158,2.796,0.8084430000000005,0.668,typed_chain,True
auto_derived_v0.2,tridb_live,0.0,1.0,27671.0,,,stark_prime,1.0,1.0,1,False,1,0.604108,0.6055497999999999,0.60567796,1.0,traverse_first-a6e5d14e469b,post,2,stark-prime-020,0.125,3,0.0,0.0,traverse_first,0.032,0.101,0.44223999999999997,0.027,typed_chain,True
auto_derived_v0.2,tridb_live,0.0,5.0,27671.0,,,stark_prime,1.0,1.0,2,False,5,4.998739,5.2222648,5.24213376,1.0,traverse_first-b279d6126ea0,post,2,stark-prime-020,0.625,3,0.0,0.0,traverse_first,1.55,2.232,0.6107269999999998,0.594,typed_chain,True
auto_derived_v0.2,tridb_live,0.0,14.0,27671.0,,,stark_prime,1.0,1.0,1,False,100,0.611127,0.6621119999999999,0.6666439999999999,1.0,traverse_first-c289b470b52c,post,2,stark-prime-020,0.625,3,0.0,0.0,traverse_first,0.036,0.108,0.44912699999999994,0.025,typed_chain,True
auto_derived_v0.2,tridb_live,0.0,5.0,27671.0,,,stark_prime,1.0,1.0,2,False,5,5.192439,5.2100043,5.21156566,1.0,traverse_first-cccdd3ed958f,during,2,stark-prime-020,0.625,3,0.0,0.0,traverse_first,1.662,2.294,0.6228799999999994,0.606,typed_chain,True
auto_derived_v0.2,tridb_live,0.0,20.0,27671.0,,,stark_prime,1.0,1.0,2,False,20,5.391047,6.3561044,6.44188728,1.0,traverse_first-e4d7ef105a79,during,2,stark-prime-020,1.0,3,0.0,0.0,traverse_first,1.673,2.335,0.7860469999999999,0.62,typed_chain,True
auto_derived_v0.2,tridb_live,0.0,5.0,27671.0,,,stark_prime,1.0,1.0,1,False,5,0.584887,0.5903617,0.59084834,1.0,traverse_first-f0fdb2bba196,post,2,stark-prime-020,0.625,3,0.0,0.0,traverse_first,0.031,0.098,0.430887,0.023,typed_chain,True
auto_derived_v0.2,tridb_live,0.0,10.0,27671.0,,,stark_prime,1.0,1.0,2,False,10,5.304532,5.4155326,5.4253993199999995,1.0,traverse_first-f9b36ac9da92,during,2,stark-prime-020,0.875,3,0.0,0.0,traverse_first,1.585,2.246,0.8835319999999998,0.597,typed_chain,True
auto_derived_v0.2,tridb_live,0.0,0.0,27671.0,,50.0,stark_prime,0.0,0.0,1,False,50,1.357785,1.7478072,1.78247584,0.0,vector_first-12e4b447491a,post,2,stark-prime-020,0.0,3,0.0,0.0,vector_first,0.848,0.0,0.469785,0.039,typed_chain,True
auto_derived_v0.2,tridb_live,0.0,0.0,27671.0,,50.0,stark_prime,0.0,0.0,2,False,50,1.483966,1.5122314,1.51474388,0.0,vector_first-2670324e0bc6,during,2,stark-prime-020,0.0,3,0.0,0.0,vector_first,0.812,0.22,0.446372,0.0,typed_chain,True
auto_derived_v0.2,tridb_live,0.0,0.0,27671.0,,20.0,stark_prime,0.0,0.0,2,False,20,1.299757,1.3066141,1.30722362,0.0,vector_first-27d19d1f923e,during,2,stark-prime-020,0.0,3,0.0,0.0,vector_first,0.714,0.134,0.4339910000000001,0.0,typed_chain,True
auto_derived_v0.2,tridb_live,0.0,0.0,27671.0,,10.0,stark_prime,0.0,0.0,1,False,10,1.193181,1.1945868000000002,1.1947117600000001,0.0,vector_first-404f84e6a5f4,post,2,stark-prime-020,0.0,3,0.0,0.0,vector_first,0.684,0.0,0.46518100000000007,0.038,typed_chain,True
auto_derived_v0.2,tridb_live,0.0,0.0,27671.0,,20.0,stark_prime,0.0,0.0,1,False,20,1.322072,1.4118893000000001,1.41987306,0.0,vector_first-4c96de282a3c,during,2,stark-prime-020,0.0,3,0.0,0.0,vector_first,0.737,0.15,0.44686900000000007,0.0,typed_chain,True
auto_derived_v0.2,tridb_live,0.0,0.0,27671.0,,5.0,stark_prime,0.0,0.0,1,False,5,1.200837,1.2194013000000001,1.2210514600000002,0.0,vector_first-539cd672e6b6,post,2,stark-prime-020,0.0,3,0.0,0.0,vector_first,0.69,0.0,0.47169800000000006,0.043,typed_chain,True
auto_derived_v0.2,tridb_live,0.0,0.0,27671.0,,100.0,stark_prime,0.0,0.0,2,False,100,2.383346,2.4522014000000003,2.45832188,0.0,vector_first-736b83dff9a6,post,2,stark-prime-020,0.0,3,0.0,0.0,vector_first,0.971,0.132,0.611346,0.645,typed_chain,True
auto_derived_v0.2,tridb_live,0.0,0.0,27671.0,,5.0,stark_prime,0.0,0.0,2,False,5,1.215725,1.2336125,1.2352025,0.0,vector_first-7462d459aaf5,during,2,stark-prime-020,0.0,3,0.0,0.0,vector_first,0.68,0.084,0.44533500000000004,0.0,typed_chain,True
auto_derived_v0.2,tridb_live,0.0,0.0,27671.0,,1.0,stark_prime,0.0,0.0,2,False,1,1.325516,1.3645589,1.36802938,0.0,vector_first-79d7f13154dd,post,2,stark-prime-020,0.0,3,0.0,0.0,vector_first,0.678,0.034,0.5595159999999999,0.056,typed_chain,True
auto_derived_v0.2,tridb_live,0.0,0.0,27671.0,,1.0,stark_prime,0.0,0.0,2,False,1,1.753659,2.2123125,2.2530817,0.0,vector_first-8735078935c5,during,2,stark-prime-020,0.0,3,0.0,0.0,vector_first,0.679,0.045,1.010659,0.0,typed_chain,True
auto_derived_v0.2,tridb_live,0.0,0.0,27671.0,,10.0,stark_prime,0.0,0.0,1,False,10,1.298291,1.3338914,1.33705588,0.0,vector_first-879c2f5ec6a7,during,2,stark-prime-020,0.0,3,0.0,0.0,vector_first,0.743,0.108,0.4472910000000001,0.0,typed_chain,True
auto_derived_v0.2,tridb_live,0.0,0.0,27671.0,,100.0,stark_prime,0.0,0.0,1,False,100,1.896709,2.0939278,2.11145836,0.0,vector_first-95fb2abe9f82,during,2,stark-prime-020,0.0,3,0.0,0.0,vector_first,1.063,0.375,0.45870900000000003,0.0,typed_chain,True
auto_derived_v0.2,tridb_live,0.0,0.0,27671.0,,100.0,stark_prime,0.0,0.0,1,False,100,1.528636,1.53328,1.5336927999999999,0.0,vector_first-9a76384ab2d2,post,2,stark-prime-020,0.0,3,0.0,0.0,vector_first,1.018,0.0,0.470796,0.04,typed_chain,True
auto_derived_v0.2,tridb_live,0.0,0.0,27671.0,,10.0,stark_prime,0.0,0.0,2,False,10,1.288139,1.3385147,1.34299254,0.0,vector_first-9e027ae921ee,during,2,stark-prime-020,0.0,3,0.0,0.0,vector_first,0.731,0.111,0.44613899999999995,0.0,typed_chain,True
auto_derived_v0.2,tridb_live,0.0,0.0,27671.0,,1.0,stark_prime,0.0,0.0,1,False,1,1.801519,4.490202399999999,4.72919648,0.0,vector_first-9f2a495d4986,during,2,stark-prime-020,0.0,3,0.0,0.0,vector_first,1.303,0.043,0.46770200000000006,0.0,typed_chain,True
auto_derived_v0.2,tridb_live,0.0,0.0,27671.0,,5.0,stark_prime,0.0,0.0,2,False,5,1.870499,2.1860444,2.21409288,0.0,vector_first-a5b8d6da0107,post,2,stark-prime-020,0.0,3,0.0,0.0,vector_first,0.672,0.068,0.538886,0.574,typed_chain,True
auto_derived_v0.2,tridb_live,0.0,0.0,27671.0,,50.0,stark_prime,0.0,0.0,2,False,50,2.010411,2.0448441,2.04790482,0.0,vector_first-a7431c3167bb,post,2,stark-prime-020,0.0,3,0.0,0.0,vector_first,0.805,0.113,0.49866999999999995,0.602,typed_chain,True
auto_derived_v0.2,tridb_live,0.0,0.0,27671.0,,10.0,stark_prime,0.0,0.0,2,False,10,1.852307,1.8642661999999999,1.8653292399999999,0.0,vector_first-a802c228be07,post,2,stark-prime-020,0.0,3,0.0,0.0,vector_first,0.678,0.101,0.48987999999999987,0.579,typed_chain,True
auto_derived_v0.2,tridb_live,0.0,0.0,27671.0,,50.0,stark_prime,0.0,0.0,1,False,50,1.553816,1.799048,1.8208464,0.0,vector_first-b3f469e3373a,during,2,stark-prime-020,0.0,3,0.0,0.0,vector_first,0.873,0.222,0.4588160000000001,0.0,typed_chain,True
auto_derived_v0.2,tridb_live,0.0,0.0,27671.0,,100.0,stark_prime,0.0,0.0,2,False,100,1.886611,1.8944824,1.8951820799999999,0.0,vector_first-b9cbe3a2c022,during,2,stark-prime-020,0.0,3,0.0,0.0,vector_first,1.005,0.406,0.4626299999999999,0.0,typed_chain,True
auto_derived_v0.2,tridb_live,0.0,0.0,27671.0,,1.0,stark_prime,0.0,0.0,1,False,1,1.365053,1.5427994,1.55859908,0.0,vector_first-c1efa57fb2c2,post,2,stark-prime-020,0.0,3,0.0,0.0,vector_first,0.716,0.0,0.6110530000000001,0.038,typed_chain,True
auto_derived_v0.2,tridb_live,0.0,0.0,27671.0,,20.0,stark_prime,0.0,0.0,2,False,20,1.915012,1.9453429,1.94803898,0.0,vector_first-c9c7dff0ae35,post,2,stark-prime-020,0.0,3,0.0,0.0,vector_first,0.732,0.106,0.4955200000000002,0.589,typed_chain,True
auto_derived_v0.2,tridb_live,0.0,0.0,27671.0,,20.0,stark_prime,0.0,0.0,1,False,20,1.219556,1.2447038,1.24693916,0.0,vector_first-ce905df43902,post,2,stark-prime-020,0.0,3,0.0,0.0,vector_first,0.727,0.0,0.45555600000000007,0.037,typed_chain,True
auto_derived_v0.2,tridb_live,0.0,0.0,27671.0,,8.0,stark_prime,0.0,0.0,2,True,8,1.83758,1.907294,1.9134908000000002,0.0,vector_first-ebaeb868fc9b,post,2,stark-prime-020,0.0,3,0.0,0.0,vector_first,0.68,0.1,0.50858,0.556,typed_chain,True
auto_derived_v0.2,tridb_live,0.0,0.0,27671.0,,5.0,stark_prime,0.0,0.0,1,False,5,1.323837,2.0648151,2.13067982,0.0,vector_first-f0a58d413e0f,during,2,stark-prime-020,0.0,3,0.0,0.0,vector_first,0.772,0.088,0.46383699999999994,0.0,typed_chain,True
auto_derived_v0.2,tridb_live,0.0,3.0,17080.0,,50.0,stark_prime,1.0,1.0,1,False,50,55.820277,66.23959409999999,67.16575562,1.0,filter_first-03f67415e651,pre,1,stark-prime-021,1.0,3,0.0,0.0,filter_first,54.889,0.0,0.8682769999999991,0.063,typed_neighbors,True
auto_derived_v0.2,tridb_live,0.0,2.0,17080.0,,20.0,stark_prime,1.0,1.0,1,False,20,1.680632,1.75706,1.7638536,1.0,filter_first-1cad3c1573b2,pre,1,stark-prime-021,0.5,3,0.0,0.0,filter_first,1.135,0.0,0.507552,0.033,typed_neighbors,True
auto_derived_v0.2,tridb_live,0.0,3.0,17080.0,,100.0,stark_prime,1.0,1.0,1,False,100,54.60943,55.0651027,55.10560694,1.0,filter_first-2387000dc3a8,pre,1,stark-prime-021,1.0,3,0.0,0.0,filter_first,52.878,0.0,1.6694300000000055,0.063,typed_neighbors,True
auto_derived_v0.2,tridb_live,0.0,3.0,17080.0,,100.0,stark_prime,1.0,1.0,2,False,100,53.704982,54.1610786,54.20162052,1.0,filter_first-28ed17c208d7,pre,1,stark-prime-021,1.0,3,0.0,0.0,filter_first,52.676,0.0,0.9459820000000008,0.09,typed_neighbors,True
auto_derived_v0.2,tridb_live,0.0,3.0,17080.0,,50.0,stark_prime,1.0,1.0,2,False,50,54.539689,56.029108900000004,56.16150178,1.0,filter_first-2d01f654960c,pre,1,stark-prime-021,1.0,3,0.0,0.0,filter_first,53.48,0.0,0.8746000000000009,0.092,typed_neighbors,True
auto_derived_v0.2,tridb_live,0.0,0.0,17080.0,,1.0,stark_prime,0.0,0.0,2,False,1,2.051226,2.2132719,2.22767598,0.0,filter_first-3a7f1025f729,pre,1,stark-prime-021,0.0,3,0.0,0.0,filter_first,1.407,0.0,0.6158169999999998,0.062,typed_neighbors,True
auto_derived_v0.2,tridb_live,0.0,2.0,17080.0,,20.0,stark_prime,1.0,1.0,2,False,20,1.672173,1.7018514,1.7044894800000001,1.0,filter_first-46ec65dc7fea,pre,1,stark-prime-021,0.5,3,0.0,0.0,filter_first,1.158,0.0,0.478251,0.052,typed_neighbors,True
auto_derived_v0.2,tridb_live,0.0,1.0,17080.0,,10.0,stark_prime,1.0,1.0,1,False,10,1.715924,1.9545653,1.97577786,1.0,filter_first-8532bb36e741,pre,1,stark-prime-021,0.5,3,0.0,0.0,filter_first,1.181,0.0,0.490391,0.044,typed_neighbors,True
auto_derived_v0.2,tridb_live,0.0,1.0,17080.0,,5.0,stark_prime,1.0,1.0,1,False,5,1.733788,2.3177152,2.36961984,1.0,filter_first-8699218b4a03,pre,1,stark-prime-021,0.5,3,0.0,0.0,filter_first,1.197,0.0,0.5288790000000001,0.038,typed_neighbors,True
auto_derived_v0.2,tridb_live,0.0,1.0,17080.0,,10.0,stark_prime,1.0,1.0,2,False,10,1.66434,1.8032748,1.81562456,1.0,filter_first-88d1f0b4340a,pre,1,stark-prime-021,0.5,3,0.0,0.0,filter_first,1.106,0.0,0.51834,0.052,typed_neighbors,True
auto_derived_v0.2,tridb_live,0.0,1.0,17080.0,,5.0,stark_prime,1.0,1.0,2,False,5,1.641489,2.0567615999999997,2.09367472,1.0,filter_first-bb7c33f6d989,pre,1,stark-prime-021,0.5,3,0.0,0.0,filter_first,1.106,0.0,0.484772,0.055,typed_neighbors,True
auto_derived_v0.2,tridb_live,0.0,0.0,17080.0,,1.0,stark_prime,0.0,0.0,1,False,1,2.69896,3.0970093,3.13239146,0.0,filter_first-ef43b60e2e3b,pre,1,stark-prime-021,0.0,3,0.0,0.0,filter_first,2.121,0.0,0.53796,0.039,typed_neighbors,True
auto_derived_v0.2,tridb_live,0.0,1.0,17080.0,,,stark_prime,1.0,1.0,1,False,1,0.75918,1.2086895,1.2486458999999999,1.0,traverse_first-0e65f761853b,during,1,stark-prime-021,0.5,3,0.0,0.0,traverse_first,0.023,0.093,0.5901799999999999,0.053,typed_neighbors,True
auto_derived_v0.2,tridb_live,0.0,1.0,17080.0,,,stark_prime,1.0,1.0,2,False,1,0.880152,1.0220424000000001,1.0346548800000002,1.0,traverse_first-1401f30333f9,post,1,stark-prime-021,0.5,3,0.0,0.0,traverse_first,0.012,0.13,0.6981520000000001,0.045,typed_neighbors,True
auto_derived_v0.2,tridb_live,0.0,4.0,17080.0,,,stark_prime,1.0,1.0,2,False,50,0.595079,0.6060779,0.6070555799999999,1.0,traverse_first-15df7fd20126,post,1,stark-prime-021,1.0,3,0.0,0.0,traverse_first,0.01,0.128,0.42107900000000004,0.038,typed_neighbors,True
auto_derived_v0.2,tridb_live,0.0,4.0,17080.0,,,stark_prime,1.0,1.0,1,False,50,0.507521,0.5118644,0.51225048,1.0,traverse_first-18e80c0b50a9,post,1,stark-prime-021,1.0,3,0.0,0.0,traverse_first,0.011,0.053,0.423521,0.02,typed_neighbors,True
auto_derived_v0.2,tridb_live,0.0,4.0,17080.0,,,stark_prime,1.0,1.0,1,False,5,0.538839,0.5453622,0.54594204,1.0,traverse_first-2ef9d31e2115,during,1,stark-prime-021,1.0,3,0.0,0.0,traverse_first,0.011,0.056,0.449839,0.023,typed_neighbors,True
auto_derived_v0.2,tridb_live,0.0,4.0,17080.0,,,stark_prime,1.0,1.0,1,False,100,0.507434,1.1509988,1.20820456,1.0,traverse_first-3161568b8481,during,1,stark-prime-021,1.0,3,0.0,0.0,traverse_first,0.009,0.054,0.42543400000000003,0.021,typed_neighbors,True
auto_derived_v0.2,tridb_live,0.0,4.0,17080.0,,,stark_prime,1.0,1.0,2,False,50,0.584471,0.5939903,0.59483646,1.0,traverse_first-532feb3a2124,during,1,stark-prime-021,1.0,3,0.0,0.0,traverse_first,0.009,0.123,0.4142239999999999,0.04,typed_neighbors,True
auto_derived_v0.2,tridb_live,0.0,4.0,17080.0,,,stark_prime,1.0,1.0,2,False,10,0.673184,0.6852827,0.68635814,1.0,traverse_first-5be44627d46d,post,1,stark-prime-021,1.0,3,0.0,0.0,traverse_first,0.013,0.136,0.474184,0.046,typed_neighbors,True
auto_derived_v0.2,tridb_live,0.0,4.0,17080.0,,,stark_prime,1.0,1.0,2,False,20,0.594811,0.602758,0.6034644,1.0,traverse_first-5dac164247a2,post,1,stark-prime-021,1.0,3,0.0,0.0,traverse_first,0.011,0.123,0.42881099999999994,0.032,typed_neighbors,True
auto_derived_v0.2,tridb_live,0.0,4.0,17080.0,,,stark_prime,1.0,1.0,2,False,100,0.617279,0.6382238,0.6400855599999999,1.0,traverse_first-6c308678a8d4,post,1,stark-prime-021,1.0,3,0.0,0.0,traverse_first,0.012,0.129,0.432279,0.045,typed_neighbors,True
auto_derived_v0.2,tridb_live,0.0,4.0,17080.0,,,stark_prime,1.0,1.0,1,False,20,0.51374,0.5183003,0.5187056600000001,1.0,traverse_first-6e5585f7fa7d,during,1,stark-prime-021,1.0,3,0.0,0.0,traverse_first,0.011,0.054,0.42873999999999995,0.022,typed_neighbors,True
auto_derived_v0.2,tridb_live,0.0,4.0,17080.0,,,stark_prime,1.0,1.0,2,False,100,0.628506,0.6459021,0.64744842,1.0,traverse_first-702b20668df6,during,1,stark-prime-021,1.0,3,0.0,0.0,traverse_first,0.015,0.135,0.43148800000000004,0.045,typed_neighbors,True
auto_derived_v0.2,tridb_live,0.0,4.0,17080.0,,,stark_prime,1.0,1.0,1,False,20,0.514976,0.5239697,0.52476914,1.0,traverse_first-76359c42693a,post,1,stark-prime-021,1.0,3,0.0,0.0,traverse_first,0.009,0.054,0.42997599999999997,0.022,typed_neighbors,True
auto_derived_v0.2,tridb_live,0.0,4.0,17080.0,,,stark_prime,1.0,1.0,1,False,10,0.741034,0.799912,0.8051456,1.0,traverse_first-7e45a5be9de9,post,1,stark-prime-021,1.0,3,0.0,0.0,traverse_first,0.014,0.071,0.629034,0.027,typed_neighbors,True
auto_derived_v0.2,tridb_live,0.0,4.0,17080.0,,,stark_prime,1.0,1.0,1,False,50,0.565525,1.1861253999999999,1.2412898799999998,1.0,traverse_first-82c8aed23797,during,1,stark-prime-021,1.0,3,0.0,0.0,traverse_first,0.012,0.052,0.48152500000000004,0.023,typed_neighbors,True
auto_derived_v0.2,tridb_live,0.0,4.0,17080.0,,,stark_prime,1.0,1.0,1,False,10,0.809686,0.8153452,0.81584824,1.0,traverse_first-8d055dcb7096,during,1,stark-prime-021,1.0,3,0.0,0.0,traverse_first,0.011,0.055,0.718686,0.022,typed_neighbors,True
auto_derived_v0.2,tridb_live,0.0,1.0,17080.0,,,stark_prime,1.0,1.0,2,False,1,0.888329,1.1771345,1.2028061,1.0,traverse_first-92d6d9491887,during,1,stark-prime-021,0.5,3,0.0,0.0,traverse_first,0.015,0.181,0.706329,0.06,typed_neighbors,True
auto_derived_v0.2,tridb_live,0.0,1.0,17080.0,,,stark_prime,1.0,1.0,1,False,1,0.706714,0.8134675,0.8229567,1.0,traverse_first-a6e5d14e469b,post,1,stark-prime-021,0.5,3,0.0,0.0,traverse_first,0.02,0.091,0.5577139999999999,0.038,typed_neighbors,True
auto_derived_v0.2,tridb_live,0.0,4.0,17080.0,,,stark_prime,1.0,1.0,2,False,5,0.912432,0.9246306,0.92571492,1.0,traverse_first-b279d6126ea0,post,1,stark-prime-021,1.0,3,0.0,0.0,traverse_first,0.011,0.131,0.732432,0.038,typed_neighbors,True
auto_derived_v0.2,tridb_live,0.0,4.0,17080.0,,,stark_prime,1.0,1.0,1,False,100,0.520364,0.5425544,0.5445268799999999,1.0,traverse_first-c289b470b52c,post,1,stark-prime-021,1.0,3,0.0,0.0,traverse_first,0.012,0.062,0.4258700000000001,0.024,typed_neighbors,True
auto_derived_v0.2,tridb_live,0.0,4.0,17080.0,,,stark_prime,1.0,1.0,2,False,5,0.905141,0.9957494,1.00380348,1.0,traverse_first-cccdd3ed958f,during,1,stark-prime-021,1.0,3,0.0,0.0,traverse_first,0.011,0.145,0.723141,0.041,typed_neighbors,True
auto_derived_v0.2,tridb_live,0.0,4.0,17080.0,,,stark_prime,1.0,1.0,2,False,20,0.625389,0.6736875,0.6779807,1.0,traverse_first-e4d7ef105a79,during,1,stark-prime-021,1.0,3,0.0,0.0,traverse_first,0.011,0.126,0.43148400000000003,0.037,typed_neighbors,True
auto_derived_v0.2,tridb_live,0.0,4.0,17080.0,,,stark_prime,1.0,1.0,1,False,5,0.51356,0.5223755,0.5231591,1.0,traverse_first-f0fdb2bba196,post,1,stark-prime-021,1.0,3,0.0,0.0,traverse_first,0.011,0.055,0.42756000000000005,0.021,typed_neighbors,True
auto_derived_v0.2,tridb_live,0.0,4.0,17080.0,,,stark_prime,1.0,1.0,2,False,10,0.811801,1.6918102,1.77003324,1.0,traverse_first-f9b36ac9da92,during,1,stark-prime-021,1.0,3,0.0,0.0,traverse_first,0.017,0.178,0.556801,0.055,typed_neighbors,True
auto_derived_v0.2,tridb_live,0.0,3.0,17080.0,,50.0,stark_prime,1.0,1.0,1,False,50,1.836488,1.9132724,1.92009768,1.0,vector_first-12e4b447491a,post,1,stark-prime-021,1.0,3,0.0,0.0,vector_first,1.228,0.059,0.4764879999999998,0.035,typed_neighbors,True
auto_derived_v0.2,tridb_live,0.0,3.0,17080.0,,50.0,stark_prime,1.0,1.0,2,False,50,1.990841,2.0056973,2.00701786,1.0,vector_first-2670324e0bc6,during,1,stark-prime-021,1.0,3,0.0,0.0,vector_first,1.245,0.226,0.47119999999999984,0.053,typed_neighbors,True
auto_derived_v0.2,tridb_live,0.0,2.0,17080.0,,20.0,stark_prime,1.0,1.0,2,False,20,1.726629,1.7324043,1.73291766,1.0,vector_first-27d19d1f923e,during,1,stark-prime-021,0.5,3,0.0,0.0,vector_first,1.085,0.135,0.44762900000000005,0.051,typed_neighbors,True
auto_derived_v0.2,tridb_live,0.0,1.0,17080.0,,10.0,stark_prime,1.0,1.0,1,False,10,1.678896,1.6796664,1.6797348799999998,1.0,vector_first-404f84e6a5f4,post,1,stark-prime-021,0.5,3,0.0,0.0,vector_first,1.094,0.031,0.4738959999999999,0.035,typed_neighbors,True
auto_derived_v0.2,tridb_live,0.0,2.0,17080.0,,20.0,stark_prime,1.0,1.0,1,False,20,1.856699,1.8785680999999999,1.8805120199999998,1.0,vector_first-4c96de282a3c,during,1,stark-prime-021,0.5,3,0.0,0.0,vector_first,1.178,0.148,0.470998,0.035,typed_neighbors,True
auto_derived_v0.2,tridb_live,0.0,1.0,17080.0,,5.0,stark_prime,1.0,1.0,1,False,5,1.600662,1.663815,1.6694286,1.0,vector_first-539cd672e6b6,post,1,stark-prime-021,0.5,3,0.0,0.0,vector_first,1.084,0.029,0.4546620000000001,0.033,typed_neighbors,True
auto_derived_v0.2,tridb_live,0.0,3.0,17080.0,,100.0,stark_prime,1.0,1.0,2,False,100,2.006475,2.0506721999999997,2.05460084,1.0,vector_first-736b83dff9a6,post,1,stark-prime-021,1.0,3,0.0,0.0,vector_first,1.4,0.078,0.4734750000000001,0.055,typed_neighbors,True
auto_derived_v0.2,tridb_live,0.0,1.0,17080.0,,5.0,stark_prime,1.0,1.0,2,False,5,1.610614,1.6270444,1.62850488,1.0,vector_first-7462d459aaf5,during,1,stark-prime-021,0.5,3,0.0,0.0,vector_first,1.039,0.082,0.43961399999999995,0.054,typed_neighbors,True
auto_derived_v0.2,tridb_live,0.0,0.0,17080.0,,1.0,stark_prime,0.0,0.0,2,False,1,1.598212,1.6144687,1.6159137399999999,0.0,vector_first-79d7f13154dd,post,1,stark-prime-021,0.0,3,0.0,0.0,vector_first,1.045,0.0,0.4572749999999999,0.051,typed_neighbors,True
auto_derived_v0.2,tridb_live,0.0,0.0,17080.0,,1.0,stark_prime,0.0,0.0,2,False,1,1.63789,1.7760274,1.78830628,0.0,vector_first-8735078935c5,during,1,stark-prime-021,0.0,3,0.0,0.0,vector_first,1.085,0.04,0.4612379999999998,0.055,typed_neighbors,True
auto_derived_v0.2,tridb_live,0.0,1.0,17080.0,,10.0,stark_prime,1.0,1.0,1,False,10,1.703878,1.7296791999999999,1.73197264,1.0,vector_first-879c2f5ec6a7,during,1,stark-prime-021,0.5,3,0.0,0.0,vector_first,1.092,0.128,0.4465459999999999,0.032,typed_neighbors,True
auto_derived_v0.2,tridb_live,0.0,3.0,17080.0,,100.0,stark_prime,1.0,1.0,1,False,100,2.418531,2.7543642,2.78421604,1.0,vector_first-95fb2abe9f82,during,1,stark-prime-021,1.0,3,0.0,0.0,vector_first,1.511,0.386,0.48653100000000027,0.035,typed_neighbors,True
auto_derived_v0.2,tridb_live,0.0,3.0,17080.0,,100.0,stark_prime,1.0,1.0,1,False,100,2.039219,2.2061879,2.22102958,1.0,vector_first-9a76384ab2d2,post,1,stark-prime-021,1.0,3,0.0,0.0,vector_first,1.398,0.057,0.5242190000000002,0.036,typed_neighbors,True
auto_derived_v0.2,tridb_live,0.0,1.0,17080.0,,10.0,stark_prime,1.0,1.0,2,False,10,1.687764,1.7555034,1.7615246800000002,1.0,vector_first-9e027ae921ee,during,1,stark-prime-021,0.5,3,0.0,0.0,vector_first,1.064,0.109,0.46376400000000007,0.051,typed_neighbors,True
auto_derived_v0.2,tridb_live,0.0,0.0,17080.0,,1.0,stark_prime,0.0,0.0,1,False,1,2.717408,3.0054214999999997,3.0310227,0.0,vector_first-9f2a495d4986,during,1,stark-prime-021,0.0,3,0.0,0.0,vector_first,2.142,0.04,0.477654,0.039,typed_neighbors,True
auto_derived_v0.2,tridb_live,0.0,1.0,17080.0,,5.0,stark_prime,1.0,1.0,2,False,5,1.56068,1.5717302,1.57271244,1.0,vector_first-a5b8d6da0107,post,1,stark-prime-021,0.5,3,0.0,0.0,vector_first,1.028,0.027,0.454958,0.05,typed_neighbors,True
auto_derived_v0.2,tridb_live,0.0,3.0,17080.0,,50.0,stark_prime,1.0,1.0,2,False,50,1.804885,1.8376611999999999,1.8405746399999998,1.0,vector_first-a7431c3167bb,post,1,stark-prime-021,1.0,3,0.0,0.0,vector_first,1.229,0.07,0.452885,0.054,typed_neighbors,True
auto_derived_v0.2,tridb_live,0.0,1.0,17080.0,,10.0,stark_prime,1.0,1.0,2,False,10,1.624182,1.6279098,1.6282411600000002,1.0,vector_first-a802c228be07,post,1,stark-prime-021,0.5,3,0.0,0.0,vector_first,1.075,0.03,0.46332400000000007,0.052,typed_neighbors,True
auto_derived_v0.2,tridb_live,0.0,3.0,17080.0,,50.0,stark_prime,1.0,1.0,1,False,50,1.965213,2.0381823,2.04466846,1.0,vector_first-b3f469e3373a,during,1,stark-prime-021,1.0,3,0.0,0.0,vector_first,1.251,0.227,0.44928999999999997,0.031,typed_neighbors,True
auto_derived_v0.2,tridb_live,0.0,3.0,17080.0,,100.0,stark_prime,1.0,1.0,2,False,100,2.40066,2.4225974999999997,2.4245474999999996,1.0,vector_first-b9cbe3a2c022,during,1,stark-prime-021,1.0,3,0.0,0.0,vector_first,1.439,0.379,0.5256599999999998,0.057,typed_neighbors,True
auto_derived_v0.2,tridb_live,0.0,0.0,17080.0,,1.0,stark_prime,0.0,0.0,1,False,1,1.732368,2.4030966,2.46271692,0.0,vector_first-c1efa57fb2c2,post,1,stark-prime-021,0.0,3,0.0,0.0,vector_first,1.226,0.0,0.4683679999999999,0.038,typed_neighbors,True
auto_derived_v0.2,tridb_live,0.0,2.0,17080.0,,20.0,stark_prime,1.0,1.0,2,False,20,1.72329,2.1506901000000003,2.1886812200000003,1.0,vector_first-c9c7dff0ae35,post,1,stark-prime-021,0.5,3,0.0,0.0,vector_first,1.145,0.055,0.47529,0.053,typed_neighbors,True
auto_derived_v0.2,tridb_live,0.0,2.0,17080.0,,20.0,stark_prime,1.0,1.0,1,False,20,1.622205,1.6465572,1.6487218399999999,1.0,vector_first-ce905df43902,post,1,stark-prime-021,0.5,3,0.0,0.0,vector_first,1.091,0.047,0.44926299999999997,0.035,typed_neighbors,True
auto_derived_v0.2,tridb_live,0.0,1.0,17080.0,,8.0,stark_prime,1.0,1.0,2,True,8,1.623048,1.6283841,1.6288584199999998,1.0,vector_first-ebaeb868fc9b,post,1,stark-prime-021,0.5,3,0.0,0.0,vector_first,1.09,0.028,0.44821599999999995,0.051,typed_neighbors,True
auto_derived_v0.2,tridb_live,0.0,1.0,17080.0,,5.0,stark_prime,1.0,1.0,1,False,5,1.679045,1.7855924,1.79506328,1.0,vector_first-f0a58d413e0f,during,1,stark-prime-021,0.5,3,0.0,0.0,vector_first,1.093,0.095,0.4673560000000001,0.033,typed_neighbors,True
auto_derived_v0.2,tridb_live,0.0,12.0,7957.0,,50.0,stark_prime,0.0,0.0,1,False,50,35.483887,37.7664517,37.969346339999994,0.125,filter_first-03f67415e651,pre,1,stark-prime-022,1.0,3,0.0,0.0,filter_first,33.228,0.0,0.9650699999999972,0.087,typed_neighbors,True
auto_derived_v0.2,tridb_live,0.0,7.0,7957.0,,20.0,stark_prime,0.0,0.0,1,False,20,26.203904,27.7621307,27.90063974,0.0,filter_first-1cad3c1573b2,pre,1,stark-prime-022,0.0,3,0.0,0.0,filter_first,24.842,0.0,1.2819040000000008,0.081,typed_neighbors,True
auto_derived_v0.2,tridb_live,0.0,16.0,7957.0,,100.0,stark_prime,0.0,0.0,1,False,100,32.976722,34.1654987,34.271167739999996,0.125,filter_first-2387000dc3a8,pre,1,stark-prime-022,1.0,3,0.0,0.0,filter_first,31.88,0.0,1.100434,0.138,typed_neighbors,True
auto_derived_v0.2,tridb_live,0.0,16.0,7957.0,,100.0,stark_prime,0.0,0.0,2,False,100,32.333072,34.4712542,34.661314839999996,0.125,filter_first-28ed17c208d7,pre,1,stark-prime-022,1.0,3,0.0,0.0,filter_first,30.65,0.0,1.5528300000000002,0.729,typed_neighbors,True
auto_derived_v0.2,tridb_live,0.0,12.0,7957.0,,50.0,stark_prime,0.0,0.0,2,False,50,34.505612,34.9463609,34.985538580000004,0.125,filter_first-2d01f654960c,pre,1,stark-prime-022,1.0,3,0.0,0.0,filter_first,32.379,0.0,1.4226120000000009,0.711,typed_neighbors,True
auto_derived_v0.2,tridb_live,0.0,0.0,7957.0,,1.0,stark_prime,0.0,0.0,2,False,1,2.166338,2.2924955,2.3037094999999996,0.0,filter_first-3a7f1025f729,pre,1,stark-prime-022,0.0,3,0.0,0.0,filter_first,1.051,0.0,0.4785440000000001,0.639,typed_neighbors,True
auto_derived_v0.2,tridb_live,0.0,7.0,7957.0,,20.0,stark_prime,0.0,0.0,2,False,20,28.545306,36.2893002,36.97765524,0.0,filter_first-46ec65dc7fea,pre,1,stark-prime-022,0.0,3,0.0,0.0,filter_first,25.919,0.0,1.2513059999999996,0.758,typed_neighbors,True
auto_derived_v0.2,tridb_live,0.0,4.0,7957.0,,10.0,stark_prime,0.0,0.0,1,False,10,32.778877,42.8014516,43.69234712,0.0,filter_first-8532bb36e741,pre,1,stark-prime-022,0.0,3,0.0,0.0,filter_first,31.676,0.0,1.024877,0.082,typed_neighbors,True
auto_derived_v0.2,tridb_live,0.0,2.0,7957.0,,5.0,stark_prime,0.0,0.0,1,False,5,5.457382,8.835713799999999,9.136009959999999,0.0,filter_first-8699218b4a03,pre,1,stark-prime-022,0.0,3,0.0,0.0,filter_first,4.223,0.0,0.8878630000000003,0.074,typed_neighbors,True
auto_derived_v0.2,tridb_live,0.0,4.0,7957.0,,10.0,stark_prime,0.0,0.0,2,False,10,39.091776,40.63950689999999,40.777082979999996,0.0,filter_first-88d1f0b4340a,pre,1,stark-prime-022,0.0,3,0.0,0.0,filter_first,36.863,0.0,1.0954769999999954,0.979,typed_neighbors,True
auto_derived_v0.2,tridb_live,0.0,2.0,7957.0,,5.0,stark_prime,0.0,0.0,2,False,5,5.384518,5.5180393,5.52990786,0.0,filter_first-bb7c33f6d989,pre,1,stark-prime-022,0.0,3,0.0,0.0,filter_first,3.561,0.0,0.8783149999999997,0.943,typed_neighbors,True
auto_derived_v0.2,tridb_live,0.0,0.0,7957.0,,1.0,stark_prime,0.0,0.0,1,False,1,2.557345,4.2646648,4.416426560000001,0.0,filter_first-ef43b60e2e3b,pre,1,stark-prime-022,0.0,3,0.0,0.0,filter_first,1.764,0.0,0.7063670000000002,0.07,typed_neighbors,True
auto_derived_v0.2,tridb_live,0.0,1.0,7957.0,,,stark_prime,0.0,0.0,1,False,1,0.696206,1.2006092,1.24544504,0.0,traverse_first-0e65f761853b,during,1,stark-prime-022,0.0,3,0.0,0.0,traverse_first,0.061,0.136,0.456206,0.043,typed_neighbors,True
auto_derived_v0.2,tridb_live,0.0,1.0,7957.0,,,stark_prime,0.0,0.0,2,False,1,1.41443,1.4870042,1.49345524,0.0,traverse_first-1401f30333f9,post,1,stark-prime-022,0.0,3,0.0,0.0,traverse_first,0.071,0.245,0.4724300000000001,0.635,typed_neighbors,True
auto_derived_v0.2,tridb_live,0.0,20.0,7957.0,,,stark_prime,0.0,0.0,2,False,50,1.608117,1.617495,1.6183286,0.125,traverse_first-15df7fd20126,post,1,stark-prime-022,1.0,3,0.0,0.0,traverse_first,0.074,0.278,0.613117,0.637,typed_neighbors,True
auto_derived_v0.2,tridb_live,0.0,20.0,7957.0,,,stark_prime,0.0,0.0,1,False,50,0.841186,0.8875531,0.89167462,0.125,traverse_first-18e80c0b50a9,post,1,stark-prime-022,1.0,3,0.0,0.0,traverse_first,0.066,0.148,0.555186,0.049,typed_neighbors,True
auto_derived_v0.2,tridb_live,0.0,5.0,7957.0,,,stark_prime,0.0,0.0,1,False,5,0.659036,0.6785345,0.6802677,0.0,traverse_first-2ef9d31e2115,during,1,stark-prime-022,0.0,3,0.0,0.0,traverse_first,0.055,0.129,0.426542,0.039,typed_neighbors,True
auto_derived_v0.2,tridb_live,0.0,20.0,7957.0,,,stark_prime,0.0,0.0,1,False,100,0.869811,0.8799800999999999,0.88088402,0.125,traverse_first-3161568b8481,during,1,stark-prime-022,1.0,3,0.0,0.0,traverse_first,0.071,0.172,0.572811,0.056,typed_neighbors,True
auto_derived_v0.2,tridb_live,0.0,20.0,7957.0,,,stark_prime,0.0,0.0,2,False,50,1.596869,1.5989768,1.59916416,0.125,traverse_first-532feb3a2124,during,1,stark-prime-022,1.0,3,0.0,0.0,traverse_first,0.07,0.268,0.609997,0.646,typed_neighbors,True
auto_derived_v0.2,tridb_live,0.0,10.0,7957.0,,,stark_prime,0.0,0.0,2,False,10,1.358306,1.3684157000000001,1.36931434,0.125,traverse_first-5be44627d46d,post,1,stark-prime-022,1.0,3,0.0,0.0,traverse_first,0.065,0.23,0.443539,0.611,typed_neighbors,True
auto_derived_v0.2,tridb_live,0.0,20.0,7957.0,,,stark_prime,0.0,0.0,2,False,20,1.610076,2.0081451,2.0435290200000003,0.125,traverse_first-5dac164247a2,post,1,stark-prime-022,1.0,3,0.0,0.0,traverse_first,0.075,0.263,0.6240760000000001,0.642,typed_neighbors,True
auto_derived_v0.2,tridb_live,0.0,20.0,7957.0,,,stark_prime,0.0,0.0,2,False,100,1.429641,1.6127208,1.62899456,0.125,traverse_first-6c308678a8d4,post,1,stark-prime-022,1.0,3,0.0,0.0,traverse_first,0.069,0.24,0.489641,0.635,typed_neighbors,True
auto_derived_v0.2,tridb_live,0.0,20.0,7957.0,,,stark_prime,0.0,0.0,1,False,20,0.670656,0.9977988,1.02687816,0.125,traverse_first-6e5585f7fa7d,during,1,stark-prime-022,1.0,3,0.0,0.0,traverse_first,0.054,0.122,0.45265600000000006,0.042,typed_neighbors,True
auto_derived_v0.2,tridb_live,0.0,20.0,7957.0,,,stark_prime,0.0,0.0,2,False,100,1.596924,1.6071372,1.60804504,0.125,traverse_first-702b20668df6,during,1,stark-prime-022,1.0,3,0.0,0.0,traverse_first,0.074,0.268,0.6025670000000001,0.645,typed_neighbors,True
auto_derived_v0.2,tridb_live,0.0,20.0,7957.0,,,stark_prime,0.0,0.0,1,False,20,0.64773,0.6536673,0.6541950599999999,0.125,traverse_first-76359c42693a,post,1,stark-prime-022,1.0,3,0.0,0.0,traverse_first,0.053,0.123,0.427327,0.042,typed_neighbors,True
auto_derived_v0.2,tridb_live,0.0,10.0,7957.0,,,stark_prime,0.0,0.0,1,False,10,0.64406,0.6511403,0.65176966,0.125,traverse_first-7e45a5be9de9,post,1,stark-prime-022,1.0,3,0.0,0.0,traverse_first,0.054,0.122,0.43006,0.04,typed_neighbors,True
auto_derived_v0.2,tridb_live,0.0,20.0,7957.0,,,stark_prime,0.0,0.0,1,False,50,0.874934,0.8758601,0.87594242,0.125,traverse_first-82c8aed23797,during,1,stark-prime-022,1.0,3,0.0,0.0,traverse_first,0.071,0.166,0.5769630000000001,0.058,typed_neighbors,True
auto_derived_v0.2,tridb_live,0.0,10.0,7957.0,,,stark_prime,0.0,0.0,1,False,10,0.658391,0.7050947,0.70924614,0.125,traverse_first-8d055dcb7096,during,1,stark-prime-022,1.0,3,0.0,0.0,traverse_first,0.055,0.135,0.438284,0.041,typed_neighbors,True
auto_derived_v0.2,tridb_live,0.0,1.0,7957.0,,,stark_prime,0.0,0.0,2,False,1,1.555227,1.89729,1.9276956,0.0,traverse_first-92d6d9491887,during,1,stark-prime-022,0.0,3,0.0,0.0,traverse_first,0.073,0.276,0.48522699999999985,0.721,typed_neighbors,True
auto_derived_v0.2,tridb_live,0.0,1.0,7957.0,,,stark_prime,0.0,0.0,1,False,1,1.114824,1.4952693,1.52908666,0.0,traverse_first-a6e5d14e469b,post,1,stark-prime-022,0.0,3,0.0,0.0,traverse_first,0.122,0.284,0.6317140000000001,0.086,typed_neighbors,True
auto_derived_v0.2,tridb_live,0.0,5.0,7957.0,,,stark_prime,0.0,0.0,2,False,5,1.430276,1.4451277999999999,1.44644796,0.0,traverse_first-b279d6126ea0,post,1,stark-prime-022,0.0,3,0.0,0.0,traverse_first,0.067,0.246,0.4707779999999999,0.639,typed_neighbors,True
auto_derived_v0.2,tridb_live,0.0,20.0,7957.0,,,stark_prime,0.0,0.0,1,False,100,0.854923,0.8609755,0.8615134999999999,0.125,traverse_first-c289b470b52c,post,1,stark-prime-022,1.0,3,0.0,0.0,traverse_first,0.074,0.161,0.5616479999999999,0.056,typed_neighbors,True
auto_derived_v0.2,tridb_live,0.0,5.0,7957.0,,,stark_prime,0.0,0.0,2,False,5,1.428388,1.4591887000000001,1.46192654,0.0,traverse_first-cccdd3ed958f,during,1,stark-prime-022,0.0,3,0.0,0.0,traverse_first,0.066,0.244,0.4609230000000001,0.646,typed_neighbors,True
auto_derived_v0.2,tridb_live,0.0,20.0,7957.0,,,stark_prime,0.0,0.0,2,False,20,1.397723,1.4230364,1.42528648,0.125,traverse_first-e4d7ef105a79,during,1,stark-prime-022,1.0,3,0.0,0.0,traverse_first,0.062,0.247,0.462723,0.617,typed_neighbors,True
auto_derived_v0.2,tridb_live,0.0,5.0,7957.0,,,stark_prime,0.0,0.0,1,False,5,0.678141,0.6952869,0.6968109800000001,0.0,traverse_first-f0fdb2bba196,post,1,stark-prime-022,0.0,3,0.0,0.0,traverse_first,0.055,0.132,0.436141,0.042,typed_neighbors,True
auto_derived_v0.2,tridb_live,0.0,10.0,7957.0,,,stark_prime,0.0,0.0,2,False,10,1.38181,1.4118043,1.41447046,0.125,traverse_first-f9b36ac9da92,during,1,stark-prime-022,1.0,3,0.0,0.0,traverse_first,0.066,0.23,0.45680999999999994,0.634,typed_neighbors,True
auto_derived_v0.2,tridb_live,0.0,0.0,7957.0,,50.0,stark_prime,0.0,0.0,1,False,50,1.082191,1.1219665,1.1255021,0.0,vector_first-12e4b447491a,post,1,stark-prime-022,0.0,3,0.0,0.0,vector_first,0.56,0.0,0.4731909999999999,0.05,typed_neighbors,True
auto_derived_v0.2,tridb_live,0.0,0.0,7957.0,,50.0,stark_prime,0.0,0.0,2,False,50,1.216505,1.5157360999999998,1.54233442,0.0,vector_first-2670324e0bc6,during,1,stark-prime-022,0.0,3,0.0,0.0,vector_first,0.547,0.209,0.4362950000000001,0.0,typed_neighbors,True
auto_derived_v0.2,tridb_live,0.0,0.0,7957.0,,20.0,stark_prime,0.0,0.0,2,False,20,1.135611,1.9160360999999997,1.9854072199999997,0.0,vector_first-27d19d1f923e,during,1,stark-prime-022,0.0,3,0.0,0.0,vector_first,0.473,0.138,0.5146109999999999,0.0,typed_neighbors,True
auto_derived_v0.2,tridb_live,0.0,0.0,7957.0,,10.0,stark_prime,0.0,0.0,1,False,10,0.936869,0.9787378999999999,0.98245958,0.0,vector_first-404f84e6a5f4,post,1,stark-prime-022,0.0,3,0.0,0.0,vector_first,0.427,0.0,0.45786899999999997,0.051,typed_neighbors,True
auto_derived_v0.2,tridb_live,0.0,0.0,7957.0,,20.0,stark_prime,0.0,0.0,1,False,20,1.057232,1.0942931,1.09758742,0.0,vector_first-4c96de282a3c,during,1,stark-prime-022,0.0,3,0.0,0.0,vector_first,0.49,0.135,0.43223199999999995,0.0,typed_neighbors,True
auto_derived_v0.2,tridb_live,0.0,0.0,7957.0,,5.0,stark_prime,0.0,0.0,1,False,5,0.950529,0.9647517,0.96601594,0.0,vector_first-539cd672e6b6,post,1,stark-prime-022,0.0,3,0.0,0.0,vector_first,0.43,0.0,0.475529,0.051,typed_neighbors,True
auto_derived_v0.2,tridb_live,0.0,0.0,7957.0,,100.0,stark_prime,0.0,0.0,2,False,100,1.919455,1.9753009,1.98026498,0.0,vector_first-736b83dff9a6,post,1,stark-prime-022,0.0,3,0.0,0.0,vector_first,0.716,0.097,0.46922399999999986,0.65,typed_neighbors,True
auto_derived_v0.2,tridb_live,0.0,0.0,7957.0,,5.0,stark_prime,0.0,0.0,2,False,5,1.016575,1.0750786,1.08027892,0.0,vector_first-7462d459aaf5,during,1,stark-prime-022,0.0,3,0.0,0.0,vector_first,0.422,0.089,0.45578299999999994,0.0,typed_neighbors,True
auto_derived_v0.2,tridb_live,0.0,0.0,7957.0,,1.0,stark_prime,0.0,0.0,2,False,1,1.503265,1.5281095,1.5303179,0.0,vector_first-79d7f13154dd,post,1,stark-prime-022,0.0,3,0.0,0.0,vector_first,0.392,0.0,0.49587000000000003,0.629,typed_neighbors,True
auto_derived_v0.2,tridb_live,0.0,0.0,7957.0,,1.0,stark_prime,0.0,0.0,2,False,1,1.085076,1.5686415,1.6116251,0.0,vector_first-8735078935c5,during,1,stark-prime-022,0.0,3,0.0,0.0,vector_first,0.429,0.038,0.5633710000000001,0.0,typed_neighbors,True
auto_derived_v0.2,tridb_live,0.0,0.0,7957.0,,10.0,stark_prime,0.0,0.0,1,False,10,1.003266,1.3926987,1.42731494,0.0,vector_first-879c2f5ec6a7,during,1,stark-prime-022,0.0,3,0.0,0.0,vector_first,0.451,0.11,0.452589,0.0,typed_neighbors,True
auto_derived_v0.2,tridb_live,0.0,0.0,7957.0,,100.0,stark_prime,0.0,0.0,1,False,100,1.778467,1.8326695,1.8374875,0.0,vector_first-95fb2abe9f82,during,1,stark-prime-022,0.0,3,0.0,0.0,vector_first,0.852,0.395,0.47046699999999997,0.0,typed_neighbors,True
auto_derived_v0.2,tridb_live,0.0,0.0,7957.0,,100.0,stark_prime,0.0,0.0,1,False,100,1.248576,1.2813765,1.2842921,0.0,vector_first-9a76384ab2d2,post,1,stark-prime-022,0.0,3,0.0,0.0,vector_first,0.731,0.0,0.4615759999999999,0.056,typed_neighbors,True
auto_derived_v0.2,tridb_live,0.0,0.0,7957.0,,10.0,stark_prime,0.0,0.0,2,False,10,0.959389,0.981124,0.983056,0.0,vector_first-9e027ae921ee,during,1,stark-prime-022,0.0,3,0.0,0.0,vector_first,0.425,0.103,0.431539,0.0,typed_neighbors,True
auto_derived_v0.2,tridb_live,0.0,0.0,7957.0,,1.0,stark_prime,0.0,0.0,1,False,1,1.373252,1.6940416999999999,1.72255634,0.0,vector_first-9f2a495d4986,during,1,stark-prime-022,0.0,3,0.0,0.0,vector_first,0.896,0.038,0.5866849999999999,0.0,typed_neighbors,True
auto_derived_v0.2,tridb_live,0.0,0.0,7957.0,,5.0,stark_prime,0.0,0.0,2,False,5,1.722524,1.7559581,1.75893002,0.0,vector_first-a5b8d6da0107,post,1,stark-prime-022,0.0,3,0.0,0.0,vector_first,0.45,0.0,0.584673,0.672,typed_neighbors,True
auto_derived_v0.2,tridb_live,0.0,0.0,7957.0,,50.0,stark_prime,0.0,0.0,2,False,50,1.683012,1.6895235,1.6901023,0.0,vector_first-a7431c3167bb,post,1,stark-prime-022,0.0,3,0.0,0.0,vector_first,0.552,0.03,0.462858,0.636,typed_neighbors,True
auto_derived_v0.2,tridb_live,0.0,0.0,7957.0,,10.0,stark_prime,0.0,0.0,2,False,10,1.521044,1.5759934999999998,1.5808779,0.0,vector_first-a802c228be07,post,1,stark-prime-022,0.0,3,0.0,0.0,vector_first,0.442,0.0,0.463044,0.616,typed_neighbors,True
auto_derived_v0.2,tridb_live,0.0,0.0,7957.0,,50.0,stark_prime,0.0,0.0,1,False,50,1.262768,1.3568954,1.36526228,0.0,vector_first-b3f469e3373a,during,1,stark-prime-022,0.0,3,0.0,0.0,vector_first,0.595,0.233,0.44876799999999994,0.0,typed_neighbors,True
auto_derived_v0.2,tridb_live,0.0,0.0,7957.0,,100.0,stark_prime,0.0,0.0,2,False,100,1.515414,1.5308589,1.53223178,0.0,vector_first-b9cbe3a2c022,during,1,stark-prime-022,0.0,3,0.0,0.0,vector_first,0.713,0.353,0.4475060000000002,0.0,typed_neighbors,True
auto_derived_v0.2,tridb_live,0.0,0.0,7957.0,,1.0,stark_prime,0.0,0.0,1,False,1,1.034941,1.1498485,1.1600625,0.0,vector_first-c1efa57fb2c2,post,1,stark-prime-022,0.0,3,0.0,0.0,vector_first,0.472,0.0,0.5069410000000001,0.054,typed_neighbors,True
auto_derived_v0.2,tridb_live,0.0,0.0,7957.0,,20.0,stark_prime,0.0,0.0,2,False,20,1.579923,1.5951114,1.59646148,0.0,vector_first-c9c7dff0ae35,post,1,stark-prime-022,0.0,3,0.0,0.0,vector_first,0.468,0.0,0.483104,0.639,typed_neighbors,True
auto_derived_v0.2,tridb_live,0.0,0.0,7957.0,,20.0,stark_prime,0.0,0.0,1,False,20,0.984726,0.986895,0.9870878,0.0,vector_first-ce905df43902,post,1,stark-prime-022,0.0,3,0.0,0.0,vector_first,0.47,0.0,0.469136,0.049,typed_neighbors,True
auto_derived_v0.2,tridb_live,0.0,0.0,7957.0,,8.0,stark_prime,0.0,0.0,2,True,8,1.552675,1.5586077999999999,1.5591351599999999,0.0,vector_first-ebaeb868fc9b,post,1,stark-prime-022,0.0,3,0.0,0.0,vector_first,0.438,0.0,0.4956750000000001,0.608,typed_neighbors,True
auto_derived_v0.2,tridb_live,0.0,0.0,7957.0,,5.0,stark_prime,0.0,0.0,1,False,5,0.963111,1.0148321999999999,1.0194296399999998,0.0,vector_first-f0a58d413e0f,during,1,stark-prime-022,0.0,3,0.0,0.0,vector_first,0.414,0.09,0.45611100000000004,0.0,typed_neighbors,True
auto_derived_v0.2,tridb_live,0.0,0.0,17080.0,,50.0,stark_prime,0.0,0.0,1,False,50,60.125727,67.0137438,67.62601196,0.0,filter_first-03f67415e651,pre,1,stark-prime-023,0.0,3,0.0,0.0,filter_first,59.069,0.0,0.8769930000000059,0.059,typed_neighbors,True
auto_derived_v0.2,tridb_live,0.0,0.0,17080.0,,20.0,stark_prime,0.0,0.0,1,False,20,1.603684,1.6324543,1.63501166,0.0,filter_first-1cad3c1573b2,pre,1,stark-prime-023,0.0,3,0.0,0.0,filter_first,1.108,0.0,0.4506509999999999,0.031,typed_neighbors,True
auto_derived_v0.2,tridb_live,0.0,0.0,17080.0,,100.0,stark_prime,0.0,0.0,1,False,100,54.392389,55.4899372,55.58749704,0.0,filter_first-2387000dc3a8,pre,1,stark-prime-023,0.0,3,0.0,0.0,filter_first,53.468,0.0,0.8613890000000026,0.061,typed_neighbors,True
auto_derived_v0.2,tridb_live,0.0,0.0,17080.0,,100.0,stark_prime,0.0,0.0,2,False,100,55.255865,55.3844498,55.39587956,0.0,filter_first-28ed17c208d7,pre,1,stark-prime-023,0.0,3,0.0,0.0,filter_first,53.488,0.0,1.5878650000000007,0.064,typed_neighbors,True
auto_derived_v0.2,tridb_live,0.0,0.0,17080.0,,50.0,stark_prime,0.0,0.0,2,False,50,54.183989,60.0207923,60.539619259999995,0.0,filter_first-2d01f654960c,pre,1,stark-prime-023,0.0,3,0.0,0.0,filter_first,53.294,0.0,0.9053259999999952,0.065,typed_neighbors,True
auto_derived_v0.2,tridb_live,0.0,0.0,17080.0,,1.0,stark_prime,0.0,0.0,2,False,1,1.600581,1.6018509,1.6019637800000002,0.0,filter_first-3a7f1025f729,pre,1,stark-prime-023,0.0,3,0.0,0.0,filter_first,1.086,0.0,0.467746,0.036,typed_neighbors,True
auto_derived_v0.2,tridb_live,0.0,0.0,17080.0,,20.0,stark_prime,0.0,0.0,2,False,20,1.640347,1.6418311,1.64196302,0.0,filter_first-46ec65dc7fea,pre,1,stark-prime-023,0.0,3,0.0,0.0,filter_first,1.105,0.0,0.4879960000000001,0.035,typed_neighbors,True
auto_derived_v0.2,tridb_live,0.0,0.0,17080.0,,10.0,stark_prime,0.0,0.0,1,False,10,1.608017,1.6719836,1.6776695199999998,0.0,filter_first-8532bb36e741,pre,1,stark-prime-023,0.0,3,0.0,0.0,filter_first,1.11,0.0,0.465017,0.033,typed_neighbors,True
auto_derived_v0.2,tridb_live,0.0,0.0,17080.0,,5.0,stark_prime,0.0,0.0,1,False,5,1.535806,1.5491926,1.55038252,0.0,filter_first-8699218b4a03,pre,1,stark-prime-023,0.0,3,0.0,0.0,filter_first,1.054,0.0,0.45243500000000014,0.032,typed_neighbors,True
auto_derived_v0.2,tridb_live,0.0,0.0,17080.0,,10.0,stark_prime,0.0,0.0,2,False,10,1.606529,1.6204709,1.62171018,0.0,filter_first-88d1f0b4340a,pre,1,stark-prime-023,0.0,3,0.0,0.0,filter_first,1.103,0.0,0.4675290000000001,0.035,typed_neighbors,True
auto_derived_v0.2,tridb_live,0.0,0.0,17080.0,,5.0,stark_prime,0.0,0.0,2,False,5,1.559628,1.6203294,1.6257250799999998,0.0,filter_first-bb7c33f6d989,pre,1,stark-prime-023,0.0,3,0.0,0.0,filter_first,1.047,0.0,0.4720739999999999,0.035,typed_neighbors,True
auto_derived_v0.2,tridb_live,0.0,0.0,17080.0,,1.0,stark_prime,0.0,0.0,1,False,1,2.109755,2.5052087000000003,2.54036014,0.0,filter_first-ef43b60e2e3b,pre,1,stark-prime-023,0.0,3,0.0,0.0,filter_first,1.623,0.0,0.4547549999999998,0.032,typed_neighbors,True
auto_derived_v0.2,tridb_live,0.0,1.0,17080.0,,,stark_prime,1.0,1.0,1,False,1,0.799012,1.0269838,1.04724796,1.0,traverse_first-0e65f761853b,during,1,stark-prime-023,1.0,3,0.0,0.0,traverse_first,0.004,0.032,0.6660119999999999,0.025,typed_neighbors,True
auto_derived_v0.2,tridb_live,0.0,1.0,17080.0,,,stark_prime,1.0,1.0,2,False,1,0.534346,0.8621566,0.89129532,1.0,traverse_first-1401f30333f9,post,1,stark-prime-023,1.0,3,0.0,0.0,traverse_first,0.004,0.034,0.472346,0.024,typed_neighbors,True
auto_derived_v0.2,tridb_live,0.0,1.0,17080.0,,,stark_prime,1.0,1.0,2,False,50,0.477341,0.4852772,0.48598264,1.0,traverse_first-15df7fd20126,post,1,stark-prime-023,1.0,3,0.0,0.0,traverse_first,0.003,0.031,0.422189,0.023,typed_neighbors,True
auto_derived_v0.2,tridb_live,0.0,1.0,17080.0,,,stark_prime,1.0,1.0,1,False,50,0.460406,0.484616,0.48676800000000003,1.0,traverse_first-18e80c0b50a9,post,1,stark-prime-023,1.0,3,0.0,0.0,traverse_first,0.003,0.017,0.420406,0.02,typed_neighbors,True
auto_derived_v0.2,tridb_live,0.0,1.0,17080.0,,,stark_prime,1.0,1.0,1,False,5,0.545797,0.6809031999999999,0.69291264,1.0,traverse_first-2ef9d31e2115,during,1,stark-prime-023,1.0,3,0.0,0.0,traverse_first,0.005,0.03,0.485797,0.026,typed_neighbors,True
auto_derived_v0.2,tridb_live,0.0,1.0,17080.0,,,stark_prime,1.0,1.0,1,False,100,0.460409,0.4624214,0.46260028,1.0,traverse_first-3161568b8481,during,1,stark-prime-023,1.0,3,0.0,0.0,traverse_first,0.003,0.019,0.41940900000000003,0.019,typed_neighbors,True
auto_derived_v0.2,tridb_live,0.0,1.0,17080.0,,,stark_prime,1.0,1.0,2,False,50,0.46747,0.4680901,0.46814522,1.0,traverse_first-532feb3a2124,during,1,stark-prime-023,1.0,3,0.0,0.0,traverse_first,0.003,0.031,0.40947,0.023,typed_neighbors,True
auto_derived_v0.2,tridb_live,0.0,1.0,17080.0,,,stark_prime,1.0,1.0,2,False,10,0.633453,0.6484299,0.6497611799999999,1.0,traverse_first-5be44627d46d,post,1,stark-prime-023,1.0,3,0.0,0.0,traverse_first,0.006,0.057,0.5324530000000001,0.039,typed_neighbors,True
auto_derived_v0.2,tridb_live,0.0,1.0,17080.0,,,stark_prime,1.0,1.0,2,False,20,0.657444,0.6726620999999999,0.67401482,1.0,traverse_first-5dac164247a2,post,1,stark-prime-023,1.0,3,0.0,0.0,traverse_first,0.007,0.06,0.551444,0.039,typed_neighbors,True
auto_derived_v0.2,tridb_live,0.0,1.0,17080.0,,,stark_prime,1.0,1.0,2,False,100,0.652857,0.7096011,0.7146450200000001,1.0,traverse_first-6c308678a8d4,post,1,stark-prime-023,1.0,3,0.0,0.0,traverse_first,0.007,0.057,0.548857,0.037,typed_neighbors,True
auto_derived_v0.2,tridb_live,0.0,1.0,17080.0,,,stark_prime,1.0,1.0,1,False,20,0.628272,0.6349968,0.63559456,1.0,traverse_first-6e5585f7fa7d,during,1,stark-prime-023,1.0,3,0.0,0.0,traverse_first,0.007,0.043,0.535744,0.036,typed_neighbors,True
auto_derived_v0.2,tridb_live,0.0,1.0,17080.0,,,stark_prime,1.0,1.0,2,False,100,0.469802,0.4816667,0.48272134,1.0,traverse_first-702b20668df6,during,1,stark-prime-023,1.0,3,0.0,0.0,traverse_first,0.003,0.032,0.411802,0.022,typed_neighbors,True
auto_derived_v0.2,tridb_live,0.0,1.0,17080.0,,,stark_prime,1.0,1.0,1,False,20,0.609911,0.6143093,0.61470026,1.0,traverse_first-76359c42693a,post,1,stark-prime-023,1.0,3,0.0,0.0,traverse_first,0.007,0.041,0.528911,0.034,typed_neighbors,True
auto_derived_v0.2,tridb_live,0.0,1.0,17080.0,,,stark_prime,1.0,1.0,1,False,10,0.621672,0.6269982,0.62747164,1.0,traverse_first-7e45a5be9de9,post,1,stark-prime-023,1.0,3,0.0,0.0,traverse_first,0.008,0.043,0.535672,0.035,typed_neighbors,True
auto_derived_v0.2,tridb_live,0.0,1.0,17080.0,,,stark_prime,1.0,1.0,1,False,50,0.569449,0.7036758999999999,0.7156071799999999,1.0,traverse_first-82c8aed23797,during,1,stark-prime-023,1.0,3,0.0,0.0,traverse_first,0.004,0.023,0.5254489999999999,0.025,typed_neighbors,True
auto_derived_v0.2,tridb_live,0.0,1.0,17080.0,,,stark_prime,1.0,1.0,1,False,10,0.6127,0.6398638,0.6422783599999999,1.0,traverse_first-8d055dcb7096,during,1,stark-prime-023,1.0,3,0.0,0.0,traverse_first,0.007,0.039,0.5337000000000001,0.035,typed_neighbors,True
auto_derived_v0.2,tridb_live,0.0,1.0,17080.0,,,stark_prime,1.0,1.0,2,False,1,0.548149,0.7053286,0.71930012,1.0,traverse_first-92d6d9491887,during,1,stark-prime-023,1.0,3,0.0,0.0,traverse_first,0.004,0.041,0.476149,0.026,typed_neighbors,True
auto_derived_v0.2,tridb_live,0.0,1.0,17080.0,,,stark_prime,1.0,1.0,1,False,1,0.588858,0.6802359,0.68835838,1.0,traverse_first-a6e5d14e469b,post,1,stark-prime-023,1.0,3,0.0,0.0,traverse_first,0.006,0.036,0.512858,0.034,typed_neighbors,True
auto_derived_v0.2,tridb_live,0.0,1.0,17080.0,,,stark_prime,1.0,1.0,2,False,5,0.688111,0.7321543,0.7360692600000001,1.0,traverse_first-b279d6126ea0,post,1,stark-prime-023,1.0,3,0.0,0.0,traverse_first,0.007,0.06,0.607048,0.041,typed_neighbors,True
auto_derived_v0.2,tridb_live,0.0,1.0,17080.0,,,stark_prime,1.0,1.0,1,False,100,0.456922,0.4629835,0.4635223,1.0,traverse_first-c289b470b52c,post,1,stark-prime-023,1.0,3,0.0,0.0,traverse_first,0.003,0.018,0.417922,0.019,typed_neighbors,True
auto_derived_v0.2,tridb_live,0.0,1.0,17080.0,,,stark_prime,1.0,1.0,2,False,5,0.518747,1.0116122,1.05542244,1.0,traverse_first-cccdd3ed958f,during,1,stark-prime-023,1.0,3,0.0,0.0,traverse_first,0.004,0.04,0.44874699999999995,0.026,typed_neighbors,True
auto_derived_v0.2,tridb_live,0.0,1.0,17080.0,,,stark_prime,1.0,1.0,2,False,20,0.652953,1.0005582,1.03145644,1.0,traverse_first-e4d7ef105a79,during,1,stark-prime-023,1.0,3,0.0,0.0,traverse_first,0.007,0.058,0.548953,0.039,typed_neighbors,True
auto_derived_v0.2,tridb_live,0.0,1.0,17080.0,,,stark_prime,1.0,1.0,1,False,5,0.488831,0.4950104,0.49555968,1.0,traverse_first-f0fdb2bba196,post,1,stark-prime-023,1.0,3,0.0,0.0,traverse_first,0.003,0.024,0.441796,0.022,typed_neighbors,True
auto_derived_v0.2,tridb_live,0.0,1.0,17080.0,,,stark_prime,1.0,1.0,2,False,10,0.644039,0.6509780000000001,0.6515948,1.0,traverse_first-f9b36ac9da92,during,1,stark-prime-023,1.0,3,0.0,0.0,traverse_first,0.007,0.063,0.535039,0.039,typed_neighbors,True
auto_derived_v0.2,tridb_live,0.0,0.0,17080.0,,50.0,stark_prime,0.0,0.0,1,False,50,1.824134,1.8976586,1.90419412,0.0,vector_first-12e4b447491a,post,1,stark-prime-023,0.0,3,0.0,0.0,vector_first,1.21,0.0,0.5679029999999998,0.037,typed_neighbors,True
auto_derived_v0.2,tridb_live,0.0,0.0,17080.0,,50.0,stark_prime,0.0,0.0,2,False,50,1.914756,2.0810319,2.09581198,0.0,vector_first-2670324e0bc6,during,1,stark-prime-023,0.0,3,0.0,0.0,vector_first,1.16,0.224,0.494756,0.036,typed_neighbors,True
auto_derived_v0.2,tridb_live,0.0,0.0,17080.0,,20.0,stark_prime,0.0,0.0,2,False,20,1.840134,1.8582752999999999,1.85988786,0.0,vector_first-27d19d1f923e,during,1,stark-prime-023,0.0,3,0.0,0.0,vector_first,1.07,0.156,0.5768390000000001,0.039,typed_neighbors,True
auto_derived_v0.2,tridb_live,0.0,0.0,17080.0,,10.0,stark_prime,0.0,0.0,1,False,10,1.602623,1.6176953,1.61903506,0.0,vector_first-404f84e6a5f4,post,1,stark-prime-023,0.0,3,0.0,0.0,vector_first,0.997,0.0,0.5686229999999999,0.037,typed_neighbors,True
auto_derived_v0.2,tridb_live,0.0,0.0,17080.0,,20.0,stark_prime,0.0,0.0,1,False,20,1.853627,1.8595301,1.86005482,0.0,vector_first-4c96de282a3c,during,1,stark-prime-023,0.0,3,0.0,0.0,vector_first,1.061,0.169,0.587186,0.036,typed_neighbors,True
auto_derived_v0.2,tridb_live,0.0,0.0,17080.0,,5.0,stark_prime,0.0,0.0,1,False,5,1.645147,1.7209828,1.72772376,0.0,vector_first-539cd672e6b6,post,1,stark-prime-023,0.0,3,0.0,0.0,vector_first,1.035,0.0,0.574147,0.036,typed_neighbors,True
auto_derived_v0.2,tridb_live,0.0,0.0,17080.0,,100.0,stark_prime,0.0,0.0,2,False,100,1.962334,1.9971937,2.00029234,0.0,vector_first-736b83dff9a6,post,1,stark-prime-023,0.0,3,0.0,0.0,vector_first,1.332,0.0,0.589334,0.041,typed_neighbors,True
auto_derived_v0.2,tridb_live,0.0,0.0,17080.0,,5.0,stark_prime,0.0,0.0,2,False,5,1.605617,1.6808678000000001,1.68755676,0.0,vector_first-7462d459aaf5,during,1,stark-prime-023,0.0,3,0.0,0.0,vector_first,0.989,0.1,0.48161699999999996,0.035,typed_neighbors,True
auto_derived_v0.2,tridb_live,0.0,0.0,17080.0,,1.0,stark_prime,0.0,0.0,2,False,1,1.64248,1.7146618,1.7210779600000001,0.0,vector_first-79d7f13154dd,post,1,stark-prime-023,0.0,3,0.0,0.0,vector_first,1.02,0.0,0.5824799999999999,0.04,typed_neighbors,True
auto_derived_v0.2,tridb_live,0.0,0.0,17080.0,,1.0,stark_prime,0.0,0.0,2,False,1,1.68462,1.703349,1.7050138,0.0,vector_first-8735078935c5,during,1,stark-prime-023,0.0,3,0.0,0.0,vector_first,1.032,0.045,0.56962,0.038,typed_neighbors,True
auto_derived_v0.2,tridb_live,0.0,0.0,17080.0,,10.0,stark_prime,0.0,0.0,1,False,10,1.763655,1.7987433000000002,1.80186226,0.0,vector_first-879c2f5ec6a7,during,1,stark-prime-023,0.0,3,0.0,0.0,vector_first,1.035,0.124,0.5706420000000001,0.036,typed_neighbors,True
auto_derived_v0.2,tridb_live,0.0,0.0,17080.0,,100.0,stark_prime,0.0,0.0,1,False,100,2.225174,2.5720988,2.60293656,0.0,vector_first-95fb2abe9f82,during,1,stark-prime-023,0.0,3,0.0,0.0,vector_first,1.327,0.374,0.495174,0.032,typed_neighbors,True
auto_derived_v0.2,tridb_live,0.0,0.0,17080.0,,100.0,stark_prime,0.0,0.0,1,False,100,1.950664,2.040205,2.0481642,0.0,vector_first-9a76384ab2d2,post,1,stark-prime-023,0.0,3,0.0,0.0,vector_first,1.336,0.0,0.587664,0.036,typed_neighbors,True
auto_derived_v0.2,tridb_live,0.0,0.0,17080.0,,10.0,stark_prime,0.0,0.0,2,False,10,1.846886,2.1810929000000003,2.21080018,0.0,vector_first-9e027ae921ee,during,1,stark-prime-023,0.0,3,0.0,0.0,vector_first,1.066,0.134,0.598886,0.039,typed_neighbors,True
auto_derived_v0.2,tridb_live,0.0,0.0,17080.0,,1.0,stark_prime,0.0,0.0,1,False,1,2.720972,3.9811313,4.09314546,0.0,vector_first-9f2a495d4986,during,1,stark-prime-023,0.0,3,0.0,0.0,vector_first,2.068,0.05,0.5759720000000002,0.036,typed_neighbors,True
auto_derived_v0.2,tridb_live,0.0,0.0,17080.0,,5.0,stark_prime,0.0,0.0,2,False,5,1.688327,1.7123614999999999,1.7144978999999998,0.0,vector_first-a5b8d6da0107,post,1,stark-prime-023,0.0,3,0.0,0.0,vector_first,1.056,0.0,0.587032,0.043,typed_neighbors,True
auto_derived_v0.2,tridb_live,0.0,0.0,17080.0,,50.0,stark_prime,0.0,0.0,2,False,50,1.584236,1.6232248999999999,1.62669058,0.0,vector_first-a7431c3167bb,post,1,stark-prime-023,0.0,3,0.0,0.0,vector_first,1.074,0.0,0.4782359999999999,0.035,typed_neighbors,True
auto_derived_v0.2,tridb_live,0.0,0.0,17080.0,,10.0,stark_prime,0.0,0.0,2,False,10,1.657706,1.6670462,1.66787644,0.0,vector_first-a802c228be07,post,1,stark-prime-023,0.0,3,0.0,0.0,vector_first,1.041,0.0,0.5730839999999999,0.041,typed_neighbors,True
auto_derived_v0.2,tridb_live,0.0,0.0,17080.0,,50.0,stark_prime,0.0,0.0,1,False,50,2.058175,2.0908765000000002,2.0937833,0.0,vector_first-b3f469e3373a,during,1,stark-prime-023,0.0,3,0.0,0.0,vector_first,1.201,0.237,0.5851749999999998,0.035,typed_neighbors,True
auto_derived_v0.2,tridb_live,0.0,0.0,17080.0,,100.0,stark_prime,0.0,0.0,2,False,100,2.325232,2.3340061,2.33478602,0.0,vector_first-b9cbe3a2c022,during,1,stark-prime-023,0.0,3,0.0,0.0,vector_first,1.316,0.371,0.5857490000000001,0.04,typed_neighbors,True
auto_derived_v0.2,tridb_live,0.0,0.0,17080.0,,1.0,stark_prime,0.0,0.0,1,False,1,1.745921,1.8713765,1.8825281,0.0,vector_first-c1efa57fb2c2,post,1,stark-prime-023,0.0,3,0.0,0.0,vector_first,1.132,0.0,0.576921,0.037,typed_neighbors,True
auto_derived_v0.2,tridb_live,0.0,0.0,17080.0,,20.0,stark_prime,0.0,0.0,2,False,20,1.663761,1.6768659000000001,1.67803078,0.0,vector_first-c9c7dff0ae35,post,1,stark-prime-023,0.0,3,0.0,0.0,vector_first,1.053,0.0,0.5707610000000001,0.04,typed_neighbors,True
auto_derived_v0.2,tridb_live,0.0,0.0,17080.0,,20.0,stark_prime,0.0,0.0,1,False,20,1.647201,1.6752567,1.6777505400000001,0.0,vector_first-ce905df43902,post,1,stark-prime-023,0.0,3,0.0,0.0,vector_first,1.034,0.0,0.573812,0.037,typed_neighbors,True
auto_derived_v0.2,tridb_live,0.0,0.0,17080.0,,8.0,stark_prime,0.0,0.0,2,True,8,1.670579,1.6809307999999998,1.68185096,0.0,vector_first-ebaeb868fc9b,post,1,stark-prime-023,0.0,3,0.0,0.0,vector_first,1.059,0.0,0.573081,0.042,typed_neighbors,True
auto_derived_v0.2,tridb_live,0.0,0.0,17080.0,,5.0,stark_prime,0.0,0.0,1,False,5,1.785524,1.7903597,1.79078954,0.0,vector_first-f0a58d413e0f,during,1,stark-prime-023,0.0,3,0.0,0.0,vector_first,1.055,0.097,0.5835239999999999,0.035,typed_neighbors,True
auto_derived_v0.2,tridb_live,0.0,3.0,17080.0,,50.0,stark_prime,0.0,0.0,1,False,50,54.473244,54.9014595,54.9395231,0.0,filter_first-03f67415e651,pre,1,stark-prime-024,0.0,3,0.0,0.0,filter_first,53.307,0.0,0.8791619999999938,0.386,typed_neighbors,True
auto_derived_v0.2,tridb_live,0.0,0.0,17080.0,,20.0,stark_prime,0.0,0.0,1,False,20,1.97402,2.0996294,2.11079468,0.0,filter_first-1cad3c1573b2,pre,1,stark-prime-024,0.0,3,0.0,0.0,filter_first,1.063,0.0,0.6030200000000001,0.308,typed_neighbors,True
auto_derived_v0.2,tridb_live,0.0,11.0,17080.0,,100.0,stark_prime,0.0,0.0,1,False,100,55.250038,56.2868137,56.37897154,0.0,filter_first-2387000dc3a8,pre,1,stark-prime-024,0.0,3,0.0,0.0,filter_first,53.335,0.0,1.5010380000000012,0.404,typed_neighbors,True
auto_derived_v0.2,tridb_live,0.0,11.0,17080.0,,100.0,stark_prime,0.0,0.0,2,False,100,60.044556,60.8325933,60.90264106,0.0,filter_first-28ed17c208d7,pre,1,stark-prime-024,0.0,3,0.0,0.0,filter_first,53.264,0.0,1.6575559999999996,5.203,typed_neighbors,True
auto_derived_v0.2,tridb_live,0.0,3.0,17080.0,,50.0,stark_prime,0.0,0.0,2,False,50,60.274783,61.0982218,61.17141636,0.0,filter_first-2d01f654960c,pre,1,stark-prime-024,0.0,3,0.0,0.0,filter_first,53.407,0.0,1.664715000000001,5.002,typed_neighbors,True
auto_derived_v0.2,tridb_live,0.0,0.0,17080.0,,1.0,stark_prime,0.0,0.0,2,False,1,6.768856,6.933502,6.9481372,0.0,filter_first-3a7f1025f729,pre,1,stark-prime-024,0.0,3,0.0,0.0,filter_first,1.009,0.0,1.1578560000000007,4.632,typed_neighbors,True
auto_derived_v0.2,tridb_live,0.0,0.0,17080.0,,20.0,stark_prime,0.0,0.0,2,False,20,6.455487,6.606457499999999,6.6198771,0.0,filter_first-46ec65dc7fea,pre,1,stark-prime-024,0.0,3,0.0,0.0,filter_first,1.075,0.0,1.0582319999999994,4.417,typed_neighbors,True
auto_derived_v0.2,tridb_live,0.0,0.0,17080.0,,10.0,stark_prime,0.0,0.0,1,False,10,1.960731,2.0783348999999998,2.08878858,0.0,filter_first-8532bb36e741,pre,1,stark-prime-024,0.0,3,0.0,0.0,filter_first,1.045,0.0,0.6127309999999999,0.312,typed_neighbors,True
auto_derived_v0.2,tridb_live,0.0,0.0,17080.0,,5.0,stark_prime,0.0,0.0,1,False,5,1.97087,2.0680133,2.07664826,0.0,filter_first-8699218b4a03,pre,1,stark-prime-024,0.0,3,0.0,0.0,filter_first,1.045,0.0,0.6198699999999999,0.312,typed_neighbors,True
auto_derived_v0.2,tridb_live,0.0,0.0,17080.0,,10.0,stark_prime,0.0,0.0,2,False,10,6.429083,6.6559109,6.67607338,0.0,filter_first-88d1f0b4340a,pre,1,stark-prime-024,0.0,3,0.0,0.0,filter_first,1.084,0.0,1.0741139999999998,4.37,typed_neighbors,True
auto_derived_v0.2,tridb_live,0.0,0.0,17080.0,,5.0,stark_prime,0.0,0.0,2,False,5,6.467467,6.4930009,6.49527058,0.0,filter_first-bb7c33f6d989,pre,1,stark-prime-024,0.0,3,0.0,0.0,filter_first,1.002,0.0,1.0428379999999997,4.418,typed_neighbors,True
auto_derived_v0.2,tridb_live,0.0,0.0,17080.0,,1.0,stark_prime,0.0,0.0,1,False,1,2.383003,3.3120433,3.39462466,0.0,filter_first-ef43b60e2e3b,pre,1,stark-prime-024,0.0,3,0.0,0.0,filter_first,1.432,0.0,0.6280030000000001,0.328,typed_neighbors,True
auto_derived_v0.2,tridb_live,0.0,1.0,17080.0,,,stark_prime,0.0,0.0,1,False,1,4.593394,4.8210328,4.841267360000001,0.0,traverse_first-0e65f761853b,during,1,stark-prime-024,0.0,3,0.0,0.0,traverse_first,1.624,1.656,0.9323260000000002,0.395,typed_neighbors,True
auto_derived_v0.2,tridb_live,0.0,1.0,17080.0,,,stark_prime,0.0,0.0,2,False,1,22.854403,23.126761,23.150970599999997,0.0,traverse_first-1401f30333f9,post,1,stark-prime-024,0.0,3,0.0,0.0,traverse_first,1.673,13.543,2.4874030000000005,5.047,typed_neighbors,True
auto_derived_v0.2,tridb_live,0.0,20.0,17080.0,,,stark_prime,0.0,0.0,2,False,50,27.753517,28.5578065,28.629298900000002,0.0,traverse_first-15df7fd20126,post,1,stark-prime-024,0.0,3,0.0,0.0,traverse_first,2.278,16.605,3.6001720000000006,5.492,typed_neighbors,True
auto_derived_v0.2,tridb_live,0.0,20.0,17080.0,,,stark_prime,0.0,0.0,1,False,50,3.831905,4.478062700000001,4.53549894,0.0,traverse_first-18e80c0b50a9,post,1,stark-prime-024,0.0,3,0.0,0.0,traverse_first,1.217,1.342,0.8619049999999997,0.337,typed_neighbors,True
auto_derived_v0.2,tridb_live,0.0,5.0,17080.0,,,stark_prime,0.0,0.0,1,False,5,4.003578,4.7191554,4.78276228,0.0,traverse_first-2ef9d31e2115,during,1,stark-prime-024,0.0,3,0.0,0.0,traverse_first,1.573,1.469,0.6790670000000003,0.343,typed_neighbors,True
auto_derived_v0.2,tridb_live,0.0,20.0,17080.0,,,stark_prime,0.0,0.0,1,False,100,4.493142,5.6061639,5.70509918,0.0,traverse_first-3161568b8481,during,1,stark-prime-024,0.0,3,0.0,0.0,traverse_first,1.573,1.549,1.0816270000000001,0.36,typed_neighbors,True
auto_derived_v0.2,tridb_live,0.0,20.0,17080.0,,,stark_prime,0.0,0.0,2,False,50,22.251501,22.2677946,22.26924292,0.0,traverse_first-532feb3a2124,during,1,stark-prime-024,0.0,3,0.0,0.0,traverse_first,1.554,13.232,2.6286050000000003,4.829,typed_neighbors,True
auto_derived_v0.2,tridb_live,0.0,10.0,17080.0,,,stark_prime,0.0,0.0,2,False,10,22.567458,23.128894199999998,23.178799639999998,0.0,traverse_first-5be44627d46d,post,1,stark-prime-024,0.0,3,0.0,0.0,traverse_first,1.665,13.262,2.8574579999999976,4.943,typed_neighbors,True
auto_derived_v0.2,tridb_live,0.0,20.0,17080.0,,,stark_prime,0.0,0.0,2,False,20,22.444534,22.895785,22.935896200000002,0.0,traverse_first-5dac164247a2,post,1,stark-prime-024,0.0,3,0.0,0.0,traverse_first,1.675,13.41,2.495635,4.924,typed_neighbors,True
auto_derived_v0.2,tridb_live,0.0,20.0,17080.0,,,stark_prime,0.0,0.0,2,False,100,26.354343,27.119844299999997,27.187888859999997,0.0,traverse_first-6c308678a8d4,post,1,stark-prime-024,0.0,3,0.0,0.0,traverse_first,2.16,15.765,2.4787599999999976,5.479,typed_neighbors,True
auto_derived_v0.2,tridb_live,0.0,20.0,17080.0,,,stark_prime,0.0,0.0,1,False,20,3.912731,4.4194796,4.46452392,0.0,traverse_first-6e5585f7fa7d,during,1,stark-prime-024,0.0,3,0.0,0.0,traverse_first,1.529,1.44,0.6714450000000003,0.326,typed_neighbors,True
auto_derived_v0.2,tridb_live,0.0,20.0,17080.0,,,stark_prime,0.0,0.0,2,False,100,27.360171,28.2588021,28.33868042,0.0,traverse_first-702b20668df6,during,1,stark-prime-024,0.0,3,0.0,0.0,traverse_first,1.993,16.924,3.4639689999999987,5.652,typed_neighbors,True
auto_derived_v0.2,tridb_live,0.0,20.0,17080.0,,,stark_prime,0.0,0.0,1,False,20,3.426717,3.5898698999999996,3.6043723799999996,0.0,traverse_first-76359c42693a,post,1,stark-prime-024,0.0,3,0.0,0.0,traverse_first,1.201,1.332,0.6047990000000003,0.332,typed_neighbors,True
auto_derived_v0.2,tridb_live,0.0,10.0,17080.0,,,stark_prime,0.0,0.0,1,False,10,3.494919,3.6213852,3.6326266400000002,0.0,traverse_first-7e45a5be9de9,post,1,stark-prime-024,0.0,3,0.0,0.0,traverse_first,1.225,1.332,0.6164389999999997,0.333,typed_neighbors,True
auto_derived_v0.2,tridb_live,0.0,20.0,17080.0,,,stark_prime,0.0,0.0,1,False,50,4.435375,5.065373200000001,5.121373040000001,0.0,traverse_first-82c8aed23797,during,1,stark-prime-024,0.0,3,0.0,0.0,traverse_first,1.642,1.462,0.9923749999999996,0.349,typed_neighbors,True
auto_derived_v0.2,tridb_live,0.0,10.0,17080.0,,,stark_prime,0.0,0.0,1,False,10,3.998768,4.4059558999999995,4.44215038,0.0,traverse_first-8d055dcb7096,during,1,stark-prime-024,0.0,3,0.0,0.0,traverse_first,1.526,1.442,0.709768,0.329,typed_neighbors,True
auto_derived_v0.2,tridb_live,0.0,1.0,17080.0,,,stark_prime,0.0,0.0,2,False,1,23.173071,23.2737441,23.282692819999998,0.0,traverse_first-92d6d9491887,during,1,stark-prime-024,0.0,3,0.0,0.0,traverse_first,1.63,13.665,2.8454869999999985,5.059,typed_neighbors,True
auto_derived_v0.2,tridb_live,0.0,1.0,17080.0,,,stark_prime,0.0,0.0,1,False,1,3.657049,3.8549824,3.8725764799999998,0.0,traverse_first-a6e5d14e469b,post,1,stark-prime-024,0.0,3,0.0,0.0,traverse_first,1.286,1.396,0.6507480000000001,0.339,typed_neighbors,True
auto_derived_v0.2,tridb_live,0.0,5.0,17080.0,,,stark_prime,0.0,0.0,2,False,5,22.523465,27.141972499999998,27.5525065,0.0,traverse_first-b279d6126ea0,post,1,stark-prime-024,0.0,3,0.0,0.0,traverse_first,1.695,13.442,2.5613100000000024,4.968,typed_neighbors,True
auto_derived_v0.2,tridb_live,0.0,20.0,17080.0,,,stark_prime,0.0,0.0,1,False,100,4.073156,4.3439372,4.36800664,0.0,traverse_first-c289b470b52c,post,1,stark-prime-024,0.0,3,0.0,0.0,traverse_first,1.568,1.504,0.8420240000000003,0.356,typed_neighbors,True
auto_derived_v0.2,tridb_live,0.0,5.0,17080.0,,,stark_prime,0.0,0.0,2,False,5,22.467579,23.2185435,23.2852959,0.0,traverse_first-cccdd3ed958f,during,1,stark-prime-024,0.0,3,0.0,0.0,traverse_first,1.581,13.533,2.399179,5.003,typed_neighbors,True
auto_derived_v0.2,tridb_live,0.0,20.0,17080.0,,,stark_prime,0.0,0.0,2,False,20,22.325465,22.3319531,22.33252982,0.0,traverse_first-e4d7ef105a79,during,1,stark-prime-024,0.0,3,0.0,0.0,traverse_first,1.564,13.409,2.5366789999999995,4.856,typed_neighbors,True
auto_derived_v0.2,tridb_live,0.0,5.0,17080.0,,,stark_prime,0.0,0.0,1,False,5,3.497062,3.8758396,3.90950872,0.0,traverse_first-f0fdb2bba196,post,1,stark-prime-024,0.0,3,0.0,0.0,traverse_first,1.233,1.358,0.6080620000000003,0.345,typed_neighbors,True
auto_derived_v0.2,tridb_live,0.0,10.0,17080.0,,,stark_prime,0.0,0.0,2,False,10,22.138635,22.1733822,22.17647084,0.0,traverse_first-f9b36ac9da92,during,1,stark-prime-024,0.0,3,0.0,0.0,traverse_first,1.569,13.256,2.433243000000001,4.877,typed_neighbors,True
auto_derived_v0.2,tridb_live,0.0,0.0,17080.0,,50.0,stark_prime,0.0,0.0,1,False,50,2.883886,2.9581036,2.9647007199999997,0.0,vector_first-12e4b447491a,post,1,stark-prime-024,0.0,3,0.0,0.0,vector_first,2.032,0.0,0.5268859999999997,0.336,typed_neighbors,True
auto_derived_v0.2,tridb_live,0.0,0.0,17080.0,,50.0,stark_prime,0.0,0.0,2,False,50,10.321823,11.1069731,11.17676422,0.0,vector_first-2670324e0bc6,during,1,stark-prime-024,0.0,3,0.0,0.0,vector_first,2.143,0.257,2.557823,5.356,typed_neighbors,True
auto_derived_v0.2,tridb_live,0.0,0.0,17080.0,,20.0,stark_prime,0.0,0.0,2,False,20,8.502872,9.023844200000001,9.07015284,0.0,vector_first-27d19d1f923e,during,1,stark-prime-024,0.0,3,0.0,0.0,vector_first,1.16,0.157,1.5458720000000001,5.291,typed_neighbors,True
auto_derived_v0.2,tridb_live,0.0,0.0,17080.0,,10.0,stark_prime,0.0,0.0,1,False,10,2.302475,2.6780693,2.7114554600000003,0.0,vector_first-404f84e6a5f4,post,1,stark-prime-024,0.0,3,0.0,0.0,vector_first,1.102,0.0,0.7584749999999998,0.318,typed_neighbors,True
auto_derived_v0.2,tridb_live,0.0,0.0,17080.0,,20.0,stark_prime,0.0,0.0,1,False,20,3.360768,3.6354938999999997,3.65991398,0.0,vector_first-4c96de282a3c,during,1,stark-prime-024,0.0,3,0.0,0.0,vector_first,1.39,0.169,1.0007199999999998,0.316,typed_neighbors,True
auto_derived_v0.2,tridb_live,0.0,0.0,17080.0,,5.0,stark_prime,0.0,0.0,1,False,5,1.912813,2.4563607999999997,2.50467616,0.0,vector_first-539cd672e6b6,post,1,stark-prime-024,0.0,3,0.0,0.0,vector_first,1.011,0.0,0.5278130000000001,0.365,typed_neighbors,True
auto_derived_v0.2,tridb_live,0.0,2.0,17080.0,,100.0,stark_prime,0.0,0.0,2,False,100,7.560981,7.6931468999999995,7.70489498,0.0,vector_first-736b83dff9a6,post,1,stark-prime-024,0.0,3,0.0,0.0,vector_first,1.504,0.183,1.1229810000000002,4.748,typed_neighbors,True
auto_derived_v0.2,tridb_live,0.0,0.0,17080.0,,5.0,stark_prime,0.0,0.0,2,False,5,8.154033,8.5386426,8.572830119999999,0.0,vector_first-7462d459aaf5,during,1,stark-prime-024,0.0,3,0.0,0.0,vector_first,1.689,0.146,1.1900329999999997,5.294,typed_neighbors,True
auto_derived_v0.2,tridb_live,0.0,0.0,17080.0,,1.0,stark_prime,0.0,0.0,2,False,1,4.376114,4.6528226,4.67741892,0.0,vector_first-79d7f13154dd,post,1,stark-prime-024,0.0,3,0.0,0.0,vector_first,1.096,0.038,1.164568,1.827,typed_neighbors,True
auto_derived_v0.2,tridb_live,0.0,0.0,17080.0,,1.0,stark_prime,0.0,0.0,2,False,1,1.91028,1.9711919999999998,1.9766063999999999,0.0,vector_first-8735078935c5,during,1,stark-prime-024,0.0,3,0.0,0.0,vector_first,1.046,0.038,0.779596,0.0,typed_neighbors,True
auto_derived_v0.2,tridb_live,0.0,0.0,17080.0,,10.0,stark_prime,0.0,0.0,1,False,10,2.893009,2.9374897,2.9414435400000003,0.0,vector_first-879c2f5ec6a7,during,1,stark-prime-024,0.0,3,0.0,0.0,vector_first,1.364,0.132,0.8000090000000002,0.309,typed_neighbors,True
auto_derived_v0.2,tridb_live,0.0,2.0,17080.0,,100.0,stark_prime,0.0,0.0,1,False,100,4.529489,5.9391932,6.06450024,0.0,vector_first-95fb2abe9f82,during,1,stark-prime-024,0.0,3,0.0,0.0,vector_first,2.221,0.701,0.9824889999999997,0.639,typed_neighbors,True
auto_derived_v0.2,tridb_live,0.0,2.0,17080.0,,100.0,stark_prime,0.0,0.0,1,False,100,2.28568,2.6289409,2.65945298,0.0,vector_first-9a76384ab2d2,post,1,stark-prime-024,0.0,3,0.0,0.0,vector_first,1.268,0.054,0.5880809999999999,0.342,typed_neighbors,True
auto_derived_v0.2,tridb_live,0.0,0.0,17080.0,,10.0,stark_prime,0.0,0.0,2,False,10,8.309163,8.6840796,8.71740552,0.0,vector_first-9e027ae921ee,during,1,stark-prime-024,0.0,3,0.0,0.0,vector_first,1.093,0.163,1.2357370000000003,5.239,typed_neighbors,True
auto_derived_v0.2,tridb_live,0.0,0.0,17080.0,,1.0,stark_prime,0.0,0.0,1,False,1,2.379764,2.6484509,2.67233418,0.0,vector_first-9f2a495d4986,during,1,stark-prime-024,0.0,3,0.0,0.0,vector_first,1.504,0.039,0.8243049999999998,0.0,typed_neighbors,True
auto_derived_v0.2,tridb_live,0.0,0.0,17080.0,,5.0,stark_prime,0.0,0.0,2,False,5,8.662331,8.759036,8.767632,0.0,vector_first-a5b8d6da0107,post,1,stark-prime-024,0.0,3,0.0,0.0,vector_first,1.701,0.083,1.2400949999999993,5.049,typed_neighbors,True
auto_derived_v0.2,tridb_live,0.0,0.0,17080.0,,50.0,stark_prime,0.0,0.0,2,False,50,9.597602,9.608893400000001,9.609897080000001,0.0,vector_first-a7431c3167bb,post,1,stark-prime-024,0.0,3,0.0,0.0,vector_first,1.976,0.149,1.3221480000000003,5.334,typed_neighbors,True
auto_derived_v0.2,tridb_live,0.0,0.0,17080.0,,10.0,stark_prime,0.0,0.0,2,False,10,8.55229,9.1275376,9.17867072,0.0,vector_first-a802c228be07,post,1,stark-prime-024,0.0,3,0.0,0.0,vector_first,1.81,0.121,1.3034540000000003,5.056,typed_neighbors,True
auto_derived_v0.2,tridb_live,0.0,0.0,17080.0,,50.0,stark_prime,0.0,0.0,1,False,50,3.743137,3.9808359999999996,4.0019648,0.0,vector_first-b3f469e3373a,during,1,stark-prime-024,0.0,3,0.0,0.0,vector_first,1.981,0.268,1.1671369999999999,0.327,typed_neighbors,True
auto_derived_v0.2,tridb_live,0.0,2.0,17080.0,,100.0,stark_prime,0.0,0.0,2,False,100,8.21116,8.3503954,8.36277188,0.0,vector_first-b9cbe3a2c022,during,1,stark-prime-024,0.0,3,0.0,0.0,vector_first,1.471,0.4,1.28416,5.0,typed_neighbors,True
auto_derived_v0.2,tridb_live,0.0,0.0,17080.0,,1.0,stark_prime,0.0,0.0,1,False,1,3.021245,3.080384,3.0856408,0.0,vector_first-c1efa57fb2c2,post,1,stark-prime-024,0.0,3,0.0,0.0,vector_first,1.863,0.0,0.835245,0.326,typed_neighbors,True
auto_derived_v0.2,tridb_live,0.0,0.0,17080.0,,20.0,stark_prime,0.0,0.0,2,False,20,8.8182,8.8312671,8.83242862,0.0,vector_first-c9c7dff0ae35,post,1,stark-prime-024,0.0,3,0.0,0.0,vector_first,2.082,0.126,1.399719000000001,5.225,typed_neighbors,True
auto_derived_v0.2,tridb_live,0.0,0.0,17080.0,,20.0,stark_prime,0.0,0.0,1,False,20,2.701499,2.7424184,2.74605568,0.0,vector_first-ce905df43902,post,1,stark-prime-024,0.0,3,0.0,0.0,vector_first,1.574,0.0,0.745965,0.374,typed_neighbors,True
auto_derived_v0.2,tridb_live,0.0,0.0,17080.0,,8.0,stark_prime,0.0,0.0,2,True,8,7.725027,8.6961621,8.78248522,0.0,vector_first-ebaeb868fc9b,post,1,stark-prime-024,0.0,3,0.0,0.0,vector_first,1.286,0.108,1.247027,5.02,typed_neighbors,True
auto_derived_v0.2,tridb_live,0.0,0.0,17080.0,,5.0,stark_prime,0.0,0.0,1,False,5,1.950531,1.9886667,1.99205654,0.0,vector_first-f0a58d413e0f,during,1,stark-prime-024,0.0,3,0.0,0.0,vector_first,0.939,0.088,0.597904,0.298,typed_neighbors,True
auto_derived_v0.2,tridb_live,0.0,0.0,2516.0,,50.0,stark_prime,0.0,0.0,1,False,50,8.854674,9.1188951,9.14238142,0.0,filter_first-03f67415e651,pre,1,stark-prime-025,0.0,3,0.0,0.0,filter_first,8.06,0.0,0.7426739999999992,0.052,typed_neighbors,True
auto_derived_v0.2,tridb_live,0.0,0.0,2516.0,,20.0,stark_prime,0.0,0.0,1,False,20,8.707557,9.0259716,9.05427512,0.0,filter_first-1cad3c1573b2,pre,1,stark-prime-025,0.0,3,0.0,0.0,filter_first,7.96,0.0,0.7022750000000002,0.052,typed_neighbors,True
auto_derived_v0.2,tridb_live,0.0,0.0,2516.0,,100.0,stark_prime,0.0,0.0,1,False,100,9.039724,9.131299,9.139439000000001,0.0,filter_first-2387000dc3a8,pre,1,stark-prime-025,0.0,3,0.0,0.0,filter_first,8.199,0.0,0.7837239999999994,0.057,typed_neighbors,True
auto_derived_v0.2,tridb_live,0.0,0.0,2516.0,,100.0,stark_prime,0.0,0.0,2,False,100,39.073164,39.332094,39.355109999999996,0.0,filter_first-28ed17c208d7,pre,1,stark-prime-025,0.0,3,0.0,0.0,filter_first,8.098,0.0,5.400163999999997,25.717,typed_neighbors,True
auto_derived_v0.2,tridb_live,0.0,0.0,2516.0,,50.0,stark_prime,0.0,0.0,2,False,50,38.530835,38.55302,38.554992,0.0,filter_first-2d01f654960c,pre,1,stark-prime-025,0.0,3,0.0,0.0,filter_first,8.25,0.0,5.445835000000002,24.786,typed_neighbors,True
auto_derived_v0.2,tridb_live,0.0,0.0,2516.0,,1.0,stark_prime,0.0,0.0,2,False,1,36.746809,36.7513333,36.75173546,0.0,filter_first-3a7f1025f729,pre,1,stark-prime-025,0.0,3,0.0,0.0,filter_first,8.028,0.0,5.052835999999996,23.651,typed_neighbors,True
auto_derived_v0.2,tridb_live,0.0,0.0,2516.0,,20.0,stark_prime,0.0,0.0,2,False,20,37.558156,37.8385141,37.863434819999995,0.0,filter_first-46ec65dc7fea,pre,1,stark-prime-025,0.0,3,0.0,0.0,filter_first,8.096,0.0,5.309664999999995,24.323,typed_neighbors,True
auto_derived_v0.2,tridb_live,0.0,0.0,2516.0,,10.0,stark_prime,0.0,0.0,1,False,10,8.678841,9.2567823,9.30815486,0.0,filter_first-8532bb36e741,pre,1,stark-prime-025,0.0,3,0.0,0.0,filter_first,7.973,0.0,0.6908409999999998,0.054,typed_neighbors,True
auto_derived_v0.2,tridb_live,0.0,0.0,2516.0,,5.0,stark_prime,0.0,0.0,1,False,5,8.753443,8.977020099999999,8.99689362,0.0,filter_first-8699218b4a03,pre,1,stark-prime-025,0.0,3,0.0,0.0,filter_first,7.954,0.0,0.748443,0.051,typed_neighbors,True
auto_derived_v0.2,tridb_live,0.0,0.0,2516.0,,10.0,stark_prime,0.0,0.0,2,False,10,37.593329,38.242917500000004,38.3006587,0.0,filter_first-88d1f0b4340a,pre,1,stark-prime-025,0.0,3,0.0,0.0,filter_first,8.129,0.0,5.222328999999995,24.208,typed_neighbors,True
auto_derived_v0.2,tridb_live,0.0,0.0,2516.0,,5.0,stark_prime,0.0,0.0,2,False,5,37.5479,37.770846199999994,37.79066364,0.0,filter_first-bb7c33f6d989,pre,1,stark-prime-025,0.0,3,0.0,0.0,filter_first,8.21,0.0,5.6215399999999995,23.832,typed_neighbors,True
auto_derived_v0.2,tridb_live,0.0,0.0,2516.0,,1.0,stark_prime,0.0,0.0,1,False,1,8.702785,11.4061384,11.64643648,0.0,filter_first-ef43b60e2e3b,pre,1,stark-prime-025,0.0,3,0.0,0.0,filter_first,7.975,0.0,0.9207850000000004,0.052,typed_neighbors,True
auto_derived_v0.2,tridb_live,0.0,1.0,2516.0,,,stark_prime,1.0,1.0,1,False,1,0.862708,1.1087608,1.13063216,1.0,traverse_first-0e65f761853b,during,1,stark-prime-025,1.0,3,0.0,0.0,traverse_first,0.015,0.173,0.631708,0.045,typed_neighbors,True
auto_derived_v0.2,tridb_live,0.0,1.0,2516.0,,,stark_prime,1.0,1.0,2,False,1,96.215193,98.26152210000001,98.44341802000001,1.0,traverse_first-1401f30333f9,post,1,stark-prime-025,1.0,3,0.0,0.0,traverse_first,0.019,71.258,11.793193000000002,13.224,typed_neighbors,True
auto_derived_v0.2,tridb_live,0.0,2.0,2516.0,,,stark_prime,1.0,1.0,2,False,50,95.906311,97.7728993,97.93881826,1.0,traverse_first-15df7fd20126,post,1,stark-prime-025,1.0,3,0.0,0.0,traverse_first,0.019,71.528,10.96731100000001,13.57,typed_neighbors,True
auto_derived_v0.2,tridb_live,0.0,2.0,2516.0,,,stark_prime,1.0,1.0,1,False,50,0.914457,1.1045855999999998,1.1214859199999998,1.0,traverse_first-18e80c0b50a9,post,1,stark-prime-025,1.0,3,0.0,0.0,traverse_first,0.01,0.144,0.7504569999999999,0.042,typed_neighbors,True
auto_derived_v0.2,tridb_live,0.0,2.0,2516.0,,,stark_prime,1.0,1.0,1,False,5,0.606714,1.0422779999999998,1.0809947999999998,1.0,traverse_first-2ef9d31e2115,during,1,stark-prime-025,1.0,3,0.0,0.0,traverse_first,0.007,0.114,0.45671399999999995,0.029,typed_neighbors,True
auto_derived_v0.2,tridb_live,0.0,2.0,2516.0,,,stark_prime,1.0,1.0,1,False,100,0.661558,1.0164117999999998,1.0479543599999999,1.0,traverse_first-3161568b8481,during,1,stark-prime-025,1.0,3,0.0,0.0,traverse_first,0.009,0.124,0.504558,0.035,typed_neighbors,True
auto_derived_v0.2,tridb_live,0.0,2.0,2516.0,,,stark_prime,1.0,1.0,2,False,50,96.938026,98.92177,99.09810279999999,1.0,traverse_first-532feb3a2124,during,1,stark-prime-025,1.0,3,0.0,0.0,traverse_first,0.018,71.843,11.067185999999992,13.287,typed_neighbors,True
auto_derived_v0.2,tridb_live,0.0,2.0,2516.0,,,stark_prime,1.0,1.0,2,False,10,97.143837,99.9161079,100.16253198,1.0,traverse_first-5be44627d46d,post,1,stark-prime-025,1.0,3,0.0,0.0,traverse_first,0.022,71.825,11.839137999999991,13.487,typed_neighbors,True
auto_derived_v0.2,tridb_live,0.0,2.0,2516.0,,,stark_prime,1.0,1.0,2,False,20,99.009371,101.04792859999999,101.22913372,1.0,traverse_first-5dac164247a2,post,1,stark-prime-025,1.0,3,0.0,0.0,traverse_first,0.02,73.674,11.502516,13.817,typed_neighbors,True
auto_derived_v0.2,tridb_live,0.0,2.0,2516.0,,,stark_prime,1.0,1.0,2,False,100,97.198675,121.6776292,123.85353624,1.0,traverse_first-6c308678a8d4,post,1,stark-prime-025,1.0,3,0.0,0.0,traverse_first,0.019,72.367,11.070674999999994,13.737,typed_neighbors,True
auto_derived_v0.2,tridb_live,0.0,2.0,2516.0,,,stark_prime,1.0,1.0,1,False,20,0.597882,0.9435224999999999,0.9742461,1.0,traverse_first-6e5585f7fa7d,during,1,stark-prime-025,1.0,3,0.0,0.0,traverse_first,0.007,0.114,0.446882,0.03,typed_neighbors,True
auto_derived_v0.2,tridb_live,0.0,2.0,2516.0,,,stark_prime,1.0,1.0,2,False,100,96.130495,96.52908430000001,96.56451446000001,1.0,traverse_first-702b20668df6,during,1,stark-prime-025,1.0,3,0.0,0.0,traverse_first,0.018,71.806,10.104768000000007,13.62,typed_neighbors,True
auto_derived_v0.2,tridb_live,0.0,2.0,2516.0,,,stark_prime,1.0,1.0,1,False,20,0.560645,0.5659001,0.56636722,1.0,traverse_first-76359c42693a,post,1,stark-prime-025,1.0,3,0.0,0.0,traverse_first,0.005,0.104,0.42364499999999994,0.025,typed_neighbors,True
auto_derived_v0.2,tridb_live,0.0,2.0,2516.0,,,stark_prime,1.0,1.0,1,False,10,0.846794,0.8485886,0.84874812,1.0,traverse_first-7e45a5be9de9,post,1,stark-prime-025,1.0,3,0.0,0.0,traverse_first,0.016,0.22,0.5577940000000001,0.055,typed_neighbors,True
auto_derived_v0.2,tridb_live,0.0,2.0,2516.0,,,stark_prime,1.0,1.0,1,False,50,0.696352,1.0536529,1.08541298,1.0,traverse_first-82c8aed23797,during,1,stark-prime-025,1.0,3,0.0,0.0,traverse_first,0.007,0.117,0.547352,0.033,typed_neighbors,True
auto_derived_v0.2,tridb_live,0.0,2.0,2516.0,,,stark_prime,1.0,1.0,1,False,10,0.922238,1.2454226,1.2741501199999998,1.0,traverse_first-8d055dcb7096,during,1,stark-prime-025,1.0,3,0.0,0.0,traverse_first,0.023,0.239,0.6052379999999999,0.059,typed_neighbors,True
auto_derived_v0.2,tridb_live,0.0,1.0,2516.0,,,stark_prime,1.0,1.0,2,False,1,99.523585,114.9588721,116.33089761999999,1.0,traverse_first-92d6d9491887,during,1,stark-prime-025,1.0,3,0.0,0.0,traverse_first,0.019,74.432,11.700585000000004,13.372,typed_neighbors,True
auto_derived_v0.2,tridb_live,0.0,1.0,2516.0,,,stark_prime,1.0,1.0,1,False,1,0.770705,0.7730332999999999,0.77324026,1.0,traverse_first-a6e5d14e469b,post,1,stark-prime-025,1.0,3,0.0,0.0,traverse_first,0.011,0.153,0.563292,0.04,typed_neighbors,True
auto_derived_v0.2,tridb_live,0.0,2.0,2516.0,,,stark_prime,1.0,1.0,2,False,5,96.868945,97.2826588,97.31943335999999,1.0,traverse_first-b279d6126ea0,post,1,stark-prime-025,1.0,3,0.0,0.0,traverse_first,0.02,71.786,11.817944999999995,13.218,typed_neighbors,True
auto_derived_v0.2,tridb_live,0.0,2.0,2516.0,,,stark_prime,1.0,1.0,1,False,100,0.608994,0.6321131999999999,0.6341682399999999,1.0,traverse_first-c289b470b52c,post,1,stark-prime-025,1.0,3,0.0,0.0,traverse_first,0.007,0.118,0.455994,0.028,typed_neighbors,True
auto_derived_v0.2,tridb_live,0.0,2.0,2516.0,,,stark_prime,1.0,1.0,2,False,5,96.367684,97.8365821,97.96715082,1.0,traverse_first-cccdd3ed958f,during,1,stark-prime-025,1.0,3,0.0,0.0,traverse_first,0.02,71.409,11.555988999999997,13.211,typed_neighbors,True
auto_derived_v0.2,tridb_live,0.0,2.0,2516.0,,,stark_prime,1.0,1.0,2,False,20,97.543573,97.6015744,97.60673008,1.0,traverse_first-e4d7ef105a79,during,1,stark-prime-025,1.0,3,0.0,0.0,traverse_first,0.02,71.556,12.065018999999992,13.261,typed_neighbors,True
auto_derived_v0.2,tridb_live,0.0,2.0,2516.0,,,stark_prime,1.0,1.0,1,False,5,0.553611,0.5642148,0.56515736,1.0,traverse_first-f0fdb2bba196,post,1,stark-prime-025,1.0,3,0.0,0.0,traverse_first,0.005,0.107,0.41961099999999996,0.024,typed_neighbors,True
auto_derived_v0.2,tridb_live,0.0,2.0,2516.0,,,stark_prime,1.0,1.0,2,False,10,96.377879,96.7201211,96.75054262,1.0,traverse_first-f9b36ac9da92,during,1,stark-prime-025,1.0,3,0.0,0.0,traverse_first,0.018,71.43,11.728878999999992,13.201,typed_neighbors,True
auto_derived_v0.2,tridb_live,0.0,0.0,2516.0,,50.0,stark_prime,0.0,0.0,1,False,50,1.445939,1.4477732,1.44793624,0.0,vector_first-12e4b447491a,post,1,stark-prime-025,0.0,3,0.0,0.0,vector_first,0.884,0.0,0.520977,0.039,typed_neighbors,True
auto_derived_v0.2,tridb_live,0.0,0.0,2516.0,,50.0,stark_prime,0.0,0.0,2,False,50,21.775017,22.4263884,22.48428808,0.0,vector_first-2670324e0bc6,during,1,stark-prime-025,0.0,3,0.0,0.0,vector_first,1.363,0.256,3.5767629999999997,17.056,typed_neighbors,True
auto_derived_v0.2,tridb_live,0.0,0.0,2516.0,,20.0,stark_prime,0.0,0.0,2,False,20,21.131939,21.294776,21.3092504,0.0,vector_first-27d19d1f923e,during,1,stark-prime-025,0.0,3,0.0,0.0,vector_first,1.118,0.158,3.5928690000000003,16.22,typed_neighbors,True
auto_derived_v0.2,tridb_live,0.0,0.0,2516.0,,10.0,stark_prime,0.0,0.0,1,False,10,1.249923,1.3446318000000002,1.3530503600000001,0.0,vector_first-404f84e6a5f4,post,1,stark-prime-025,0.0,3,0.0,0.0,vector_first,0.72,0.0,0.4909229999999999,0.04,typed_neighbors,True
auto_derived_v0.2,tridb_live,0.0,0.0,2516.0,,20.0,stark_prime,0.0,0.0,1,False,20,1.895401,2.2922694999999997,2.3275467,0.0,vector_first-4c96de282a3c,during,1,stark-prime-025,0.0,3,0.0,0.0,vector_first,1.234,0.149,0.47240099999999985,0.04,typed_neighbors,True
auto_derived_v0.2,tridb_live,0.0,0.0,2516.0,,5.0,stark_prime,0.0,0.0,1,False,5,1.199559,1.2273699,1.22984198,0.0,vector_first-539cd672e6b6,post,1,stark-prime-025,0.0,3,0.0,0.0,vector_first,0.684,0.0,0.47655900000000007,0.04,typed_neighbors,True
auto_derived_v0.2,tridb_live,0.0,0.0,2516.0,,100.0,stark_prime,0.0,0.0,2,False,100,22.821303,22.9710234,22.98433188,0.0,vector_first-736b83dff9a6,post,1,stark-prime-025,0.0,3,0.0,0.0,vector_first,1.847,0.0,3.6053029999999993,17.186,typed_neighbors,True
auto_derived_v0.2,tridb_live,0.0,0.0,2516.0,,5.0,stark_prime,0.0,0.0,2,False,5,16.334428,16.5390448,16.55723296,0.0,vector_first-7462d459aaf5,during,1,stark-prime-025,0.0,3,0.0,0.0,vector_first,1.058,0.099,2.9824279999999987,12.195,typed_neighbors,True
auto_derived_v0.2,tridb_live,0.0,0.0,2516.0,,1.0,stark_prime,0.0,0.0,2,False,1,17.480954,17.9862266,18.03113972,0.0,vector_first-79d7f13154dd,post,1,stark-prime-025,0.0,3,0.0,0.0,vector_first,1.216,0.0,3.021367999999999,12.627,typed_neighbors,True
auto_derived_v0.2,tridb_live,0.0,0.0,2516.0,,1.0,stark_prime,0.0,0.0,2,False,1,17.344517,20.3186525,20.5830201,0.0,vector_first-8735078935c5,during,1,stark-prime-025,0.0,3,0.0,0.0,vector_first,1.128,0.05,3.482111999999997,12.549,typed_neighbors,True
auto_derived_v0.2,tridb_live,0.0,0.0,2516.0,,10.0,stark_prime,0.0,0.0,1,False,10,1.877534,2.216654,2.246798,0.0,vector_first-879c2f5ec6a7,during,1,stark-prime-025,0.0,3,0.0,0.0,vector_first,1.197,0.149,0.49153400000000014,0.04,typed_neighbors,True
auto_derived_v0.2,tridb_live,0.0,0.0,2516.0,,100.0,stark_prime,0.0,0.0,1,False,100,3.01401,3.3298488,3.35792336,0.0,vector_first-95fb2abe9f82,during,1,stark-prime-025,0.0,3,0.0,0.0,vector_first,1.679,0.378,0.6579420000000002,0.043,typed_neighbors,True
auto_derived_v0.2,tridb_live,0.0,0.0,2516.0,,100.0,stark_prime,0.0,0.0,1,False,100,1.622117,1.664336,1.6680888,0.0,vector_first-9a76384ab2d2,post,1,stark-prime-025,0.0,3,0.0,0.0,vector_first,0.98,0.0,0.5291170000000001,0.04,typed_neighbors,True
auto_derived_v0.2,tridb_live,0.0,0.0,2516.0,,10.0,stark_prime,0.0,0.0,2,False,10,16.747738,16.827378999999997,16.834458199999997,0.0,vector_first-9e027ae921ee,during,1,stark-prime-025,0.0,3,0.0,0.0,vector_first,1.147,0.129,3.0646489999999993,12.445,typed_neighbors,True
auto_derived_v0.2,tridb_live,0.0,0.0,2516.0,,1.0,stark_prime,0.0,0.0,1,False,1,2.275152,4.4543553,4.64806226,0.0,vector_first-9f2a495d4986,during,1,stark-prime-025,0.0,3,0.0,0.0,vector_first,1.552,0.057,0.6011519999999999,0.063,typed_neighbors,True
auto_derived_v0.2,tridb_live,0.0,0.0,2516.0,,5.0,stark_prime,0.0,0.0,2,False,5,16.123309,16.4136805,16.4394913,0.0,vector_first-a5b8d6da0107,post,1,stark-prime-025,0.0,3,0.0,0.0,vector_first,1.144,0.0,3.067309,11.844,typed_neighbors,True
auto_derived_v0.2,tridb_live,0.0,0.0,2516.0,,50.0,stark_prime,0.0,0.0,2,False,50,21.335648,21.444179,21.453826199999998,0.0,vector_first-a7431c3167bb,post,1,stark-prime-025,0.0,3,0.0,0.0,vector_first,1.593,0.0,3.427237999999999,16.323,typed_neighbors,True
auto_derived_v0.2,tridb_live,0.0,0.0,2516.0,,10.0,stark_prime,0.0,0.0,2,False,10,16.355688,16.583351999999998,16.603588799999997,0.0,vector_first-a802c228be07,post,1,stark-prime-025,0.0,3,0.0,0.0,vector_first,1.332,0.0,2.806688000000001,12.217,typed_neighbors,True
auto_derived_v0.2,tridb_live,0.0,0.0,2516.0,,50.0,stark_prime,0.0,0.0,1,False,50,2.157408,3.0036654,3.07888828,0.0,vector_first-b3f469e3373a,during,1,stark-prime-025,0.0,3,0.0,0.0,vector_first,1.369,0.234,0.5144080000000002,0.04,typed_neighbors,True
auto_derived_v0.2,tridb_live,0.0,0.0,2516.0,,100.0,stark_prime,0.0,0.0,2,False,100,22.989335,23.0571581,23.06318682,0.0,vector_first-b9cbe3a2c022,during,1,stark-prime-025,0.0,3,0.0,0.0,vector_first,1.667,0.41,3.932067,17.018,typed_neighbors,True
auto_derived_v0.2,tridb_live,0.0,0.0,2516.0,,1.0,stark_prime,0.0,0.0,1,False,1,1.54391,1.6089494,1.61473068,0.0,vector_first-c1efa57fb2c2,post,1,stark-prime-025,0.0,3,0.0,0.0,vector_first,0.933,0.0,0.5539099999999999,0.057,typed_neighbors,True
auto_derived_v0.2,tridb_live,0.0,0.0,2516.0,,20.0,stark_prime,0.0,0.0,2,False,20,21.241114,21.2953426,21.30016292,0.0,vector_first-c9c7dff0ae35,post,1,stark-prime-025,0.0,3,0.0,0.0,vector_first,1.442,0.0,3.4443680000000008,16.021,typed_neighbors,True
auto_derived_v0.2,tridb_live,0.0,0.0,2516.0,,20.0,stark_prime,0.0,0.0,1,False,20,1.24435,1.2786067,1.28165174,0.0,vector_first-ce905df43902,post,1,stark-prime-025,0.0,3,0.0,0.0,vector_first,0.738,0.0,0.47535000000000005,0.039,typed_neighbors,True
auto_derived_v0.2,tridb_live,0.0,0.0,2516.0,,8.0,stark_prime,0.0,0.0,2,True,8,16.091812,16.7939992,16.85641584,0.0,vector_first-ebaeb868fc9b,post,1,stark-prime-025,0.0,3,0.0,0.0,vector_first,1.243,0.0,2.6749849999999995,11.964,typed_neighbors,True
auto_derived_v0.2,tridb_live,0.0,0.0,2516.0,,5.0,stark_prime,0.0,0.0,1,False,5,1.766703,2.0495739,2.07471798,0.0,vector_first-f0a58d413e0f,during,1,stark-prime-025,0.0,3,0.0,0.0,vector_first,1.147,0.09,0.4907029999999999,0.039,typed_neighbors,True
auto_derived_v0.2,tridb_live,0.0,2.0,7957.0,,50.0,stark_prime,1.0,1.0,1,False,50,25.096862,25.2838595,25.3004815,1.0,filter_first-03f67415e651,pre,1,stark-prime-026,1.0,3,0.0,0.0,filter_first,24.335,0.0,0.757636999999999,0.056,typed_neighbors,True
auto_derived_v0.2,tridb_live,0.0,1.0,7957.0,,20.0,stark_prime,1.0,1.0,1,False,20,25.069569,25.2317166,25.24612972,1.0,filter_first-1cad3c1573b2,pre,1,stark-prime-026,1.0,3,0.0,0.0,filter_first,24.329,0.0,0.6897839999999995,0.053,typed_neighbors,True
auto_derived_v0.2,tridb_live,0.0,2.0,7957.0,,100.0,stark_prime,1.0,1.0,1,False,100,25.344451,25.3621036,25.36367272,1.0,filter_first-2387000dc3a8,pre,1,stark-prime-026,1.0,3,0.0,0.0,filter_first,24.548,0.0,0.7365109999999966,0.056,typed_neighbors,True
auto_derived_v0.2,tridb_live,0.0,2.0,7957.0,,100.0,stark_prime,1.0,1.0,2,False,100,25.406864,26.0499455,26.1071083,1.0,filter_first-28ed17c208d7,pre,1,stark-prime-026,1.0,3,0.0,0.0,filter_first,24.271,0.0,0.7218529999999994,0.185,typed_neighbors,True
auto_derived_v0.2,tridb_live,0.0,2.0,7957.0,,50.0,stark_prime,1.0,1.0,2,False,50,25.416073,25.7500999,25.77979118,1.0,filter_first-2d01f654960c,pre,1,stark-prime-026,1.0,3,0.0,0.0,filter_first,24.246,0.0,0.756648000000002,0.186,typed_neighbors,True
auto_derived_v0.2,tridb_live,0.0,0.0,7957.0,,1.0,stark_prime,0.0,0.0,2,False,1,1.709602,1.7935837000000001,1.8010487400000001,0.0,filter_first-3a7f1025f729,pre,1,stark-prime-026,0.0,3,0.0,0.0,filter_first,1.004,0.0,0.4819150000000001,0.166,typed_neighbors,True
auto_derived_v0.2,tridb_live,0.0,1.0,7957.0,,20.0,stark_prime,1.0,1.0,2,False,20,25.397859,25.9246128,25.97143536,1.0,filter_first-46ec65dc7fea,pre,1,stark-prime-026,1.0,3,0.0,0.0,filter_first,24.151,0.0,0.795141000000001,0.179,typed_neighbors,True
auto_derived_v0.2,tridb_live,0.0,0.0,7957.0,,10.0,stark_prime,0.0,0.0,1,False,10,26.067407,31.2445454,31.70473548,0.0,filter_first-8532bb36e741,pre,1,stark-prime-026,0.0,3,0.0,0.0,filter_first,24.943,0.0,1.0677830000000021,0.054,typed_neighbors,True
auto_derived_v0.2,tridb_live,0.0,0.0,7957.0,,5.0,stark_prime,0.0,0.0,1,False,5,1.781591,1.8061844,1.80837048,0.0,filter_first-8699218b4a03,pre,1,stark-prime-026,0.0,3,0.0,0.0,filter_first,0.962,0.0,0.7985909999999999,0.038,typed_neighbors,True
auto_derived_v0.2,tridb_live,0.0,0.0,7957.0,,10.0,stark_prime,0.0,0.0,2,False,10,25.800067,25.9170931,25.92749542,0.0,filter_first-88d1f0b4340a,pre,1,stark-prime-026,0.0,3,0.0,0.0,filter_first,24.846,0.0,0.7410959999999989,0.186,typed_neighbors,True
auto_derived_v0.2,tridb_live,0.0,0.0,7957.0,,5.0,stark_prime,0.0,0.0,2,False,5,2.671751,2.9579069,2.9833429799999998,0.0,filter_first-bb7c33f6d989,pre,1,stark-prime-026,0.0,3,0.0,0.0,filter_first,0.942,0.0,1.200702,0.153,typed_neighbors,True
auto_derived_v0.2,tridb_live,0.0,0.0,7957.0,,1.0,stark_prime,0.0,0.0,1,False,1,2.952827,3.9467195000000004,4.0350655,0.0,filter_first-ef43b60e2e3b,pre,1,stark-prime-026,0.0,3,0.0,0.0,filter_first,1.942,0.0,0.965827,0.045,typed_neighbors,True
auto_derived_v0.2,tridb_live,0.0,1.0,7957.0,,,stark_prime,1.0,1.0,1,False,1,0.591214,1.1812774,1.23372748,1.0,traverse_first-0e65f761853b,during,1,stark-prime-026,1.0,3,0.0,0.0,traverse_first,0.018,0.089,0.453214,0.031,typed_neighbors,True
auto_derived_v0.2,tridb_live,0.0,1.0,7957.0,,,stark_prime,1.0,1.0,2,False,1,0.744608,1.6702643,1.75254486,1.0,traverse_first-1401f30333f9,post,1,stark-prime-026,1.0,3,0.0,0.0,traverse_first,0.017,0.164,0.43060800000000005,0.141,typed_neighbors,True
auto_derived_v0.2,tridb_live,0.0,6.0,7957.0,,,stark_prime,1.0,1.0,2,False,50,0.781833,0.861555,0.8686414,1.0,traverse_first-15df7fd20126,post,1,stark-prime-026,1.0,3,0.0,0.0,traverse_first,0.018,0.163,0.458833,0.145,typed_neighbors,True
auto_derived_v0.2,tridb_live,0.0,6.0,7957.0,,,stark_prime,1.0,1.0,1,False,50,0.554112,0.564975,0.5659406,1.0,traverse_first-18e80c0b50a9,post,1,stark-prime-026,1.0,3,0.0,0.0,traverse_first,0.014,0.08,0.43711200000000006,0.023,typed_neighbors,True
auto_derived_v0.2,tridb_live,0.0,5.0,7957.0,,,stark_prime,1.0,1.0,1,False,5,0.555004,0.6031306,0.60740852,1.0,traverse_first-2ef9d31e2115,during,1,stark-prime-026,1.0,3,0.0,0.0,traverse_first,0.016,0.083,0.42900400000000005,0.029,typed_neighbors,True
auto_derived_v0.2,tridb_live,0.0,6.0,7957.0,,,stark_prime,1.0,1.0,1,False,100,0.548637,0.5486811,0.54868502,1.0,traverse_first-3161568b8481,during,1,stark-prime-026,1.0,3,0.0,0.0,traverse_first,0.016,0.086,0.420686,0.025,typed_neighbors,True
auto_derived_v0.2,tridb_live,0.0,6.0,7957.0,,,stark_prime,1.0,1.0,2,False,50,0.82084,1.7713849,1.85587778,1.0,traverse_first-532feb3a2124,during,1,stark-prime-026,1.0,3,0.0,0.0,traverse_first,0.019,0.173,0.48584,0.143,typed_neighbors,True
auto_derived_v0.2,tridb_live,0.0,6.0,7957.0,,,stark_prime,1.0,1.0,2,False,10,0.745501,1.262794,1.3087756,1.0,traverse_first-5be44627d46d,post,1,stark-prime-026,1.0,3,0.0,0.0,traverse_first,0.017,0.157,0.43150099999999997,0.142,typed_neighbors,True
auto_derived_v0.2,tridb_live,0.0,6.0,7957.0,,,stark_prime,1.0,1.0,2,False,20,0.758881,0.7625674,0.7628950800000001,1.0,traverse_first-5dac164247a2,post,1,stark-prime-026,1.0,3,0.0,0.0,traverse_first,0.017,0.15,0.44888100000000003,0.141,typed_neighbors,True
auto_derived_v0.2,tridb_live,0.0,6.0,7957.0,,,stark_prime,1.0,1.0,2,False,100,0.759229,0.7976932,0.80111224,1.0,traverse_first-6c308678a8d4,post,1,stark-prime-026,1.0,3,0.0,0.0,traverse_first,0.016,0.153,0.44722900000000004,0.141,typed_neighbors,True
auto_derived_v0.2,tridb_live,0.0,6.0,7957.0,,,stark_prime,1.0,1.0,1,False,20,0.578908,0.8639488,0.8892857599999999,1.0,traverse_first-6e5585f7fa7d,during,1,stark-prime-026,1.0,3,0.0,0.0,traverse_first,0.016,0.084,0.44290799999999997,0.03,typed_neighbors,True
auto_derived_v0.2,tridb_live,0.0,6.0,7957.0,,,stark_prime,1.0,1.0,2,False,100,0.728342,0.7439579000000001,0.7453459800000001,1.0,traverse_first-702b20668df6,during,1,stark-prime-026,1.0,3,0.0,0.0,traverse_first,0.015,0.162,0.41963200000000006,0.137,typed_neighbors,True
auto_derived_v0.2,tridb_live,0.0,6.0,7957.0,,,stark_prime,1.0,1.0,1,False,20,0.723976,1.5118801,1.58191602,1.0,traverse_first-76359c42693a,post,1,stark-prime-026,1.0,3,0.0,0.0,traverse_first,0.026,0.12,0.5349759999999999,0.043,typed_neighbors,True
auto_derived_v0.2,tridb_live,0.0,6.0,7957.0,,,stark_prime,1.0,1.0,1,False,10,0.537021,0.5517017999999999,0.5530067599999999,1.0,traverse_first-7e45a5be9de9,post,1,stark-prime-026,1.0,3,0.0,0.0,traverse_first,0.015,0.08,0.418021,0.024,typed_neighbors,True
auto_derived_v0.2,tridb_live,0.0,6.0,7957.0,,,stark_prime,1.0,1.0,1,False,50,0.550658,0.5814911,0.5842318200000001,1.0,traverse_first-82c8aed23797,during,1,stark-prime-026,1.0,3,0.0,0.0,traverse_first,0.015,0.082,0.43065,0.025,typed_neighbors,True
auto_derived_v0.2,tridb_live,0.0,6.0,7957.0,,,stark_prime,1.0,1.0,1,False,10,0.531936,0.5417271,0.54259742,1.0,traverse_first-8d055dcb7096,during,1,stark-prime-026,1.0,3,0.0,0.0,traverse_first,0.016,0.079,0.415936,0.024,typed_neighbors,True
auto_derived_v0.2,tridb_live,0.0,1.0,7957.0,,,stark_prime,1.0,1.0,2,False,1,0.778267,0.8562403,0.86317126,1.0,traverse_first-92d6d9491887,during,1,stark-prime-026,1.0,3,0.0,0.0,traverse_first,0.018,0.173,0.448904,0.148,typed_neighbors,True
auto_derived_v0.2,tridb_live,0.0,1.0,7957.0,,,stark_prime,1.0,1.0,1,False,1,0.595252,1.1859022,1.23840444,1.0,traverse_first-a6e5d14e469b,post,1,stark-prime-026,1.0,3,0.0,0.0,traverse_first,0.02,0.103,0.44149799999999995,0.032,typed_neighbors,True
auto_derived_v0.2,tridb_live,0.0,5.0,7957.0,,,stark_prime,1.0,1.0,2,False,5,0.733222,0.7342696,0.73436272,1.0,traverse_first-b279d6126ea0,post,1,stark-prime-026,1.0,3,0.0,0.0,traverse_first,0.017,0.152,0.428194,0.135,typed_neighbors,True
auto_derived_v0.2,tridb_live,0.0,6.0,7957.0,,,stark_prime,1.0,1.0,1,False,100,0.52939,0.5341303000000001,0.5345516600000001,1.0,traverse_first-c289b470b52c,post,1,stark-prime-026,1.0,3,0.0,0.0,traverse_first,0.017,0.079,0.41239000000000003,0.023,typed_neighbors,True
auto_derived_v0.2,tridb_live,0.0,5.0,7957.0,,,stark_prime,1.0,1.0,2,False,5,0.744559,0.7778193999999999,0.78077588,1.0,traverse_first-cccdd3ed958f,during,1,stark-prime-026,1.0,3,0.0,0.0,traverse_first,0.017,0.159,0.424515,0.139,typed_neighbors,True
auto_derived_v0.2,tridb_live,0.0,6.0,7957.0,,,stark_prime,1.0,1.0,2,False,20,0.794797,0.8259397,0.82870794,1.0,traverse_first-e4d7ef105a79,during,1,stark-prime-026,1.0,3,0.0,0.0,traverse_first,0.018,0.165,0.46640000000000004,0.144,typed_neighbors,True
auto_derived_v0.2,tridb_live,0.0,5.0,7957.0,,,stark_prime,1.0,1.0,1,False,5,0.569236,0.570685,0.5708137999999999,1.0,traverse_first-f0fdb2bba196,post,1,stark-prime-026,1.0,3,0.0,0.0,traverse_first,0.015,0.088,0.43584599999999996,0.026,typed_neighbors,True
auto_derived_v0.2,tridb_live,0.0,6.0,7957.0,,,stark_prime,1.0,1.0,2,False,10,0.740396,0.8322032,0.8403638400000001,1.0,traverse_first-f9b36ac9da92,during,1,stark-prime-026,1.0,3,0.0,0.0,traverse_first,0.017,0.165,0.429699,0.147,typed_neighbors,True
auto_derived_v0.2,tridb_live,0.0,2.0,7957.0,,50.0,stark_prime,1.0,1.0,1,False,50,1.582648,1.5995311,1.60103182,1.0,vector_first-12e4b447491a,post,1,stark-prime-026,1.0,3,0.0,0.0,vector_first,1.036,0.042,0.45364800000000005,0.035,typed_neighbors,True
auto_derived_v0.2,tridb_live,0.0,2.0,7957.0,,50.0,stark_prime,1.0,1.0,2,False,50,1.883339,1.9770946999999999,1.98542854,1.0,vector_first-2670324e0bc6,during,1,stark-prime-026,1.0,3,0.0,0.0,vector_first,1.048,0.222,0.46633900000000006,0.152,typed_neighbors,True
auto_derived_v0.2,tridb_live,0.0,1.0,7957.0,,20.0,stark_prime,1.0,1.0,2,False,20,1.661127,1.6875546,1.68990372,1.0,vector_first-27d19d1f923e,during,1,stark-prime-026,1.0,3,0.0,0.0,vector_first,0.939,0.137,0.44712700000000005,0.148,typed_neighbors,True
auto_derived_v0.2,tridb_live,0.0,0.0,7957.0,,10.0,stark_prime,0.0,0.0,1,False,10,1.39583,1.3977704,1.39794288,0.0,vector_first-404f84e6a5f4,post,1,stark-prime-026,0.0,3,0.0,0.0,vector_first,0.914,0.0,0.445986,0.034,typed_neighbors,True
auto_derived_v0.2,tridb_live,0.0,1.0,7957.0,,20.0,stark_prime,1.0,1.0,1,False,20,1.596753,1.9805715,2.0146886999999998,1.0,vector_first-4c96de282a3c,during,1,stark-prime-026,1.0,3,0.0,0.0,vector_first,0.955,0.143,0.4687530000000002,0.032,typed_neighbors,True
auto_derived_v0.2,tridb_live,0.0,0.0,7957.0,,5.0,stark_prime,0.0,0.0,1,False,5,1.480895,1.5950015,1.6051443,0.0,vector_first-539cd672e6b6,post,1,stark-prime-026,0.0,3,0.0,0.0,vector_first,0.888,0.0,0.4868950000000001,0.035,typed_neighbors,True
auto_derived_v0.2,tridb_live,0.0,2.0,7957.0,,100.0,stark_prime,1.0,1.0,2,False,100,1.977003,2.1051243,2.11651286,1.0,vector_first-736b83dff9a6,post,1,stark-prime-026,1.0,3,0.0,0.0,vector_first,1.187,0.06,0.574003,0.144,typed_neighbors,True
auto_derived_v0.2,tridb_live,0.0,0.0,7957.0,,5.0,stark_prime,0.0,0.0,2,False,5,1.612833,1.7238138,1.73367876,0.0,vector_first-7462d459aaf5,during,1,stark-prime-026,0.0,3,0.0,0.0,vector_first,0.902,0.091,0.47683300000000006,0.15,typed_neighbors,True
auto_derived_v0.2,tridb_live,0.0,0.0,7957.0,,1.0,stark_prime,0.0,0.0,2,False,1,1.455884,1.4638976,1.46460992,0.0,vector_first-79d7f13154dd,post,1,stark-prime-026,0.0,3,0.0,0.0,vector_first,0.868,0.0,0.445692,0.145,typed_neighbors,True
auto_derived_v0.2,tridb_live,0.0,0.0,7957.0,,1.0,stark_prime,0.0,0.0,2,False,1,1.540013,1.5423989,1.54261098,0.0,vector_first-8735078935c5,during,1,stark-prime-026,0.0,3,0.0,0.0,vector_first,0.884,0.035,0.456013,0.155,typed_neighbors,True
auto_derived_v0.2,tridb_live,0.0,0.0,7957.0,,10.0,stark_prime,0.0,0.0,1,False,10,1.536092,1.6051589,1.61129818,0.0,vector_first-879c2f5ec6a7,during,1,stark-prime-026,0.0,3,0.0,0.0,vector_first,0.916,0.136,0.46031999999999984,0.035,typed_neighbors,True
auto_derived_v0.2,tridb_live,0.0,2.0,7957.0,,100.0,stark_prime,1.0,1.0,1,False,100,2.199497,2.2189811,2.2207130200000003,1.0,vector_first-95fb2abe9f82,during,1,stark-prime-026,1.0,3,0.0,0.0,vector_first,1.321,0.371,0.47414599999999996,0.037,typed_neighbors,True
auto_derived_v0.2,tridb_live,0.0,2.0,7957.0,,100.0,stark_prime,1.0,1.0,1,False,100,1.752034,1.7882913999999999,1.79151428,1.0,vector_first-9a76384ab2d2,post,1,stark-prime-026,1.0,3,0.0,0.0,vector_first,1.204,0.042,0.47003400000000006,0.036,typed_neighbors,True
auto_derived_v0.2,tridb_live,0.0,0.0,7957.0,,10.0,stark_prime,0.0,0.0,2,False,10,1.618985,1.7690456,1.78238432,0.0,vector_first-9e027ae921ee,during,1,stark-prime-026,0.0,3,0.0,0.0,vector_first,0.904,0.111,0.464083,0.144,typed_neighbors,True
auto_derived_v0.2,tridb_live,0.0,0.0,7957.0,,1.0,stark_prime,0.0,0.0,1,False,1,2.396373,2.5854729,2.60228178,0.0,vector_first-9f2a495d4986,during,1,stark-prime-026,0.0,3,0.0,0.0,vector_first,1.831,0.042,0.469484,0.039,typed_neighbors,True
auto_derived_v0.2,tridb_live,0.0,0.0,7957.0,,5.0,stark_prime,0.0,0.0,2,False,5,1.484081,1.4947838,1.49573516,0.0,vector_first-a5b8d6da0107,post,1,stark-prime-026,0.0,3,0.0,0.0,vector_first,0.87,0.0,0.46397299999999997,0.146,typed_neighbors,True
auto_derived_v0.2,tridb_live,0.0,2.0,7957.0,,50.0,stark_prime,1.0,1.0,2,False,50,1.682325,1.6881129,1.68862738,1.0,vector_first-a7431c3167bb,post,1,stark-prime-026,1.0,3,0.0,0.0,vector_first,1.037,0.044,0.4583250000000001,0.144,typed_neighbors,True
auto_derived_v0.2,tridb_live,0.0,0.0,7957.0,,10.0,stark_prime,0.0,0.0,2,False,10,1.502679,1.5036636,1.50375112,0.0,vector_first-a802c228be07,post,1,stark-prime-026,0.0,3,0.0,0.0,vector_first,0.911,0.0,0.44767900000000016,0.143,typed_neighbors,True
auto_derived_v0.2,tridb_live,0.0,2.0,7957.0,,50.0,stark_prime,1.0,1.0,1,False,50,1.904747,1.9294205,1.9316137,1.0,vector_first-b3f469e3373a,during,1,stark-prime-026,1.0,3,0.0,0.0,vector_first,1.147,0.225,0.46616199999999997,0.034,typed_neighbors,True
auto_derived_v0.2,tridb_live,0.0,2.0,7957.0,,100.0,stark_prime,1.0,1.0,2,False,100,2.181726,2.2902336,2.29987872,1.0,vector_first-b9cbe3a2c022,during,1,stark-prime-026,1.0,3,0.0,0.0,vector_first,1.188,0.35,0.4654499999999999,0.161,typed_neighbors,True
auto_derived_v0.2,tridb_live,0.0,0.0,7957.0,,1.0,stark_prime,0.0,0.0,1,False,1,1.389789,1.4608062,1.46711884,0.0,vector_first-c1efa57fb2c2,post,1,stark-prime-026,0.0,3,0.0,0.0,vector_first,0.899,0.0,0.4547889999999999,0.035,typed_neighbors,True
auto_derived_v0.2,tridb_live,0.0,1.0,7957.0,,20.0,stark_prime,1.0,1.0,2,False,20,1.621956,1.6591638,1.66247116,1.0,vector_first-c9c7dff0ae35,post,1,stark-prime-026,1.0,3,0.0,0.0,vector_first,0.924,0.028,0.4802979999999999,0.16,typed_neighbors,True
auto_derived_v0.2,tridb_live,0.0,1.0,7957.0,,20.0,stark_prime,1.0,1.0,1,False,20,1.452497,1.456097,1.4564169999999999,1.0,vector_first-ce905df43902,post,1,stark-prime-026,1.0,3,0.0,0.0,vector_first,0.938,0.028,0.4504969999999999,0.035,typed_neighbors,True
auto_derived_v0.2,tridb_live,0.0,0.0,7957.0,,8.0,stark_prime,0.0,0.0,2,True,8,1.541194,1.5978687999999999,1.6029065599999999,0.0,vector_first-ebaeb868fc9b,post,1,stark-prime-026,0.0,3,0.0,0.0,vector_first,0.905,0.0,0.46999100000000005,0.145,typed_neighbors,True
auto_derived_v0.2,tridb_live,0.0,0.0,7957.0,,5.0,stark_prime,0.0,0.0,1,False,5,1.535264,2.4826634,2.56687668,0.0,vector_first-f0a58d413e0f,during,1,stark-prime-026,0.0,3,0.0,0.0,vector_first,0.894,0.089,0.517264,0.033,typed_neighbors,True
auto_derived_v0.2,tridb_live,0.0,0.0,14035.0,,50.0,stark_prime,0.0,0.0,1,False,50,48.571974,54.9033966,55.466189719999996,0.0,filter_first-03f67415e651,pre,2,stark-prime-027,0.0,3,0.0,0.0,filter_first,47.719,0.0,0.795973999999994,0.057,typed_chain,True
auto_derived_v0.2,tridb_live,0.0,0.0,14035.0,,20.0,stark_prime,0.0,0.0,1,False,20,1.490838,1.5582723,1.56426646,0.0,filter_first-1cad3c1573b2,pre,2,stark-prime-027,0.0,3,0.0,0.0,filter_first,0.965,0.0,0.4828380000000001,0.034,typed_chain,True
auto_derived_v0.2,tridb_live,0.0,0.0,14035.0,,100.0,stark_prime,0.0,0.0,1,False,100,44.286758,44.4884489,44.506376980000006,0.0,filter_first-2387000dc3a8,pre,2,stark-prime-027,0.0,3,0.0,0.0,filter_first,42.843,0.0,1.2961480000000023,0.062,typed_chain,True
auto_derived_v0.2,tridb_live,0.0,0.0,14035.0,,100.0,stark_prime,0.0,0.0,2,False,100,44.02642,44.9047723,44.98284806,0.0,filter_first-28ed17c208d7,pre,2,stark-prime-027,0.0,3,0.0,0.0,filter_first,42.732,0.0,0.9444200000000009,0.366,typed_chain,True
auto_derived_v0.2,tridb_live,0.0,0.0,14035.0,,50.0,stark_prime,0.0,0.0,2,False,50,44.743657,45.6247768,45.70309856,0.0,filter_first-2d01f654960c,pre,2,stark-prime-027,0.0,3,0.0,0.0,filter_first,43.532,0.0,0.9856789999999975,0.341,typed_chain,True
auto_derived_v0.2,tridb_live,0.0,0.0,14035.0,,1.0,stark_prime,0.0,0.0,2,False,1,1.663837,1.7063602,1.71014004,0.0,filter_first-3a7f1025f729,pre,2,stark-prime-027,0.0,3,0.0,0.0,filter_first,0.803,0.0,0.5778369999999999,0.288,typed_chain,True
auto_derived_v0.2,tridb_live,0.0,0.0,14035.0,,20.0,stark_prime,0.0,0.0,2,False,20,1.974587,1.9959926,1.9978953199999998,0.0,filter_first-46ec65dc7fea,pre,2,stark-prime-027,0.0,3,0.0,0.0,filter_first,0.922,0.0,0.7594339999999999,0.29,typed_chain,True
auto_derived_v0.2,tridb_live,0.0,0.0,14035.0,,10.0,stark_prime,0.0,0.0,1,False,10,1.506841,1.6591174,1.67265308,0.0,filter_first-8532bb36e741,pre,2,stark-prime-027,0.0,3,0.0,0.0,filter_first,0.92,0.0,0.5498410000000001,0.037,typed_chain,True
auto_derived_v0.2,tridb_live,0.0,0.0,14035.0,,5.0,stark_prime,0.0,0.0,1,False,5,1.500715,1.6912045,1.7081369,0.0,filter_first-8699218b4a03,pre,2,stark-prime-027,0.0,3,0.0,0.0,filter_first,0.941,0.0,0.527715,0.035,typed_chain,True
auto_derived_v0.2,tridb_live,0.0,0.0,14035.0,,10.0,stark_prime,0.0,0.0,2,False,10,1.655363,1.717913,1.723473,0.0,filter_first-88d1f0b4340a,pre,2,stark-prime-027,0.0,3,0.0,0.0,filter_first,0.882,0.0,0.489363,0.281,typed_chain,True
auto_derived_v0.2,tridb_live,0.0,0.0,14035.0,,5.0,stark_prime,0.0,0.0,2,False,5,1.64974,1.6533148,1.6536325600000001,0.0,filter_first-bb7c33f6d989,pre,2,stark-prime-027,0.0,3,0.0,0.0,filter_first,0.856,0.0,0.5077120000000002,0.285,typed_chain,True
auto_derived_v0.2,tridb_live,0.0,0.0,14035.0,,1.0,stark_prime,0.0,0.0,1,False,1,1.797286,2.1848908000000002,2.21934456,0.0,filter_first-ef43b60e2e3b,pre,2,stark-prime-027,0.0,3,0.0,0.0,filter_first,1.282,0.0,0.4872859999999999,0.028,typed_chain,True
auto_derived_v0.2,tridb_live,0.0,0.0,14035.0,,,stark_prime,0.0,0.0,1,False,1,0.797129,1.323818,1.3706348,0.0,traverse_first-0e65f761853b,during,2,stark-prime-027,0.0,3,0.0,0.0,traverse_first,0.0,0.171,0.570129,0.05,typed_chain,True
auto_derived_v0.2,tridb_live,0.0,1.0,14035.0,,,stark_prime,0.0,0.0,2,False,1,1.917803,1.93025,1.9313563999999999,0.0,traverse_first-1401f30333f9,post,2,stark-prime-027,0.0,3,0.0,0.0,traverse_first,0.027,1.103,0.5146329999999999,0.269,typed_chain,True
auto_derived_v0.2,tridb_live,0.0,8.0,14035.0,,,stark_prime,0.0,0.0,2,False,50,1.886711,2.2313264000000004,2.2619588800000003,0.16666666666666666,traverse_first-15df7fd20126,post,2,stark-prime-027,1.0,3,0.0,0.0,traverse_first,0.026,1.066,0.527711,0.264,typed_chain,True
auto_derived_v0.2,tridb_live,0.0,0.0,14035.0,,,stark_prime,0.0,0.0,1,False,50,0.508959,0.5117058,0.51194996,0.0,traverse_first-18e80c0b50a9,post,2,stark-prime-027,0.0,3,0.0,0.0,traverse_first,0.0,0.076,0.4149590000000001,0.018,typed_chain,True
auto_derived_v0.2,tridb_live,0.0,0.0,14035.0,,,stark_prime,0.0,0.0,1,False,5,0.597372,1.1517441,1.20102162,0.0,traverse_first-2ef9d31e2115,during,2,stark-prime-027,0.0,3,0.0,0.0,traverse_first,0.0,0.082,0.49537200000000003,0.02,typed_chain,True
auto_derived_v0.2,tridb_live,0.0,0.0,14035.0,,,stark_prime,0.0,0.0,1,False,100,0.570134,0.5783231,0.57905102,0.0,traverse_first-3161568b8481,during,2,stark-prime-027,0.0,3,0.0,0.0,traverse_first,0.0,0.088,0.454233,0.019,typed_chain,True
auto_derived_v0.2,tridb_live,0.0,8.0,14035.0,,,stark_prime,0.0,0.0,2,False,50,1.851703,1.863097,1.8641098,0.16666666666666666,traverse_first-532feb3a2124,during,2,stark-prime-027,1.0,3,0.0,0.0,traverse_first,0.027,1.079,0.493363,0.247,typed_chain,True
auto_derived_v0.2,tridb_live,0.0,8.0,14035.0,,,stark_prime,0.0,0.0,2,False,10,1.913044,2.0356501,2.0465484199999997,0.16666666666666666,traverse_first-5be44627d46d,post,2,stark-prime-027,1.0,3,0.0,0.0,traverse_first,0.03,1.101,0.5210440000000001,0.261,typed_chain,True
auto_derived_v0.2,tridb_live,0.0,8.0,14035.0,,,stark_prime,0.0,0.0,2,False,20,1.955041,1.9829409999999998,1.9854209999999999,0.16666666666666666,traverse_first-5dac164247a2,post,2,stark-prime-027,1.0,3,0.0,0.0,traverse_first,0.028,1.111,0.562041,0.248,typed_chain,True
auto_derived_v0.2,tridb_live,0.0,8.0,14035.0,,,stark_prime,0.0,0.0,2,False,100,1.902685,1.9078230999999999,1.90827982,0.16666666666666666,traverse_first-6c308678a8d4,post,2,stark-prime-027,1.0,3,0.0,0.0,traverse_first,0.028,1.103,0.516491,0.258,typed_chain,True
auto_derived_v0.2,tridb_live,0.0,0.0,14035.0,,,stark_prime,0.0,0.0,1,False,20,0.516062,0.5578643,0.56158006,0.0,traverse_first-6e5585f7fa7d,during,2,stark-prime-027,0.0,3,0.0,0.0,traverse_first,0.0,0.08,0.41906200000000005,0.019,typed_chain,True
auto_derived_v0.2,tridb_live,0.0,8.0,14035.0,,,stark_prime,0.0,0.0,2,False,100,1.914646,1.9475248,1.95044736,0.16666666666666666,traverse_first-702b20668df6,during,2,stark-prime-027,1.0,3,0.0,0.0,traverse_first,0.026,1.097,0.5316460000000001,0.26,typed_chain,True
auto_derived_v0.2,tridb_live,0.0,0.0,14035.0,,,stark_prime,0.0,0.0,1,False,20,0.506078,0.5355845,0.5382072999999999,0.0,traverse_first-76359c42693a,post,2,stark-prime-027,0.0,3,0.0,0.0,traverse_first,0.0,0.079,0.41100900000000007,0.018,typed_chain,True
auto_derived_v0.2,tridb_live,0.0,0.0,14035.0,,,stark_prime,0.0,0.0,1,False,10,0.53036,0.9216970999999999,0.95648262,0.0,traverse_first-7e45a5be9de9,post,2,stark-prime-027,0.0,3,0.0,0.0,traverse_first,0.0,0.08,0.4323600000000001,0.019,typed_chain,True
auto_derived_v0.2,tridb_live,0.0,0.0,14035.0,,,stark_prime,0.0,0.0,1,False,50,0.526151,0.5648122999999999,0.56824886,0.0,traverse_first-82c8aed23797,during,2,stark-prime-027,0.0,3,0.0,0.0,traverse_first,0.0,0.079,0.42915100000000006,0.019,typed_chain,True
auto_derived_v0.2,tridb_live,0.0,0.0,14035.0,,,stark_prime,0.0,0.0,1,False,10,0.532663,0.5807257,0.5849979399999999,0.0,traverse_first-8d055dcb7096,during,2,stark-prime-027,0.0,3,0.0,0.0,traverse_first,0.0,0.082,0.42847999999999997,0.023,typed_chain,True
auto_derived_v0.2,tridb_live,0.0,1.0,14035.0,,,stark_prime,0.0,0.0,2,False,1,2.125117,2.9085868,2.9782285600000002,0.0,traverse_first-92d6d9491887,during,2,stark-prime-027,0.0,3,0.0,0.0,traverse_first,0.04,1.276,0.5471169999999999,0.28,typed_chain,True
auto_derived_v0.2,tridb_live,0.0,0.0,14035.0,,,stark_prime,0.0,0.0,1,False,1,0.531126,0.5684237999999999,0.5717391599999999,0.0,traverse_first-a6e5d14e469b,post,2,stark-prime-027,0.0,3,0.0,0.0,traverse_first,0.0,0.08,0.432126,0.019,typed_chain,True
auto_derived_v0.2,tridb_live,0.0,5.0,14035.0,,,stark_prime,0.0,0.0,2,False,5,1.938204,1.9488393,1.94978466,0.0,traverse_first-b279d6126ea0,post,2,stark-prime-027,0.0,3,0.0,0.0,traverse_first,0.027,1.114,0.5282040000000001,0.27,typed_chain,True
auto_derived_v0.2,tridb_live,0.0,0.0,14035.0,,,stark_prime,0.0,0.0,1,False,100,0.538219,0.5556979,0.55725158,0.0,traverse_first-c289b470b52c,post,2,stark-prime-027,0.0,3,0.0,0.0,traverse_first,0.0,0.089,0.422219,0.019,typed_chain,True
auto_derived_v0.2,tridb_live,0.0,5.0,14035.0,,,stark_prime,0.0,0.0,2,False,5,1.980763,1.9897189000000002,1.9905149800000002,0.0,traverse_first-cccdd3ed958f,during,2,stark-prime-027,0.0,3,0.0,0.0,traverse_first,0.029,1.129,0.5447140000000001,0.277,typed_chain,True
auto_derived_v0.2,tridb_live,0.0,8.0,14035.0,,,stark_prime,0.0,0.0,2,False,20,1.971233,2.3616818,2.39638836,0.16666666666666666,traverse_first-e4d7ef105a79,during,2,stark-prime-027,1.0,3,0.0,0.0,traverse_first,0.028,1.101,0.5732330000000001,0.266,typed_chain,True
auto_derived_v0.2,tridb_live,0.0,0.0,14035.0,,,stark_prime,0.0,0.0,1,False,5,0.738425,0.7533586999999999,0.75468614,0.0,traverse_first-f0fdb2bba196,post,2,stark-prime-027,0.0,3,0.0,0.0,traverse_first,0.0,0.163,0.537425,0.038,typed_chain,True
auto_derived_v0.2,tridb_live,0.0,8.0,14035.0,,,stark_prime,0.0,0.0,2,False,10,1.91144,1.9419716,1.9446855200000002,0.16666666666666666,traverse_first-f9b36ac9da92,during,2,stark-prime-027,1.0,3,0.0,0.0,traverse_first,0.027,1.098,0.5207170000000001,0.262,typed_chain,True
auto_derived_v0.2,tridb_live,0.0,0.0,14035.0,,50.0,stark_prime,0.0,0.0,1,False,50,1.420598,1.4343185,1.4355381,0.0,vector_first-12e4b447491a,post,2,stark-prime-027,0.0,3,0.0,0.0,vector_first,0.907,0.0,0.4882639999999999,0.033,typed_chain,True
auto_derived_v0.2,tridb_live,0.0,0.0,14035.0,,50.0,stark_prime,0.0,0.0,2,False,50,1.927736,1.9747412,1.97891944,0.0,vector_first-2670324e0bc6,during,2,stark-prime-027,0.0,3,0.0,0.0,vector_first,0.904,0.248,0.5047359999999999,0.291,typed_chain,True
auto_derived_v0.2,tridb_live,0.0,0.0,14035.0,,20.0,stark_prime,0.0,0.0,2,False,20,1.672214,1.6806965,1.6814505000000002,0.0,vector_first-27d19d1f923e,during,2,stark-prime-027,0.0,3,0.0,0.0,vector_first,0.793,0.143,0.4582140000000001,0.278,typed_chain,True
auto_derived_v0.2,tridb_live,0.0,0.0,14035.0,,10.0,stark_prime,0.0,0.0,1,False,10,1.278037,1.2898395999999999,1.2908887199999999,0.0,vector_first-404f84e6a5f4,post,2,stark-prime-027,0.0,3,0.0,0.0,vector_first,0.763,0.0,0.48703700000000005,0.028,typed_chain,True
auto_derived_v0.2,tridb_live,0.0,0.0,14035.0,,20.0,stark_prime,0.0,0.0,1,False,20,1.453314,1.5103739999999999,1.5154459999999998,0.0,vector_first-4c96de282a3c,during,2,stark-prime-027,0.0,3,0.0,0.0,vector_first,0.82,0.147,0.458314,0.028,typed_chain,True
auto_derived_v0.2,tridb_live,0.0,0.0,14035.0,,5.0,stark_prime,0.0,0.0,1,False,5,1.266486,1.6989585,1.7374005000000001,0.0,vector_first-539cd672e6b6,post,2,stark-prime-027,0.0,3,0.0,0.0,vector_first,0.762,0.0,0.47248599999999996,0.032,typed_chain,True
auto_derived_v0.2,tridb_live,0.0,0.0,14035.0,,100.0,stark_prime,0.0,0.0,2,False,100,2.907812,3.8437706,3.92696692,0.0,vector_first-736b83dff9a6,post,2,stark-prime-027,0.0,3,0.0,0.0,vector_first,1.453,0.068,0.8638119999999998,0.496,typed_chain,True
auto_derived_v0.2,tridb_live,0.0,0.0,14035.0,,5.0,stark_prime,0.0,0.0,2,False,5,1.606474,1.6791795999999999,1.68564232,0.0,vector_first-7462d459aaf5,during,2,stark-prime-027,0.0,3,0.0,0.0,vector_first,0.75,0.089,0.48325799999999997,0.281,typed_chain,True
auto_derived_v0.2,tridb_live,0.0,0.0,14035.0,,1.0,stark_prime,0.0,0.0,2,False,1,1.57523,1.9784264,2.01426608,0.0,vector_first-79d7f13154dd,post,2,stark-prime-027,0.0,3,0.0,0.0,vector_first,0.794,0.0,0.49322999999999984,0.288,typed_chain,True
auto_derived_v0.2,tridb_live,0.0,0.0,14035.0,,1.0,stark_prime,0.0,0.0,2,False,1,1.215709,1.2415768,1.24387616,0.0,vector_first-8735078935c5,during,2,stark-prime-027,0.0,3,0.0,0.0,vector_first,0.733,0.034,0.44545099999999993,0.0,typed_chain,True
auto_derived_v0.2,tridb_live,0.0,0.0,14035.0,,10.0,stark_prime,0.0,0.0,1,False,10,1.406539,1.6071913,1.62502706,0.0,vector_first-879c2f5ec6a7,during,2,stark-prime-027,0.0,3,0.0,0.0,vector_first,0.763,0.116,0.49853899999999995,0.029,typed_chain,True
auto_derived_v0.2,tridb_live,0.0,0.0,14035.0,,100.0,stark_prime,0.0,0.0,1,False,100,1.970844,2.2649361,2.2910776200000003,0.0,vector_first-95fb2abe9f82,during,2,stark-prime-027,0.0,3,0.0,0.0,vector_first,1.089,0.367,0.48384399999999994,0.031,typed_chain,True
auto_derived_v0.2,tridb_live,0.0,0.0,14035.0,,100.0,stark_prime,0.0,0.0,1,False,100,1.57013,2.2291199,2.28769678,0.0,vector_first-9a76384ab2d2,post,2,stark-prime-027,0.0,3,0.0,0.0,vector_first,1.065,0.0,0.47113000000000005,0.034,typed_chain,True
auto_derived_v0.2,tridb_live,0.0,0.0,14035.0,,10.0,stark_prime,0.0,0.0,2,False,10,1.63341,1.6556643,1.65764246,0.0,vector_first-9e027ae921ee,during,2,stark-prime-027,0.0,3,0.0,0.0,vector_first,0.747,0.116,0.492119,0.27,typed_chain,True
auto_derived_v0.2,tridb_live,0.0,0.0,14035.0,,1.0,stark_prime,0.0,0.0,1,False,1,2.013055,2.6354788,2.69080536,0.0,vector_first-9f2a495d4986,during,2,stark-prime-027,0.0,3,0.0,0.0,vector_first,1.515,0.036,0.4604100000000002,0.0,typed_chain,True
auto_derived_v0.2,tridb_live,0.0,0.0,14035.0,,5.0,stark_prime,0.0,0.0,2,False,5,1.49145,1.4961057,1.49651954,0.0,vector_first-a5b8d6da0107,post,2,stark-prime-027,0.0,3,0.0,0.0,vector_first,0.739,0.0,0.4845459999999999,0.267,typed_chain,True
auto_derived_v0.2,tridb_live,0.0,0.0,14035.0,,50.0,stark_prime,0.0,0.0,2,False,50,1.658096,1.704401,1.708517,0.0,vector_first-a7431c3167bb,post,2,stark-prime-027,0.0,3,0.0,0.0,vector_first,0.886,0.032,0.4611480000000001,0.281,typed_chain,True
auto_derived_v0.2,tridb_live,0.0,0.0,14035.0,,10.0,stark_prime,0.0,0.0,2,False,10,1.515174,1.5229806000000001,1.5236745200000001,0.0,vector_first-a802c228be07,post,2,stark-prime-027,0.0,3,0.0,0.0,vector_first,0.766,0.0,0.47384800000000005,0.266,typed_chain,True
auto_derived_v0.2,tridb_live,0.0,0.0,14035.0,,50.0,stark_prime,0.0,0.0,1,False,50,1.863976,2.0104735,2.0234955,0.0,vector_first-b3f469e3373a,during,2,stark-prime-027,0.0,3,0.0,0.0,vector_first,1.036,0.255,0.539976,0.033,typed_chain,True
auto_derived_v0.2,tridb_live,0.0,0.0,14035.0,,100.0,stark_prime,0.0,0.0,2,False,100,3.480281,5.4153647,5.587372139999999,0.0,vector_first-b9cbe3a2c022,during,2,stark-prime-027,0.0,3,0.0,0.0,vector_first,1.463,0.593,0.9042810000000001,0.498,typed_chain,True
auto_derived_v0.2,tridb_live,0.0,0.0,14035.0,,1.0,stark_prime,0.0,0.0,1,False,1,1.334035,1.7134714,1.74719908,0.0,vector_first-c1efa57fb2c2,post,2,stark-prime-027,0.0,3,0.0,0.0,vector_first,0.832,0.0,0.4710350000000001,0.035,typed_chain,True
auto_derived_v0.2,tridb_live,0.0,0.0,14035.0,,20.0,stark_prime,0.0,0.0,2,False,20,1.640843,2.63402,2.7223024,0.0,vector_first-c9c7dff0ae35,post,2,stark-prime-027,0.0,3,0.0,0.0,vector_first,0.792,0.0,0.5718430000000001,0.285,typed_chain,True
auto_derived_v0.2,tridb_live,0.0,0.0,14035.0,,20.0,stark_prime,0.0,0.0,1,False,20,1.272828,1.2769788,1.2773477599999998,0.0,vector_first-ce905df43902,post,2,stark-prime-027,0.0,3,0.0,0.0,vector_first,0.79,0.0,0.4548280000000001,0.03,typed_chain,True
auto_derived_v0.2,tridb_live,0.0,0.0,14035.0,,8.0,stark_prime,0.0,0.0,2,True,8,1.508251,1.5977812,1.60573944,0.0,vector_first-ebaeb868fc9b,post,2,stark-prime-027,0.0,3,0.0,0.0,vector_first,0.768,0.0,0.46672899999999995,0.266,typed_chain,True
auto_derived_v0.2,tridb_live,0.0,0.0,14035.0,,5.0,stark_prime,0.0,0.0,1,False,5,1.374828,1.4136306,1.41707972,0.0,vector_first-f0a58d413e0f,during,2,stark-prime-027,0.0,3,0.0,0.0,vector_first,0.763,0.096,0.4759420000000001,0.029,typed_chain,True
auto_derived_v0.2,tridb_live,0.0,4.0,27671.0,,50.0,stark_prime,0.0,0.0,1,False,50,7.48436,12.3423332,12.77415304,0.0,filter_first-03f67415e651,pre,2,stark-prime-028,0.0,3,0.0,0.0,filter_first,6.84,0.0,0.5903599999999996,0.054,typed_chain,True
auto_derived_v0.2,tridb_live,0.0,3.0,27671.0,,20.0,stark_prime,0.0,0.0,1,False,20,3.833344,3.8881927,3.89306814,0.0,filter_first-1cad3c1573b2,pre,2,stark-prime-028,0.0,3,0.0,0.0,filter_first,3.186,0.0,0.513287,0.045,typed_chain,True
auto_derived_v0.2,tridb_live,0.0,4.0,27671.0,,100.0,stark_prime,0.0,0.0,1,False,100,106.36339,106.77253449999999,106.80890289999999,0.0,filter_first-2387000dc3a8,pre,2,stark-prime-028,0.0,3,0.0,0.0,filter_first,105.327,0.0,0.956389999999999,0.08,typed_chain,True
auto_derived_v0.2,tridb_live,0.0,8.0,27671.0,,100.0,stark_prime,0.0,0.0,2,False,100,107.407245,107.4185328,107.41953615999999,0.0,filter_first-28ed17c208d7,pre,2,stark-prime-028,0.0,3,0.0,0.0,filter_first,105.745,0.0,0.9877869999999973,0.697,typed_chain,True
auto_derived_v0.2,tridb_live,0.0,6.0,27671.0,,50.0,stark_prime,0.0,0.0,2,False,50,7.787471,7.9775231,7.99441662,0.0,filter_first-2d01f654960c,pre,2,stark-prime-028,0.0,3,0.0,0.0,filter_first,6.268,0.0,0.9954710000000002,0.525,typed_chain,True
auto_derived_v0.2,tridb_live,0.0,1.0,27671.0,,1.0,stark_prime,0.0,0.0,2,False,1,4.65476,4.8341588,4.85010536,0.0,filter_first-3a7f1025f729,pre,2,stark-prime-028,0.0,3,0.0,0.0,filter_first,3.726,0.0,0.8450919999999993,0.052,typed_chain,True
auto_derived_v0.2,tridb_live,0.0,4.0,27671.0,,20.0,stark_prime,0.0,0.0,2,False,20,4.207494,4.2078693000000005,4.20790266,0.0,filter_first-46ec65dc7fea,pre,2,stark-prime-028,0.0,3,0.0,0.0,filter_first,3.087,0.0,0.6124939999999994,0.5,typed_chain,True
auto_derived_v0.2,tridb_live,0.0,3.0,27671.0,,10.0,stark_prime,0.0,0.0,1,False,10,3.646814,3.7712966,3.78236172,0.0,filter_first-8532bb36e741,pre,2,stark-prime-028,0.0,3,0.0,0.0,filter_first,3.064,0.0,0.5391279999999998,0.045,typed_chain,True
auto_derived_v0.2,tridb_live,0.0,3.0,27671.0,,5.0,stark_prime,0.0,0.0,1,False,5,5.122091,5.5247078,5.56049596,0.0,filter_first-8699218b4a03,pre,2,stark-prime-028,0.0,3,0.0,0.0,filter_first,3.671,0.0,1.277091,0.062,typed_chain,True
auto_derived_v0.2,tridb_live,0.0,3.0,27671.0,,10.0,stark_prime,0.0,0.0,2,False,10,4.321579,4.937948499999999,4.9927369,0.0,filter_first-88d1f0b4340a,pre,2,stark-prime-028,0.0,3,0.0,0.0,filter_first,3.268,0.0,0.5594079999999995,0.5,typed_chain,True
auto_derived_v0.2,tridb_live,0.0,3.0,27671.0,,5.0,stark_prime,0.0,0.0,2,False,5,4.406388,4.4552022000000004,4.45954124,0.0,filter_first-bb7c33f6d989,pre,2,stark-prime-028,0.0,3,0.0,0.0,filter_first,3.168,0.0,0.7616260000000006,0.504,typed_chain,True
auto_derived_v0.2,tridb_live,0.0,1.0,27671.0,,1.0,stark_prime,0.0,0.0,1,False,1,5.675355,15.286179599999999,16.14047512,0.0,filter_first-ef43b60e2e3b,pre,2,stark-prime-028,0.0,3,0.0,0.0,filter_first,4.765,0.0,0.8603549999999993,0.052,typed_chain,True
auto_derived_v0.2,tridb_live,0.0,1.0,27671.0,,,stark_prime,0.0,0.0,1,False,1,1.069324,1.0743973,1.07484826,0.0,traverse_first-0e65f761853b,during,2,stark-prime-028,0.0,3,0.0,0.0,traverse_first,0.049,0.127,0.6503239999999999,0.036,typed_chain,True
auto_derived_v0.2,tridb_live,0.0,1.0,27671.0,,,stark_prime,0.0,0.0,2,False,1,4.054707,4.0587921,4.05915522,0.0,traverse_first-1401f30333f9,post,2,stark-prime-028,0.0,3,0.0,0.0,traverse_first,1.068,1.853,0.6092459999999997,0.487,typed_chain,True
auto_derived_v0.2,tridb_live,0.0,20.0,27671.0,,,stark_prime,0.0,0.0,2,False,50,4.058093,4.0767266,4.07838292,0.0,traverse_first-15df7fd20126,post,2,stark-prime-028,0.0,3,0.0,0.0,traverse_first,1.061,1.842,0.6783699999999997,0.493,typed_chain,True
auto_derived_v0.2,tridb_live,0.0,19.0,27671.0,,,stark_prime,0.0,0.0,1,False,50,0.629247,0.7398471,0.7496782200000001,0.0,traverse_first-18e80c0b50a9,post,2,stark-prime-028,0.0,3,0.0,0.0,traverse_first,0.046,0.114,0.442247,0.029,typed_chain,True
auto_derived_v0.2,tridb_live,0.0,5.0,27671.0,,,stark_prime,0.0,0.0,1,False,5,0.644568,0.7157129999999999,0.7220369999999999,0.0,traverse_first-2ef9d31e2115,during,2,stark-prime-028,0.0,3,0.0,0.0,traverse_first,0.047,0.116,0.450568,0.031,typed_chain,True
auto_derived_v0.2,tridb_live,0.0,19.0,27671.0,,,stark_prime,0.0,0.0,1,False,100,0.596154,0.7648086,0.77980012,0.0,traverse_first-3161568b8481,during,2,stark-prime-028,0.0,3,0.0,0.0,traverse_first,0.045,0.113,0.41115399999999996,0.03,typed_chain,True
auto_derived_v0.2,tridb_live,0.0,20.0,27671.0,,,stark_prime,0.0,0.0,2,False,50,4.017425,4.0823213,4.08808986,0.0,traverse_first-532feb3a2124,during,2,stark-prime-028,0.0,3,0.0,0.0,traverse_first,1.069,1.849,0.5895320000000002,0.493,typed_chain,True
auto_derived_v0.2,tridb_live,0.0,10.0,27671.0,,,stark_prime,0.0,0.0,2,False,10,4.05151,4.0736554,4.07562388,0.0,traverse_first-5be44627d46d,post,2,stark-prime-028,0.0,3,0.0,0.0,traverse_first,1.065,1.823,0.6901159999999997,0.481,typed_chain,True
auto_derived_v0.2,tridb_live,0.0,20.0,27671.0,,,stark_prime,0.0,0.0,2,False,20,4.025567,4.069909999999999,4.073851599999999,0.0,traverse_first-5dac164247a2,post,2,stark-prime-028,0.0,3,0.0,0.0,traverse_first,1.055,1.864,0.6368369999999994,0.493,typed_chain,True
auto_derived_v0.2,tridb_live,0.0,20.0,27671.0,,,stark_prime,0.0,0.0,2,False,100,4.033806,4.0660314,4.06889588,0.0,traverse_first-6c308678a8d4,post,2,stark-prime-028,0.0,3,0.0,0.0,traverse_first,1.054,1.834,0.6672639999999999,0.493,typed_chain,True
auto_derived_v0.2,tridb_live,0.0,19.0,27671.0,,,stark_prime,0.0,0.0,1,False,20,0.649106,0.8223956,0.83779912,0.0,traverse_first-6e5585f7fa7d,during,2,stark-prime-028,0.0,3,0.0,0.0,traverse_first,0.047,0.118,0.45610599999999996,0.032,typed_chain,True
auto_derived_v0.2,tridb_live,0.0,20.0,27671.0,,,stark_prime,0.0,0.0,2,False,100,4.029415,4.1635996,4.17552712,0.0,traverse_first-702b20668df6,during,2,stark-prime-028,0.0,3,0.0,0.0,traverse_first,1.076,1.859,0.599415,0.495,typed_chain,True
auto_derived_v0.2,tridb_live,0.0,19.0,27671.0,,,stark_prime,0.0,0.0,1,False,20,0.636072,0.6656793,0.6683110600000001,0.0,traverse_first-76359c42693a,post,2,stark-prime-028,0.0,3,0.0,0.0,traverse_first,0.041,0.115,0.454072,0.028,typed_chain,True
auto_derived_v0.2,tridb_live,0.0,10.0,27671.0,,,stark_prime,0.0,0.0,1,False,10,0.608556,0.6133728,0.6138009600000001,0.0,traverse_first-7e45a5be9de9,post,2,stark-prime-028,0.0,3,0.0,0.0,traverse_first,0.042,0.111,0.425556,0.027,typed_chain,True
auto_derived_v0.2,tridb_live,0.0,19.0,27671.0,,,stark_prime,0.0,0.0,1,False,50,0.631685,0.7889411,0.8029194199999999,0.0,traverse_first-82c8aed23797,during,2,stark-prime-028,0.0,3,0.0,0.0,traverse_first,0.045,0.115,0.44268500000000005,0.029,typed_chain,True
auto_derived_v0.2,tridb_live,0.0,10.0,27671.0,,,stark_prime,0.0,0.0,1,False,10,0.642763,0.7839919,0.79654558,0.0,traverse_first-8d055dcb7096,during,2,stark-prime-028,0.0,3,0.0,0.0,traverse_first,0.047,0.117,0.44876299999999997,0.03,typed_chain,True
auto_derived_v0.2,tridb_live,0.0,1.0,27671.0,,,stark_prime,0.0,0.0,2,False,1,4.689117,6.0668541,6.18931962,0.0,traverse_first-92d6d9491887,during,2,stark-prime-028,0.0,3,0.0,0.0,traverse_first,1.444,2.092,0.6289359999999995,0.504,typed_chain,True
auto_derived_v0.2,tridb_live,0.0,1.0,27671.0,,,stark_prime,0.0,0.0,1,False,1,0.627098,0.6295244,0.6297400799999999,0.0,traverse_first-a6e5d14e469b,post,2,stark-prime-028,0.0,3,0.0,0.0,traverse_first,0.042,0.113,0.44409800000000005,0.027,typed_chain,True
auto_derived_v0.2,tridb_live,0.0,5.0,27671.0,,,stark_prime,0.0,0.0,2,False,5,4.050931,4.1306809,4.137769779999999,0.0,traverse_first-b279d6126ea0,post,2,stark-prime-028,0.0,3,0.0,0.0,traverse_first,1.059,1.867,0.6215419999999998,0.501,typed_chain,True
auto_derived_v0.2,tridb_live,0.0,19.0,27671.0,,,stark_prime,0.0,0.0,1,False,100,0.602812,0.9119944,0.93947728,0.0,traverse_first-c289b470b52c,post,2,stark-prime-028,0.0,3,0.0,0.0,traverse_first,0.043,0.115,0.416812,0.026,typed_chain,True
auto_derived_v0.2,tridb_live,0.0,5.0,27671.0,,,stark_prime,0.0,0.0,2,False,5,3.976929,4.0078098,4.01055476,0.0,traverse_first-cccdd3ed958f,during,2,stark-prime-028,0.0,3,0.0,0.0,traverse_first,1.077,1.861,0.5639290000000003,0.475,typed_chain,True
auto_derived_v0.2,tridb_live,0.0,20.0,27671.0,,,stark_prime,0.0,0.0,2,False,20,4.005882,4.095019799999999,4.10294316,0.0,traverse_first-e4d7ef105a79,during,2,stark-prime-028,0.0,3,0.0,0.0,traverse_first,1.061,1.827,0.6028819999999997,0.497,typed_chain,True
auto_derived_v0.2,tridb_live,0.0,5.0,27671.0,,,stark_prime,0.0,0.0,1,False,5,0.601786,0.6140836000000001,0.61517672,0.0,traverse_first-f0fdb2bba196,post,2,stark-prime-028,0.0,3,0.0,0.0,traverse_first,0.042,0.112,0.42078600000000005,0.026,typed_chain,True
auto_derived_v0.2,tridb_live,0.0,10.0,27671.0,,,stark_prime,0.0,0.0,2,False,10,4.136976,4.4655912,4.49480144,0.0,traverse_first-f9b36ac9da92,during,2,stark-prime-028,0.0,3,0.0,0.0,traverse_first,1.074,1.835,0.7429759999999996,0.486,typed_chain,True
auto_derived_v0.2,tridb_live,0.0,0.0,27671.0,,50.0,stark_prime,0.0,0.0,1,False,50,1.421841,1.4396267999999999,1.44120776,0.0,vector_first-12e4b447491a,post,2,stark-prime-028,0.0,3,0.0,0.0,vector_first,0.923,0.0,0.45884099999999994,0.041,typed_chain,True
auto_derived_v0.2,tridb_live,0.0,0.0,27671.0,,50.0,stark_prime,0.0,0.0,2,False,50,1.5987,2.0876709,2.13113498,0.0,vector_first-2670324e0bc6,during,2,stark-prime-028,0.0,3,0.0,0.0,vector_first,0.903,0.231,0.4617,0.0,typed_chain,True
auto_derived_v0.2,tridb_live,0.0,0.0,27671.0,,20.0,stark_prime,0.0,0.0,2,False,20,1.404231,1.4123112,1.4130294399999999,0.0,vector_first-27d19d1f923e,during,2,stark-prime-028,0.0,3,0.0,0.0,vector_first,0.816,0.139,0.43523100000000003,0.0,typed_chain,True
auto_derived_v0.2,tridb_live,0.0,0.0,27671.0,,10.0,stark_prime,0.0,0.0,1,False,10,1.275263,1.2787316,1.27903992,0.0,vector_first-404f84e6a5f4,post,2,stark-prime-028,0.0,3,0.0,0.0,vector_first,0.768,0.0,0.466263,0.039,typed_chain,True
auto_derived_v0.2,tridb_live,0.0,0.0,27671.0,,20.0,stark_prime,0.0,0.0,1,False,20,1.411148,1.4928428,1.50010456,0.0,vector_first-4c96de282a3c,during,2,stark-prime-028,0.0,3,0.0,0.0,vector_first,0.84,0.136,0.44182199999999994,0.0,typed_chain,True
auto_derived_v0.2,tridb_live,0.0,0.0,27671.0,,5.0,stark_prime,0.0,0.0,1,False,5,1.294027,1.2957964,1.29595368,0.0,vector_first-539cd672e6b6,post,2,stark-prime-028,0.0,3,0.0,0.0,vector_first,0.768,0.0,0.488027,0.039,typed_chain,True
auto_derived_v0.2,tridb_live,0.0,0.0,27671.0,,100.0,stark_prime,0.0,0.0,2,False,100,2.256728,2.2935983,2.29687566,0.0,vector_first-736b83dff9a6,post,2,stark-prime-028,0.0,3,0.0,0.0,vector_first,1.051,0.101,0.5297279999999998,0.53,typed_chain,True
auto_derived_v0.2,tridb_live,0.0,0.0,27671.0,,5.0,stark_prime,0.0,0.0,2,False,5,1.36986,1.5055881,1.5176528200000001,0.0,vector_first-7462d459aaf5,during,2,stark-prime-028,0.0,3,0.0,0.0,vector_first,0.763,0.081,0.5208600000000001,0.0,typed_chain,True
auto_derived_v0.2,tridb_live,0.0,0.0,27671.0,,1.0,stark_prime,0.0,0.0,2,False,1,1.461502,1.6961968,1.7170585600000001,0.0,vector_first-79d7f13154dd,post,2,stark-prime-028,0.0,3,0.0,0.0,vector_first,0.743,0.03,0.5095020000000001,0.181,typed_chain,True
auto_derived_v0.2,tridb_live,0.0,0.0,27671.0,,1.0,stark_prime,0.0,0.0,2,False,1,1.206697,1.2298603,1.23191926,0.0,vector_first-8735078935c5,during,2,stark-prime-028,0.0,3,0.0,0.0,vector_first,0.741,0.034,0.4336969999999999,0.0,typed_chain,True
auto_derived_v0.2,tridb_live,0.0,0.0,27671.0,,10.0,stark_prime,0.0,0.0,1,False,10,1.35081,1.3543227,1.35463494,0.0,vector_first-879c2f5ec6a7,during,2,stark-prime-028,0.0,3,0.0,0.0,vector_first,0.779,0.11,0.445713,0.0,typed_chain,True
auto_derived_v0.2,tridb_live,0.0,0.0,27671.0,,100.0,stark_prime,0.0,0.0,1,False,100,1.999135,2.3331484000000002,2.36283848,0.0,vector_first-95fb2abe9f82,during,2,stark-prime-028,0.0,3,0.0,0.0,vector_first,1.148,0.386,0.470275,0.0,typed_chain,True
auto_derived_v0.2,tridb_live,0.0,0.0,27671.0,,100.0,stark_prime,0.0,0.0,1,False,100,1.601126,1.604654,1.6049676,0.0,vector_first-9a76384ab2d2,post,2,stark-prime-028,0.0,3,0.0,0.0,vector_first,1.084,0.0,0.47312600000000016,0.042,typed_chain,True
auto_derived_v0.2,tridb_live,0.0,0.0,27671.0,,10.0,stark_prime,0.0,0.0,2,False,10,1.31702,1.3261352,1.32694544,0.0,vector_first-9e027ae921ee,during,2,stark-prime-028,0.0,3,0.0,0.0,vector_first,0.773,0.105,0.4380200000000001,0.0,typed_chain,True
auto_derived_v0.2,tridb_live,0.0,0.0,27671.0,,1.0,stark_prime,0.0,0.0,1,False,1,2.116118,4.9038446,5.15164252,0.0,vector_first-9f2a495d4986,during,2,stark-prime-028,0.0,3,0.0,0.0,vector_first,1.436,0.035,0.5785920000000004,0.0,typed_chain,True
auto_derived_v0.2,tridb_live,0.0,0.0,27671.0,,5.0,stark_prime,0.0,0.0,2,False,5,1.826185,1.8264981999999998,1.8265260399999999,0.0,vector_first-a5b8d6da0107,post,2,stark-prime-028,0.0,3,0.0,0.0,vector_first,0.782,0.031,0.513185,0.492,typed_chain,True
auto_derived_v0.2,tridb_live,0.0,0.0,27671.0,,50.0,stark_prime,0.0,0.0,2,False,50,2.075983,2.0890087,2.0901665400000002,0.0,vector_first-a7431c3167bb,post,2,stark-prime-028,0.0,3,0.0,0.0,vector_first,0.912,0.101,0.5300240000000003,0.505,typed_chain,True
auto_derived_v0.2,tridb_live,0.0,0.0,27671.0,,10.0,stark_prime,0.0,0.0,2,False,10,1.851578,2.0651767999999997,2.08416336,0.0,vector_first-a802c228be07,post,2,stark-prime-028,0.0,3,0.0,0.0,vector_first,0.813,0.048,0.522578,0.506,typed_chain,True
auto_derived_v0.2,tridb_live,0.0,0.0,27671.0,,50.0,stark_prime,0.0,0.0,1,False,50,1.615826,1.8175835,1.8355175,0.0,vector_first-b3f469e3373a,during,2,stark-prime-028,0.0,3,0.0,0.0,vector_first,0.95,0.227,0.43882599999999994,0.0,typed_chain,True
auto_derived_v0.2,tridb_live,0.0,0.0,27671.0,,100.0,stark_prime,0.0,0.0,2,False,100,2.047236,2.1686955,2.1794919,0.0,vector_first-b9cbe3a2c022,during,2,stark-prime-028,0.0,3,0.0,0.0,vector_first,1.067,0.379,0.6002359999999998,0.0,typed_chain,True
auto_derived_v0.2,tridb_live,0.0,0.0,27671.0,,1.0,stark_prime,0.0,0.0,1,False,1,1.338272,1.3812514999999999,1.3850718999999998,0.0,vector_first-c1efa57fb2c2,post,2,stark-prime-028,0.0,3,0.0,0.0,vector_first,0.784,0.0,0.4562719999999999,0.042,typed_chain,True
auto_derived_v0.2,tridb_live,0.0,0.0,27671.0,,20.0,stark_prime,0.0,0.0,2,False,20,1.878312,1.8839136,1.88441152,0.0,vector_first-c9c7dff0ae35,post,2,stark-prime-028,0.0,3,0.0,0.0,vector_first,0.823,0.071,0.48553599999999997,0.491,typed_chain,True
auto_derived_v0.2,tridb_live,0.0,0.0,27671.0,,20.0,stark_prime,0.0,0.0,1,False,20,1.331311,1.4226763,1.43079766,0.0,vector_first-ce905df43902,post,2,stark-prime-028,0.0,3,0.0,0.0,vector_first,0.818,0.0,0.4757490000000001,0.043,typed_chain,True
auto_derived_v0.2,tridb_live,0.0,0.0,27671.0,,8.0,stark_prime,0.0,0.0,2,True,8,1.869645,2.1589481999999998,2.18466404,0.0,vector_first-ebaeb868fc9b,post,2,stark-prime-028,0.0,3,0.0,0.0,vector_first,0.781,0.046,0.5436449999999999,0.469,typed_chain,True
auto_derived_v0.2,tridb_live,0.0,0.0,27671.0,,5.0,stark_prime,0.0,0.0,1,False,5,1.340105,1.3540199,1.35525678,0.0,vector_first-f0a58d413e0f,during,2,stark-prime-028,0.0,3,0.0,0.0,vector_first,0.77,0.081,0.47456600000000004,0.0,typed_chain,True
auto_derived_v0.2,tridb_live,0.0,0.0,17080.0,,50.0,stark_prime,0.0,0.0,1,False,50,53.16398,64.2526775,65.23833950000001,0.0,filter_first-03f67415e651,pre,2,stark-prime-029,0.0,3,0.0,0.0,filter_first,52.215,0.0,0.8949800000000039,0.054,typed_chain,True
auto_derived_v0.2,tridb_live,0.0,0.0,17080.0,,20.0,stark_prime,0.0,0.0,1,False,20,1.373562,1.4702742,1.47887084,0.0,filter_first-1cad3c1573b2,pre,2,stark-prime-029,0.0,3,0.0,0.0,filter_first,0.867,0.0,0.47610299999999994,0.026,typed_chain,True
auto_derived_v0.2,tridb_live,0.0,0.0,17080.0,,100.0,stark_prime,0.0,0.0,1,False,100,53.302033,53.5458025,53.5674709,0.0,filter_first-2387000dc3a8,pre,2,stark-prime-029,0.0,3,0.0,0.0,filter_first,52.206,0.0,0.8738880000000009,0.053,typed_chain,True
auto_derived_v0.2,tridb_live,0.0,1.0,17080.0,,100.0,stark_prime,0.0,0.0,2,False,100,52.962311,53.9186186,54.00362372,0.0,filter_first-28ed17c208d7,pre,2,stark-prime-029,0.0,3,0.0,0.0,filter_first,52.049,0.0,1.026875000000004,0.149,typed_chain,True
auto_derived_v0.2,tridb_live,0.0,0.0,17080.0,,50.0,stark_prime,0.0,0.0,2,False,50,53.588991,53.928489899999995,53.95866758,0.0,filter_first-2d01f654960c,pre,2,stark-prime-029,0.0,3,0.0,0.0,filter_first,52.432,0.0,1.0139909999999972,0.143,typed_chain,True
auto_derived_v0.2,tridb_live,0.0,0.0,17080.0,,1.0,stark_prime,0.0,0.0,2,False,1,1.387986,1.6374273,1.65959986,0.0,filter_first-3a7f1025f729,pre,2,stark-prime-029,0.0,3,0.0,0.0,filter_first,0.798,0.0,0.4839859999999999,0.106,typed_chain,True
auto_derived_v0.2,tridb_live,0.0,0.0,17080.0,,20.0,stark_prime,0.0,0.0,2,False,20,1.422209,1.4251754,1.42543908,0.0,filter_first-46ec65dc7fea,pre,2,stark-prime-029,0.0,3,0.0,0.0,filter_first,0.845,0.0,0.47750500000000007,0.099,typed_chain,True
auto_derived_v0.2,tridb_live,0.0,0.0,17080.0,,10.0,stark_prime,0.0,0.0,1,False,10,1.334191,1.6877686,1.71919772,0.0,filter_first-8532bb36e741,pre,2,stark-prime-029,0.0,3,0.0,0.0,filter_first,0.819,0.0,0.48519099999999993,0.025,typed_chain,True
auto_derived_v0.2,tridb_live,0.0,0.0,17080.0,,5.0,stark_prime,0.0,0.0,1,False,5,1.302677,1.3491368,1.35326656,0.0,filter_first-8699218b4a03,pre,2,stark-prime-029,0.0,3,0.0,0.0,filter_first,0.792,0.0,0.48652700000000004,0.026,typed_chain,True
auto_derived_v0.2,tridb_live,0.0,0.0,17080.0,,10.0,stark_prime,0.0,0.0,2,False,10,1.457906,1.5246869,1.5306229800000002,0.0,filter_first-88d1f0b4340a,pre,2,stark-prime-029,0.0,3,0.0,0.0,filter_first,0.796,0.0,0.5559059999999999,0.099,typed_chain,True
auto_derived_v0.2,tridb_live,0.0,0.0,17080.0,,5.0,stark_prime,0.0,0.0,2,False,5,1.334036,1.3374146,1.33771492,0.0,filter_first-bb7c33f6d989,pre,2,stark-prime-029,0.0,3,0.0,0.0,filter_first,0.772,0.0,0.459187,0.102,typed_chain,True
auto_derived_v0.2,tridb_live,0.0,0.0,17080.0,,1.0,stark_prime,0.0,0.0,1,False,1,2.071245,2.9525808,3.03092176,0.0,filter_first-ef43b60e2e3b,pre,2,stark-prime-029,0.0,3,0.0,0.0,filter_first,1.526,0.0,0.537275,0.031,typed_chain,True
auto_derived_v0.2,tridb_live,0.0,0.0,17080.0,,,stark_prime,0.0,0.0,1,False,1,0.549124,1.091626,1.1398484,0.0,traverse_first-0e65f761853b,during,2,stark-prime-029,0.0,3,0.0,0.0,traverse_first,0.0,0.035,0.49312399999999995,0.021,typed_chain,True
auto_derived_v0.2,tridb_live,0.0,1.0,17080.0,,,stark_prime,0.0,0.0,2,False,1,0.920721,1.4808243,1.5306112600000001,0.0,traverse_first-1401f30333f9,post,2,stark-prime-029,0.0,3,0.0,0.0,traverse_first,0.103,0.218,0.497721,0.102,typed_chain,True
auto_derived_v0.2,tridb_live,0.0,20.0,17080.0,,,stark_prime,0.0,0.0,2,False,50,0.788302,0.7943581000000001,0.79489642,0.09090909090909091,traverse_first-15df7fd20126,post,2,stark-prime-029,1.0,3,0.0,0.0,traverse_first,0.09,0.167,0.43303100000000005,0.095,typed_chain,True
auto_derived_v0.2,tridb_live,0.0,0.0,17080.0,,,stark_prime,0.0,0.0,1,False,50,0.464788,0.46526860000000003,0.46531132000000003,0.0,traverse_first-18e80c0b50a9,post,2,stark-prime-029,0.0,3,0.0,0.0,traverse_first,0.0,0.03,0.41859,0.013,typed_chain,True
auto_derived_v0.2,tridb_live,0.0,0.0,17080.0,,,stark_prime,0.0,0.0,1,False,5,0.50751,0.5220738,0.5233683600000001,0.0,traverse_first-2ef9d31e2115,during,2,stark-prime-029,0.0,3,0.0,0.0,traverse_first,0.0,0.033,0.45651,0.018,typed_chain,True
auto_derived_v0.2,tridb_live,0.0,0.0,17080.0,,,stark_prime,0.0,0.0,1,False,100,0.466308,0.5002506,0.50326772,0.0,traverse_first-3161568b8481,during,2,stark-prime-029,0.0,3,0.0,0.0,traverse_first,0.0,0.03,0.423308,0.014,typed_chain,True
auto_derived_v0.2,tridb_live,0.0,20.0,17080.0,,,stark_prime,0.0,0.0,2,False,50,0.826719,0.8341160999999999,0.83477362,0.09090909090909091,traverse_first-532feb3a2124,during,2,stark-prime-029,1.0,3,0.0,0.0,traverse_first,0.097,0.184,0.442461,0.094,typed_chain,True
auto_derived_v0.2,tridb_live,0.0,10.0,17080.0,,,stark_prime,0.0,0.0,2,False,10,0.810566,0.8115344,0.81162048,0.0,traverse_first-5be44627d46d,post,2,stark-prime-029,0.0,3,0.0,0.0,traverse_first,0.091,0.175,0.439642,0.098,typed_chain,True
auto_derived_v0.2,tridb_live,0.0,20.0,17080.0,,,stark_prime,0.0,0.0,2,False,20,0.810969,0.905937,0.9143786,0.09090909090909091,traverse_first-5dac164247a2,post,2,stark-prime-029,1.0,3,0.0,0.0,traverse_first,0.1,0.176,0.44996900000000006,0.092,typed_chain,True
auto_derived_v0.2,tridb_live,0.0,20.0,17080.0,,,stark_prime,0.0,0.0,2,False,100,0.827948,1.1015327,1.12585134,0.09090909090909091,traverse_first-6c308678a8d4,post,2,stark-prime-029,1.0,3,0.0,0.0,traverse_first,0.092,0.177,0.46594800000000003,0.09,typed_chain,True
auto_derived_v0.2,tridb_live,0.0,0.0,17080.0,,,stark_prime,0.0,0.0,1,False,20,0.458676,0.4699125,0.4709113,0.0,traverse_first-6e5585f7fa7d,during,2,stark-prime-029,0.0,3,0.0,0.0,traverse_first,0.0,0.03,0.413676,0.015,typed_chain,True
auto_derived_v0.2,tridb_live,0.0,20.0,17080.0,,,stark_prime,0.0,0.0,2,False,100,0.798314,0.8076479,0.80847758,0.09090909090909091,traverse_first-702b20668df6,during,2,stark-prime-029,1.0,3,0.0,0.0,traverse_first,0.094,0.18,0.428685,0.092,typed_chain,True
auto_derived_v0.2,tridb_live,0.0,0.0,17080.0,,,stark_prime,0.0,0.0,1,False,20,0.500885,0.5814079999999999,0.5885655999999999,0.0,traverse_first-76359c42693a,post,2,stark-prime-029,0.0,3,0.0,0.0,traverse_first,0.0,0.033,0.45088500000000004,0.017,typed_chain,True
auto_derived_v0.2,tridb_live,0.0,0.0,17080.0,,,stark_prime,0.0,0.0,1,False,10,0.470537,0.4760081,0.47649442,0.0,traverse_first-7e45a5be9de9,post,2,stark-prime-029,0.0,3,0.0,0.0,traverse_first,0.0,0.03,0.421537,0.015,typed_chain,True
auto_derived_v0.2,tridb_live,0.0,0.0,17080.0,,,stark_prime,0.0,0.0,1,False,50,0.479403,0.5647689,0.57235698,0.0,traverse_first-82c8aed23797,during,2,stark-prime-029,0.0,3,0.0,0.0,traverse_first,0.0,0.033,0.43251100000000003,0.017,typed_chain,True
auto_derived_v0.2,tridb_live,0.0,0.0,17080.0,,,stark_prime,0.0,0.0,1,False,10,0.476939,0.48286999999999997,0.48339719999999997,0.0,traverse_first-8d055dcb7096,during,2,stark-prime-029,0.0,3,0.0,0.0,traverse_first,0.0,0.034,0.431939,0.015,typed_chain,True
auto_derived_v0.2,tridb_live,0.0,1.0,17080.0,,,stark_prime,0.0,0.0,2,False,1,1.048529,1.262135,1.2811222,0.0,traverse_first-92d6d9491887,during,2,stark-prime-029,0.0,3,0.0,0.0,traverse_first,0.129,0.217,0.567984,0.102,typed_chain,True
auto_derived_v0.2,tridb_live,0.0,0.0,17080.0,,,stark_prime,0.0,0.0,1,False,1,0.547897,1.0979022999999999,1.1467916599999999,0.0,traverse_first-a6e5d14e469b,post,2,stark-prime-029,0.0,3,0.0,0.0,traverse_first,0.0,0.039,0.48789699999999997,0.021,typed_chain,True
auto_derived_v0.2,tridb_live,0.0,5.0,17080.0,,,stark_prime,0.0,0.0,2,False,5,0.806805,0.8211204,0.82239288,0.0,traverse_first-b279d6126ea0,post,2,stark-prime-029,0.0,3,0.0,0.0,traverse_first,0.092,0.175,0.436094,0.094,typed_chain,True
auto_derived_v0.2,tridb_live,0.0,0.0,17080.0,,,stark_prime,0.0,0.0,1,False,100,0.445564,0.45409869999999997,0.45485734,0.0,traverse_first-c289b470b52c,post,2,stark-prime-029,0.0,3,0.0,0.0,traverse_first,0.0,0.027,0.404112,0.015,typed_chain,True
auto_derived_v0.2,tridb_live,0.0,5.0,17080.0,,,stark_prime,0.0,0.0,2,False,5,0.845919,0.8715284999999999,0.8738049,0.0,traverse_first-cccdd3ed958f,during,2,stark-prime-029,0.0,3,0.0,0.0,traverse_first,0.111,0.186,0.46130799999999994,0.095,typed_chain,True
auto_derived_v0.2,tridb_live,0.0,20.0,17080.0,,,stark_prime,0.0,0.0,2,False,20,0.828847,0.8610192999999999,0.8638790599999999,0.09090909090909091,traverse_first-e4d7ef105a79,during,2,stark-prime-029,1.0,3,0.0,0.0,traverse_first,0.101,0.183,0.446847,0.098,typed_chain,True
auto_derived_v0.2,tridb_live,0.0,0.0,17080.0,,,stark_prime,0.0,0.0,1,False,5,0.473389,0.4805224,0.48115648,0.0,traverse_first-f0fdb2bba196,post,2,stark-prime-029,0.0,3,0.0,0.0,traverse_first,0.0,0.031,0.428389,0.014,typed_chain,True
auto_derived_v0.2,tridb_live,0.0,10.0,17080.0,,,stark_prime,0.0,0.0,2,False,10,0.801608,0.8393837000000001,0.84274154,0.0,traverse_first-f9b36ac9da92,during,2,stark-prime-029,0.0,3,0.0,0.0,traverse_first,0.093,0.176,0.43558100000000005,0.095,typed_chain,True
auto_derived_v0.2,tridb_live,0.0,0.0,17080.0,,50.0,stark_prime,0.0,0.0,1,False,50,1.382151,1.3861497,1.3865051400000001,0.0,vector_first-12e4b447491a,post,2,stark-prime-029,0.0,3,0.0,0.0,vector_first,0.906,0.0,0.44915099999999986,0.027,typed_chain,True
auto_derived_v0.2,tridb_live,0.0,0.0,17080.0,,50.0,stark_prime,0.0,0.0,2,False,50,1.694437,1.7247166,1.72740812,0.0,vector_first-2670324e0bc6,during,2,stark-prime-029,0.0,3,0.0,0.0,vector_first,0.897,0.228,0.478437,0.102,typed_chain,True
auto_derived_v0.2,tridb_live,0.0,0.0,17080.0,,20.0,stark_prime,0.0,0.0,2,False,20,1.505204,1.5105905,1.5110693,0.0,vector_first-27d19d1f923e,during,2,stark-prime-029,0.0,3,0.0,0.0,vector_first,0.808,0.137,0.45020400000000005,0.099,typed_chain,True
auto_derived_v0.2,tridb_live,0.0,0.0,17080.0,,10.0,stark_prime,0.0,0.0,1,False,10,1.294,1.5965205999999998,1.62341132,0.0,vector_first-404f84e6a5f4,post,2,stark-prime-029,0.0,3,0.0,0.0,vector_first,0.776,0.0,0.50832,0.029,typed_chain,True
auto_derived_v0.2,tridb_live,0.0,0.0,17080.0,,20.0,stark_prime,0.0,0.0,1,False,20,1.582334,2.4338338999999998,2.50952278,0.0,vector_first-4c96de282a3c,during,2,stark-prime-029,0.0,3,0.0,0.0,vector_first,0.866,0.141,0.543334,0.032,typed_chain,True
auto_derived_v0.2,tridb_live,0.0,0.0,17080.0,,5.0,stark_prime,0.0,0.0,1,False,5,1.204952,1.2081119,1.20839278,0.0,vector_first-539cd672e6b6,post,2,stark-prime-029,0.0,3,0.0,0.0,vector_first,0.726,0.0,0.451952,0.026,typed_chain,True
auto_derived_v0.2,tridb_live,0.0,0.0,17080.0,,100.0,stark_prime,0.0,0.0,2,False,100,1.632269,1.7356555999999999,1.74484552,0.0,vector_first-736b83dff9a6,post,2,stark-prime-029,0.0,3,0.0,0.0,vector_first,1.055,0.0,0.47126899999999994,0.112,typed_chain,True
auto_derived_v0.2,tridb_live,0.0,0.0,17080.0,,5.0,stark_prime,0.0,0.0,2,False,5,1.374476,1.3808786000000002,1.3814477200000002,0.0,vector_first-7462d459aaf5,during,2,stark-prime-029,0.0,3,0.0,0.0,vector_first,0.726,0.092,0.449962,0.1,typed_chain,True
auto_derived_v0.2,tridb_live,0.0,0.0,17080.0,,1.0,stark_prime,0.0,0.0,2,False,1,1.344394,1.4129893,1.41908666,0.0,vector_first-79d7f13154dd,post,2,stark-prime-029,0.0,3,0.0,0.0,vector_first,0.74,0.0,0.4943940000000001,0.1,typed_chain,True
auto_derived_v0.2,tridb_live,0.0,0.0,17080.0,,1.0,stark_prime,0.0,0.0,2,False,1,1.482372,1.5124464,1.51511968,0.0,vector_first-8735078935c5,during,2,stark-prime-029,0.0,3,0.0,0.0,vector_first,0.732,0.036,0.575788,0.11,typed_chain,True
auto_derived_v0.2,tridb_live,0.0,0.0,17080.0,,10.0,stark_prime,0.0,0.0,1,False,10,1.341735,1.3574643,1.35886246,0.0,vector_first-879c2f5ec6a7,during,2,stark-prime-029,0.0,3,0.0,0.0,vector_first,0.756,0.114,0.4467349999999999,0.025,typed_chain,True
auto_derived_v0.2,tridb_live,0.0,0.0,17080.0,,100.0,stark_prime,0.0,0.0,1,False,100,1.982223,2.1299121,2.14304002,0.0,vector_first-95fb2abe9f82,during,2,stark-prime-029,0.0,3,0.0,0.0,vector_first,1.11,0.371,0.47422300000000006,0.027,typed_chain,True
auto_derived_v0.2,tridb_live,0.0,0.0,17080.0,,100.0,stark_prime,0.0,0.0,1,False,100,1.541282,1.5736298,1.57650516,0.0,vector_first-9a76384ab2d2,post,2,stark-prime-029,0.0,3,0.0,0.0,vector_first,1.054,0.0,0.46128199999999997,0.026,typed_chain,True
auto_derived_v0.2,tridb_live,0.0,0.0,17080.0,,10.0,stark_prime,0.0,0.0,2,False,10,1.437933,1.4383974000000002,1.4384386800000002,0.0,vector_first-9e027ae921ee,during,2,stark-prime-029,0.0,3,0.0,0.0,vector_first,0.753,0.11,0.4684490000000001,0.101,typed_chain,True
auto_derived_v0.2,tridb_live,0.0,0.0,17080.0,,1.0,stark_prime,0.0,0.0,1,False,1,2.090054,2.3252555,2.3461623,0.0,vector_first-9f2a495d4986,during,2,stark-prime-029,0.0,3,0.0,0.0,vector_first,1.565,0.036,0.473403,0.026,typed_chain,True
auto_derived_v0.2,tridb_live,0.0,0.0,17080.0,,5.0,stark_prime,0.0,0.0,2,False,5,1.265242,1.2779113,1.27903746,0.0,vector_first-a5b8d6da0107,post,2,stark-prime-029,0.0,3,0.0,0.0,vector_first,0.72,0.0,0.4438850000000001,0.099,typed_chain,True
auto_derived_v0.2,tridb_live,0.0,0.0,17080.0,,50.0,stark_prime,0.0,0.0,2,False,50,1.462519,1.4762494,1.4774698800000001,0.0,vector_first-a7431c3167bb,post,2,stark-prime-029,0.0,3,0.0,0.0,vector_first,0.895,0.0,0.46377500000000005,0.101,typed_chain,True
auto_derived_v0.2,tridb_live,0.0,0.0,17080.0,,10.0,stark_prime,0.0,0.0,2,False,10,1.317873,1.3636496999999999,1.36771874,0.0,vector_first-a802c228be07,post,2,stark-prime-029,0.0,3,0.0,0.0,vector_first,0.744,0.0,0.4637359999999999,0.1,typed_chain,True
auto_derived_v0.2,tridb_live,0.0,0.0,17080.0,,50.0,stark_prime,0.0,0.0,1,False,50,1.658821,1.7964202,1.80865124,0.0,vector_first-b3f469e3373a,during,2,stark-prime-029,0.0,3,0.0,0.0,vector_first,0.951,0.232,0.44882100000000014,0.027,typed_chain,True
auto_derived_v0.2,tridb_live,0.0,0.0,17080.0,,100.0,stark_prime,0.0,0.0,2,False,100,1.968573,1.9707672,1.97096224,0.0,vector_first-b9cbe3a2c022,during,2,stark-prime-029,0.0,3,0.0,0.0,vector_first,1.039,0.365,0.45867800000000014,0.109,typed_chain,True
auto_derived_v0.2,tridb_live,0.0,0.0,17080.0,,1.0,stark_prime,0.0,0.0,1,False,1,1.217658,1.2551709,1.25850538,0.0,vector_first-c1efa57fb2c2,post,2,stark-prime-029,0.0,3,0.0,0.0,vector_first,0.752,0.0,0.44757100000000005,0.025,typed_chain,True
auto_derived_v0.2,tridb_live,0.0,0.0,17080.0,,20.0,stark_prime,0.0,0.0,2,False,20,1.345251,1.361388,1.3628224,0.0,vector_first-c9c7dff0ae35,post,2,stark-prime-029,0.0,3,0.0,0.0,vector_first,0.797,0.0,0.44725099999999995,0.101,typed_chain,True
auto_derived_v0.2,tridb_live,0.0,0.0,17080.0,,20.0,stark_prime,0.0,0.0,1,False,20,1.293965,1.3056235999999999,1.30665992,0.0,vector_first-ce905df43902,post,2,stark-prime-029,0.0,3,0.0,0.0,vector_first,0.812,0.0,0.45491899999999996,0.028,typed_chain,True
auto_derived_v0.2,tridb_live,0.0,0.0,17080.0,,8.0,stark_prime,0.0,0.0,2,True,8,1.260504,1.2719313,1.2729470600000001,0.0,vector_first-ebaeb868fc9b,post,2,stark-prime-029,0.0,3,0.0,0.0,vector_first,0.727,0.0,0.43620100000000006,0.098,typed_chain,True
auto_derived_v0.2,tridb_live,0.0,0.0,17080.0,,5.0,stark_prime,0.0,0.0,1,False,5,1.324104,1.460985,1.4731522,0.0,vector_first-f0a58d413e0f,during,2,stark-prime-029,0.0,3,0.0,0.0,vector_first,0.754,0.09,0.45410399999999995,0.026,typed_chain,True
auto_derived_v0.2,tridb_live,0.0,0.0,14035.0,,50.0,stark_prime,0.0,0.0,1,False,50,44.550852,54.2477643,55.10971206,0.0,filter_first-03f67415e651,pre,2,stark-prime-030,0.0,3,0.0,0.0,filter_first,43.432,0.0,0.996851999999997,0.13,typed_chain,True
auto_derived_v0.2,tridb_live,0.0,0.0,14035.0,,20.0,stark_prime,0.0,0.0,1,False,20,2.405165,2.4385127,2.44147694,0.0,filter_first-1cad3c1573b2,pre,2,stark-prime-030,0.0,3,0.0,0.0,filter_first,1.321,0.0,0.8852180000000001,0.092,typed_chain,True
auto_derived_v0.2,tridb_live,0.0,0.0,14035.0,,100.0,stark_prime,0.0,0.0,1,False,100,43.931815,44.1147913,44.131055860000004,0.0,filter_first-2387000dc3a8,pre,2,stark-prime-030,0.0,3,0.0,0.0,filter_first,42.877,0.0,0.925815,0.132,typed_chain,True
auto_derived_v0.2,tridb_live,0.0,1.0,14035.0,,100.0,stark_prime,0.0,0.0,2,False,100,47.740192,48.3928279,48.45083998,0.0,filter_first-28ed17c208d7,pre,2,stark-prime-030,0.0,3,0.0,0.0,filter_first,43.502,0.0,1.5091919999999988,2.661,typed_chain,True
auto_derived_v0.2,tridb_live,0.0,0.0,14035.0,,50.0,stark_prime,0.0,0.0,2,False,50,46.94396,47.5982087,47.65636414,0.0,filter_first-2d01f654960c,pre,2,stark-prime-030,0.0,3,0.0,0.0,filter_first,42.91,0.0,1.310020999999999,2.583,typed_chain,True
auto_derived_v0.2,tridb_live,0.0,0.0,14035.0,,1.0,stark_prime,0.0,0.0,2,False,1,3.865655,3.9671507,3.97617254,0.0,filter_first-3a7f1025f729,pre,2,stark-prime-030,0.0,3,0.0,0.0,filter_first,0.703,0.0,0.7656549999999998,2.367,typed_chain,True
auto_derived_v0.2,tridb_live,0.0,0.0,14035.0,,20.0,stark_prime,0.0,0.0,2,False,20,4.335362,4.4563931,4.4671514199999995,0.0,filter_first-46ec65dc7fea,pre,2,stark-prime-030,0.0,3,0.0,0.0,filter_first,1.326,0.0,0.818362,2.208,typed_chain,True
auto_derived_v0.2,tridb_live,0.0,0.0,14035.0,,10.0,stark_prime,0.0,0.0,1,False,10,1.886357,2.2285676,2.25898632,0.0,filter_first-8532bb36e741,pre,2,stark-prime-030,0.0,3,0.0,0.0,filter_first,1.316,0.0,0.48848500000000006,0.091,typed_chain,True
auto_derived_v0.2,tridb_live,0.0,0.0,14035.0,,5.0,stark_prime,0.0,0.0,1,False,5,2.342404,4.2677767,4.43892094,0.0,filter_first-8699218b4a03,pre,2,stark-prime-030,0.0,3,0.0,0.0,filter_first,1.665,0.0,0.5807070000000003,0.091,typed_chain,True
auto_derived_v0.2,tridb_live,0.0,0.0,14035.0,,10.0,stark_prime,0.0,0.0,2,False,10,4.176135,4.5152379,4.54538038,0.0,filter_first-88d1f0b4340a,pre,2,stark-prime-030,0.0,3,0.0,0.0,filter_first,1.274,0.0,0.7041350000000004,2.266,typed_chain,True
auto_derived_v0.2,tridb_live,0.0,0.0,14035.0,,5.0,stark_prime,0.0,0.0,2,False,5,4.669346,5.1420953,5.18411746,0.0,filter_first-bb7c33f6d989,pre,2,stark-prime-030,0.0,3,0.0,0.0,filter_first,1.388,0.0,1.023346,2.248,typed_chain,True
auto_derived_v0.2,tridb_live,0.0,0.0,14035.0,,1.0,stark_prime,0.0,0.0,1,False,1,2.316081,2.3814066,2.38721332,0.0,filter_first-ef43b60e2e3b,pre,2,stark-prime-030,0.0,3,0.0,0.0,filter_first,1.493,0.0,0.573081,0.094,typed_chain,True
auto_derived_v0.2,tridb_live,0.0,0.0,14035.0,,,stark_prime,0.0,0.0,1,False,1,0.998597,1.6214339,1.67679718,0.0,traverse_first-0e65f761853b,during,2,stark-prime-030,0.0,3,0.0,0.0,traverse_first,0.0,0.409,0.503597,0.086,typed_chain,True
auto_derived_v0.2,tridb_live,0.0,1.0,14035.0,,,stark_prime,0.0,0.0,2,False,1,12.319084,12.376162,12.3812356,0.0,traverse_first-1401f30333f9,post,2,stark-prime-030,0.0,3,0.0,0.0,traverse_first,0.184,8.147,1.541967999999999,2.501,typed_chain,True
auto_derived_v0.2,tridb_live,0.0,20.0,14035.0,,,stark_prime,0.0,1.0,2,False,50,12.344327,15.7751351,16.08009582,0.25,traverse_first-15df7fd20126,post,2,stark-prime-030,0.375,3,0.0,0.0,traverse_first,0.158,8.051,1.6093270000000004,2.526,typed_chain,True
auto_derived_v0.2,tridb_live,0.0,0.0,14035.0,,,stark_prime,0.0,0.0,1,False,50,0.851716,0.8619256000000001,0.86283312,0.0,traverse_first-18e80c0b50a9,post,2,stark-prime-030,0.0,3,0.0,0.0,traverse_first,0.0,0.339,0.44371600000000005,0.074,typed_chain,True
auto_derived_v0.2,tridb_live,0.0,0.0,14035.0,,,stark_prime,0.0,0.0,1,False,5,1.310805,1.3232844,1.32439368,0.0,traverse_first-2ef9d31e2115,during,2,stark-prime-030,0.0,3,0.0,0.0,traverse_first,0.0,0.357,0.741671,0.084,typed_chain,True
auto_derived_v0.2,tridb_live,0.0,0.0,14035.0,,,stark_prime,0.0,0.0,1,False,100,0.921541,1.3575694,1.39632748,0.0,traverse_first-3161568b8481,during,2,stark-prime-030,0.0,3,0.0,0.0,traverse_first,0.0,0.361,0.48354100000000005,0.077,typed_chain,True
auto_derived_v0.2,tridb_live,0.0,20.0,14035.0,,,stark_prime,0.0,1.0,2,False,50,11.910958,13.8493303,14.02163006,0.25,traverse_first-532feb3a2124,during,2,stark-prime-030,0.375,3,0.0,0.0,traverse_first,0.164,7.974,1.3859580000000005,2.43,typed_chain,True
auto_derived_v0.2,tridb_live,0.0,10.0,14035.0,,,stark_prime,0.0,1.0,2,False,10,12.235788,12.286826099999999,12.29136282,0.25,traverse_first-5be44627d46d,post,2,stark-prime-030,0.125,3,0.0,0.0,traverse_first,0.175,8.049,1.5144969999999986,2.512,typed_chain,True
auto_derived_v0.2,tridb_live,0.0,20.0,14035.0,,,stark_prime,0.0,1.0,2,False,20,11.786335,12.985663299999999,13.09227026,0.25,traverse_first-5dac164247a2,post,2,stark-prime-030,0.375,3,0.0,0.0,traverse_first,0.172,7.956,1.4777839999999998,2.407,typed_chain,True
auto_derived_v0.2,tridb_live,0.0,20.0,14035.0,,,stark_prime,0.0,1.0,2,False,100,16.99932,17.5938555,17.6467031,0.25,traverse_first-6c308678a8d4,post,2,stark-prime-030,0.375,3,0.0,0.0,traverse_first,0.333,11.894,1.9513200000000008,2.903,typed_chain,True
auto_derived_v0.2,tridb_live,0.0,0.0,14035.0,,,stark_prime,0.0,0.0,1,False,20,0.906711,1.1910849000000001,1.21636258,0.0,traverse_first-6e5585f7fa7d,during,2,stark-prime-030,0.0,3,0.0,0.0,traverse_first,0.0,0.352,0.47371100000000005,0.082,typed_chain,True
auto_derived_v0.2,tridb_live,0.0,20.0,14035.0,,,stark_prime,0.0,1.0,2,False,100,16.968921,17.4547212,17.49790344,0.25,traverse_first-702b20668df6,during,2,stark-prime-030,0.375,3,0.0,0.0,traverse_first,0.2,10.463,1.6249210000000023,3.023,typed_chain,True
auto_derived_v0.2,tridb_live,0.0,0.0,14035.0,,,stark_prime,0.0,0.0,1,False,20,0.853399,0.8772355,0.8793543,0.0,traverse_first-76359c42693a,post,2,stark-prime-030,0.0,3,0.0,0.0,traverse_first,0.0,0.335,0.43639900000000004,0.082,typed_chain,True
auto_derived_v0.2,tridb_live,0.0,0.0,14035.0,,,stark_prime,0.0,0.0,1,False,10,0.855186,0.8639007,0.86467534,0.0,traverse_first-7e45a5be9de9,post,2,stark-prime-030,0.0,3,0.0,0.0,traverse_first,0.0,0.335,0.443869,0.078,typed_chain,True
auto_derived_v0.2,tridb_live,0.0,0.0,14035.0,,,stark_prime,0.0,0.0,1,False,50,0.906618,1.1520156,1.17382872,0.0,traverse_first-82c8aed23797,during,2,stark-prime-030,0.0,3,0.0,0.0,traverse_first,0.0,0.351,0.47561800000000004,0.083,typed_chain,True
auto_derived_v0.2,tridb_live,0.0,0.0,14035.0,,,stark_prime,0.0,0.0,1,False,10,0.923251,2.4670200999999996,2.60424402,0.0,traverse_first-8d055dcb7096,during,2,stark-prime-030,0.0,3,0.0,0.0,traverse_first,0.0,0.361,0.47025100000000003,0.092,typed_chain,True
auto_derived_v0.2,tridb_live,0.0,1.0,14035.0,,,stark_prime,0.0,0.0,2,False,1,13.31014,13.6023304,13.62830288,0.0,traverse_first-92d6d9491887,during,2,stark-prime-030,0.0,3,0.0,0.0,traverse_first,0.179,9.271,1.4167959999999997,2.49,typed_chain,True
auto_derived_v0.2,tridb_live,0.0,0.0,14035.0,,,stark_prime,0.0,0.0,1,False,1,0.869935,0.8848020999999999,0.88612362,0.0,traverse_first-a6e5d14e469b,post,2,stark-prime-030,0.0,3,0.0,0.0,traverse_first,0.0,0.344,0.446935,0.079,typed_chain,True
auto_derived_v0.2,tridb_live,0.0,5.0,14035.0,,,stark_prime,0.0,1.0,2,False,5,13.097896,14.2418815,14.3435691,0.25,traverse_first-b279d6126ea0,post,2,stark-prime-030,0.125,3,0.0,0.0,traverse_first,0.182,8.379,2.056896,2.481,typed_chain,True
auto_derived_v0.2,tridb_live,0.0,0.0,14035.0,,,stark_prime,0.0,0.0,1,False,100,0.895496,1.0534955,1.0675398999999999,0.0,traverse_first-c289b470b52c,post,2,stark-prime-030,0.0,3,0.0,0.0,traverse_first,0.0,0.338,0.478559,0.077,typed_chain,True
auto_derived_v0.2,tridb_live,0.0,5.0,14035.0,,,stark_prime,0.0,1.0,2,False,5,12.304011,12.5780061,12.602361219999999,0.25,traverse_first-cccdd3ed958f,during,2,stark-prime-030,0.125,3,0.0,0.0,traverse_first,0.168,7.925,1.458010999999999,2.426,typed_chain,True
auto_derived_v0.2,tridb_live,0.0,20.0,14035.0,,,stark_prime,0.0,1.0,2,False,20,12.578753,13.700704700000001,13.80043374,0.25,traverse_first-e4d7ef105a79,during,2,stark-prime-030,0.375,3,0.0,0.0,traverse_first,0.177,8.323,1.39405,2.588,typed_chain,True
auto_derived_v0.2,tridb_live,0.0,0.0,14035.0,,,stark_prime,0.0,0.0,1,False,5,0.862201,0.8803153,0.88192546,0.0,traverse_first-f0fdb2bba196,post,2,stark-prime-030,0.0,3,0.0,0.0,traverse_first,0.0,0.331,0.453201,0.08,typed_chain,True
auto_derived_v0.2,tridb_live,0.0,10.0,14035.0,,,stark_prime,0.0,1.0,2,False,10,12.466434,13.4552856,13.54318352,0.25,traverse_first-f9b36ac9da92,during,2,stark-prime-030,0.125,3,0.0,0.0,traverse_first,0.19,8.206,1.603434,2.496,typed_chain,True
auto_derived_v0.2,tridb_live,0.0,0.0,14035.0,,50.0,stark_prime,0.0,0.0,1,False,50,1.36997,1.9929202999999998,2.0482936599999997,0.0,vector_first-12e4b447491a,post,2,stark-prime-030,0.0,3,0.0,0.0,vector_first,0.748,0.0,0.49112500000000003,0.097,typed_chain,True
auto_derived_v0.2,tridb_live,0.0,0.0,14035.0,,50.0,stark_prime,0.0,0.0,2,False,50,2.497583,2.6836507999999997,2.70019016,0.0,vector_first-2670324e0bc6,during,2,stark-prime-030,0.0,3,0.0,0.0,vector_first,1.694,0.274,0.4924200000000001,0.0,typed_chain,True
auto_derived_v0.2,tridb_live,0.0,0.0,14035.0,,20.0,stark_prime,0.0,0.0,2,False,20,2.421635,2.436233,2.4375306,0.0,vector_first-27d19d1f923e,during,2,stark-prime-030,0.0,3,0.0,0.0,vector_first,1.623,0.17,0.561855,0.0,typed_chain,True
auto_derived_v0.2,tridb_live,0.0,0.0,14035.0,,10.0,stark_prime,0.0,0.0,1,False,10,2.327087,2.3549933,2.35747386,0.0,vector_first-404f84e6a5f4,post,2,stark-prime-030,0.0,3,0.0,0.0,vector_first,1.623,0.0,0.5180870000000002,0.122,typed_chain,True
auto_derived_v0.2,tridb_live,0.0,0.0,14035.0,,20.0,stark_prime,0.0,0.0,1,False,20,2.670064,3.0084036999999997,3.0384783399999997,0.0,vector_first-4c96de282a3c,during,2,stark-prime-030,0.0,3,0.0,0.0,vector_first,1.889,0.188,0.593064,0.0,typed_chain,True
auto_derived_v0.2,tridb_live,0.0,0.0,14035.0,,5.0,stark_prime,0.0,0.0,1,False,5,1.159398,2.2083399,2.30157918,0.0,vector_first-539cd672e6b6,post,2,stark-prime-030,0.0,3,0.0,0.0,vector_first,0.6,0.0,0.464398,0.098,typed_chain,True
auto_derived_v0.2,tridb_live,0.0,0.0,14035.0,,100.0,stark_prime,0.0,0.0,2,False,100,5.689908,6.6042117000000005,6.6854831400000005,0.0,vector_first-736b83dff9a6,post,2,stark-prime-030,0.0,3,0.0,0.0,vector_first,2.091,0.146,1.0647479999999994,2.427,typed_chain,True
auto_derived_v0.2,tridb_live,0.0,0.0,14035.0,,5.0,stark_prime,0.0,0.0,2,False,5,2.207975,2.3664047,2.38048734,0.0,vector_first-7462d459aaf5,during,2,stark-prime-030,0.0,3,0.0,0.0,vector_first,1.553,0.123,0.5209749999999997,0.0,typed_chain,True
auto_derived_v0.2,tridb_live,0.0,0.0,14035.0,,1.0,stark_prime,0.0,0.0,2,False,1,4.066811,5.8596335,6.0189955,0.0,vector_first-79d7f13154dd,post,2,stark-prime-030,0.0,3,0.0,0.0,vector_first,0.615,0.0,1.1088110000000002,2.42,typed_chain,True
auto_derived_v0.2,tridb_live,0.0,0.0,14035.0,,1.0,stark_prime,0.0,0.0,2,False,1,2.069366,2.2920979999999997,2.3118963999999997,0.0,vector_first-8735078935c5,during,2,stark-prime-030,0.0,3,0.0,0.0,vector_first,1.451,0.043,0.575366,0.0,typed_chain,True
auto_derived_v0.2,tridb_live,0.0,0.0,14035.0,,10.0,stark_prime,0.0,0.0,1,False,10,1.434039,2.0600951999999997,2.11574464,0.0,vector_first-879c2f5ec6a7,during,2,stark-prime-030,0.0,3,0.0,0.0,vector_first,0.847,0.129,0.4580390000000001,0.0,typed_chain,True
auto_derived_v0.2,tridb_live,0.0,0.0,14035.0,,100.0,stark_prime,0.0,0.0,1,False,100,3.42546,3.8887115999999997,3.9298895199999997,0.0,vector_first-95fb2abe9f82,during,2,stark-prime-030,0.0,3,0.0,0.0,vector_first,2.035,0.474,0.9793080000000001,0.135,typed_chain,True
auto_derived_v0.2,tridb_live,0.0,0.0,14035.0,,100.0,stark_prime,0.0,0.0,1,False,100,1.967971,2.988283,3.0789774,0.0,vector_first-9a76384ab2d2,post,2,stark-prime-030,0.0,3,0.0,0.0,vector_first,1.049,0.0,0.830997,0.1,typed_chain,True
auto_derived_v0.2,tridb_live,0.0,0.0,14035.0,,10.0,stark_prime,0.0,0.0,2,False,10,1.168752,1.1772984,1.17805808,0.0,vector_first-9e027ae921ee,during,2,stark-prime-030,0.0,3,0.0,0.0,vector_first,0.622,0.11,0.446248,0.0,typed_chain,True
auto_derived_v0.2,tridb_live,0.0,0.0,14035.0,,1.0,stark_prime,0.0,0.0,1,False,1,2.23209,4.4743644,4.67367768,0.0,vector_first-9f2a495d4986,during,2,stark-prime-030,0.0,3,0.0,0.0,vector_first,1.651,0.038,0.5430899999999999,0.0,typed_chain,True
auto_derived_v0.2,tridb_live,0.0,0.0,14035.0,,5.0,stark_prime,0.0,0.0,2,False,5,4.999403,6.380961500000001,6.503766700000001,0.0,vector_first-a5b8d6da0107,post,2,stark-prime-030,0.0,3,0.0,0.0,vector_first,1.719,0.0,1.040403,2.425,typed_chain,True
auto_derived_v0.2,tridb_live,0.0,0.0,14035.0,,50.0,stark_prime,0.0,0.0,2,False,50,5.047653,6.964833,7.135249,0.0,vector_first-a7431c3167bb,post,2,stark-prime-030,0.0,3,0.0,0.0,vector_first,0.946,0.131,1.4108529999999995,2.424,typed_chain,True
auto_derived_v0.2,tridb_live,0.0,0.0,14035.0,,10.0,stark_prime,0.0,0.0,2,False,10,5.104172,6.8178989,6.970230180000001,0.0,vector_first-a802c228be07,post,2,stark-prime-030,0.0,3,0.0,0.0,vector_first,0.824,0.0,1.3029769999999998,2.577,typed_chain,True
auto_derived_v0.2,tridb_live,0.0,0.0,14035.0,,50.0,stark_prime,0.0,0.0,1,False,50,2.099931,3.1502453999999998,3.24360668,0.0,vector_first-b3f469e3373a,during,2,stark-prime-030,0.0,3,0.0,0.0,vector_first,1.3,0.243,0.5569310000000003,0.0,typed_chain,True
auto_derived_v0.2,tridb_live,0.0,0.0,14035.0,,100.0,stark_prime,0.0,0.0,2,False,100,6.279827,7.2940235,7.3841743,0.0,vector_first-b9cbe3a2c022,during,2,stark-prime-030,0.0,3,0.0,0.0,vector_first,2.242,0.466,1.025671,2.59,typed_chain,True
auto_derived_v0.2,tridb_live,0.0,0.0,14035.0,,1.0,stark_prime,0.0,0.0,1,False,1,1.422336,3.1123766999999996,3.2626025399999996,0.0,vector_first-c1efa57fb2c2,post,2,stark-prime-030,0.0,3,0.0,0.0,vector_first,0.596,0.0,0.7143360000000001,0.114,typed_chain,True
auto_derived_v0.2,tridb_live,0.0,0.0,14035.0,,20.0,stark_prime,0.0,0.0,2,False,20,4.308482,4.7733229999999995,4.8146422,0.0,vector_first-c9c7dff0ae35,post,2,stark-prime-030,0.0,3,0.0,0.0,vector_first,0.734,0.0,0.9375260000000001,2.469,typed_chain,True
auto_derived_v0.2,tridb_live,0.0,0.0,14035.0,,20.0,stark_prime,0.0,0.0,1,False,20,1.239032,1.3042253,1.31002026,0.0,vector_first-ce905df43902,post,2,stark-prime-030,0.0,3,0.0,0.0,vector_first,0.653,0.0,0.4840319999999999,0.091,typed_chain,True
auto_derived_v0.2,tridb_live,0.0,0.0,14035.0,,8.0,stark_prime,0.0,0.0,2,True,8,5.369602,5.8017298,5.84014116,0.0,vector_first-ebaeb868fc9b,post,2,stark-prime-030,0.0,3,0.0,0.0,vector_first,1.681,0.0,1.078602,2.323,typed_chain,True
auto_derived_v0.2,tridb_live,0.0,0.0,14035.0,,5.0,stark_prime,0.0,0.0,1,False,5,1.199078,1.9009493,1.96333786,0.0,vector_first-f0a58d413e0f,during,2,stark-prime-030,0.0,3,0.0,0.0,vector_first,0.674,0.082,0.45363699999999985,0.0,typed_chain,True
auto_derived_v0.2,tridb_live,0.0,0.0,7957.0,,50.0,stark_prime,0.0,0.0,1,False,50,36.916008,38.6342007,38.78692894,0.0,filter_first-03f67415e651,pre,2,stark-prime-031,0.0,3,0.0,0.0,filter_first,35.669,0.0,1.0861110000000025,0.06,typed_chain,True
auto_derived_v0.2,tridb_live,0.0,0.0,7957.0,,20.0,stark_prime,0.0,0.0,1,False,20,35.707579,38.473639,38.719511000000004,0.0,filter_first-1cad3c1573b2,pre,2,stark-prime-031,0.0,3,0.0,0.0,filter_first,34.763,0.0,1.1386119999999949,0.061,typed_chain,True
auto_derived_v0.2,tridb_live,0.0,0.0,7957.0,,100.0,stark_prime,0.0,0.0,1,False,100,36.419513,37.5847394,37.688315079999995,0.0,filter_first-2387000dc3a8,pre,2,stark-prime-031,0.0,3,0.0,0.0,filter_first,35.37,0.0,1.2225219999999979,0.067,typed_chain,True
auto_derived_v0.2,tridb_live,0.0,5.0,7957.0,,100.0,stark_prime,1.0,1.0,2,False,100,36.919826,38.430899,38.5652166,1.0,filter_first-28ed17c208d7,pre,2,stark-prime-031,0.17647058823529413,3,0.0,0.0,filter_first,35.254,0.0,1.2448260000000033,0.421,typed_chain,True
auto_derived_v0.2,tridb_live,0.0,4.0,7957.0,,50.0,stark_prime,1.0,1.0,2,False,50,36.374479,39.4065961,39.67611762,1.0,filter_first-2d01f654960c,pre,2,stark-prime-031,0.17647058823529413,3,0.0,0.0,filter_first,34.95,0.0,1.3144789999999986,0.376,typed_chain,True
auto_derived_v0.2,tridb_live,0.0,0.0,7957.0,,1.0,stark_prime,0.0,0.0,2,False,1,4.405632,4.540893,4.552916199999999,0.0,filter_first-3a7f1025f729,pre,2,stark-prime-031,0.0,3,0.0,0.0,filter_first,3.423,0.0,0.5936319999999999,0.317,typed_chain,True
auto_derived_v0.2,tridb_live,0.0,4.0,7957.0,,20.0,stark_prime,1.0,1.0,2,False,20,37.26277,38.4620524,38.56865528,1.0,filter_first-46ec65dc7fea,pre,2,stark-prime-031,0.17647058823529413,3,0.0,0.0,filter_first,35.677,0.0,1.229770000000002,0.356,typed_chain,True
auto_derived_v0.2,tridb_live,0.0,0.0,7957.0,,10.0,stark_prime,0.0,0.0,1,False,10,38.528931,42.781850399999996,43.15988768,0.0,filter_first-8532bb36e741,pre,2,stark-prime-031,0.0,3,0.0,0.0,filter_first,36.828,0.0,1.438918000000001,0.063,typed_chain,True
auto_derived_v0.2,tridb_live,0.0,0.0,7957.0,,5.0,stark_prime,0.0,0.0,1,False,5,4.966195,9.3730801,9.76480322,0.0,filter_first-8699218b4a03,pre,2,stark-prime-031,0.0,3,0.0,0.0,filter_first,3.917,0.0,0.6252589999999998,0.07,typed_chain,True
auto_derived_v0.2,tridb_live,0.0,4.0,7957.0,,10.0,stark_prime,1.0,1.0,2,False,10,35.450819,36.0630737,36.117496339999995,1.0,filter_first-88d1f0b4340a,pre,2,stark-prime-031,0.17647058823529413,3,0.0,0.0,filter_first,34.053,0.0,1.054819000000002,0.363,typed_chain,True
auto_derived_v0.2,tridb_live,0.0,1.0,7957.0,,5.0,stark_prime,1.0,1.0,2,False,5,5.337555,7.3937112,7.57648064,1.0,filter_first-bb7c33f6d989,pre,2,stark-prime-031,0.058823529411764705,3,0.0,0.0,filter_first,4.265,0.0,0.5685549999999999,0.331,typed_chain,True
auto_derived_v0.2,tridb_live,0.0,0.0,7957.0,,1.0,stark_prime,0.0,0.0,1,False,1,2.572872,2.7776471999999996,2.7958494399999996,0.0,filter_first-ef43b60e2e3b,pre,2,stark-prime-031,0.0,3,0.0,0.0,filter_first,1.997,0.0,0.5103999999999997,0.042,typed_chain,True
auto_derived_v0.2,tridb_live,0.0,0.0,7957.0,,,stark_prime,0.0,0.0,1,False,1,0.521499,1.2152298,1.27689476,0.0,traverse_first-0e65f761853b,during,2,stark-prime-031,0.0,3,0.0,0.0,traverse_first,0.0,0.028,0.45949900000000005,0.034,typed_chain,True
auto_derived_v0.2,tridb_live,0.0,1.0,7957.0,,,stark_prime,1.0,1.0,2,False,1,4.00229,4.0727384,4.07900048,1.0,traverse_first-1401f30333f9,post,2,stark-prime-031,0.058823529411764705,3,0.0,0.0,traverse_first,1.519,1.426,0.6282900000000002,0.344,typed_chain,True
auto_derived_v0.2,tridb_live,0.0,20.0,7957.0,,,stark_prime,1.0,1.0,2,False,50,3.978702,4.169029500000001,4.1859475,1.0,traverse_first-15df7fd20126,post,2,stark-prime-031,0.23529411764705882,3,0.0,0.0,traverse_first,1.529,1.344,0.7637020000000003,0.343,typed_chain,True
auto_derived_v0.2,tridb_live,0.0,0.0,7957.0,,,stark_prime,0.0,0.0,1,False,50,0.584954,0.6183251,0.6212914199999999,0.0,traverse_first-18e80c0b50a9,post,2,stark-prime-031,0.0,3,0.0,0.0,traverse_first,0.0,0.018,0.5329539999999999,0.027,typed_chain,True
auto_derived_v0.2,tridb_live,0.0,0.0,7957.0,,,stark_prime,0.0,0.0,1,False,5,0.606731,0.960755,0.9922238000000001,0.0,traverse_first-2ef9d31e2115,during,2,stark-prime-031,0.0,3,0.0,0.0,traverse_first,0.0,0.031,0.5407310000000001,0.035,typed_chain,True
auto_derived_v0.2,tridb_live,0.0,0.0,7957.0,,,stark_prime,0.0,0.0,1,False,100,0.553047,0.8041938,0.82651796,0.0,traverse_first-3161568b8481,during,2,stark-prime-031,0.0,3,0.0,0.0,traverse_first,0.0,0.029,0.5080469999999999,0.034,typed_chain,True
auto_derived_v0.2,tridb_live,0.0,20.0,7957.0,,,stark_prime,1.0,1.0,2,False,50,4.050814,4.2761398,4.29616876,1.0,traverse_first-532feb3a2124,during,2,stark-prime-031,0.23529411764705882,3,0.0,0.0,traverse_first,1.545,1.401,0.7378139999999997,0.356,typed_chain,True
auto_derived_v0.2,tridb_live,0.0,10.0,7957.0,,,stark_prime,1.0,1.0,2,False,10,4.046948,4.4003285000000005,4.431740100000001,1.0,traverse_first-5be44627d46d,post,2,stark-prime-031,0.17647058823529413,3,0.0,0.0,traverse_first,1.533,1.401,0.7539480000000003,0.359,typed_chain,True
auto_derived_v0.2,tridb_live,0.0,20.0,7957.0,,,stark_prime,1.0,1.0,2,False,20,4.527271,4.5337114,4.53428388,1.0,traverse_first-5dac164247a2,post,2,stark-prime-031,0.23529411764705882,3,0.0,0.0,traverse_first,1.365,1.579,0.8582709999999998,0.389,typed_chain,True
auto_derived_v0.2,tridb_live,0.0,20.0,7957.0,,,stark_prime,1.0,1.0,2,False,100,3.6179,3.9922532,4.0255290399999994,1.0,traverse_first-6c308678a8d4,post,2,stark-prime-031,0.23529411764705882,3,0.0,0.0,traverse_first,1.198,1.285,0.7648999999999999,0.347,typed_chain,True
auto_derived_v0.2,tridb_live,0.0,0.0,7957.0,,,stark_prime,0.0,0.0,1,False,20,0.463648,0.5159002,0.52054484,0.0,traverse_first-6e5585f7fa7d,during,2,stark-prime-031,0.0,3,0.0,0.0,traverse_first,0.0,0.019,0.416648,0.028,typed_chain,True
auto_derived_v0.2,tridb_live,0.0,20.0,7957.0,,,stark_prime,1.0,1.0,2,False,100,3.886056,4.3994142,4.44504604,1.0,traverse_first-702b20668df6,during,2,stark-prime-031,0.23529411764705882,3,0.0,0.0,traverse_first,1.352,1.42,0.7774540000000001,0.355,typed_chain,True
auto_derived_v0.2,tridb_live,0.0,0.0,7957.0,,,stark_prime,0.0,0.0,1,False,20,0.442521,0.443043,0.4430894,0.0,traverse_first-76359c42693a,post,2,stark-prime-031,0.0,3,0.0,0.0,traverse_first,0.0,0.016,0.39910100000000004,0.027,typed_chain,True
auto_derived_v0.2,tridb_live,0.0,0.0,7957.0,,,stark_prime,0.0,0.0,1,False,10,0.843315,1.4557091999999998,1.5101442399999998,0.0,traverse_first-7e45a5be9de9,post,2,stark-prime-031,0.0,3,0.0,0.0,traverse_first,0.0,0.019,0.797315,0.029,typed_chain,True
auto_derived_v0.2,tridb_live,0.0,0.0,7957.0,,,stark_prime,0.0,0.0,1,False,50,0.51441,0.8609136000000001,0.89171392,0.0,traverse_first-82c8aed23797,during,2,stark-prime-031,0.0,3,0.0,0.0,traverse_first,0.0,0.019,0.44741000000000003,0.028,typed_chain,True
auto_derived_v0.2,tridb_live,0.0,0.0,7957.0,,,stark_prime,0.0,0.0,1,False,10,0.478572,0.5068977,0.50941554,0.0,traverse_first-8d055dcb7096,during,2,stark-prime-031,0.0,3,0.0,0.0,traverse_first,0.0,0.019,0.431572,0.03,typed_chain,True
auto_derived_v0.2,tridb_live,0.0,1.0,7957.0,,,stark_prime,1.0,1.0,2,False,1,4.30431,5.706904199999999,5.83157924,1.0,traverse_first-92d6d9491887,during,2,stark-prime-031,0.058823529411764705,3,0.0,0.0,traverse_first,1.539,1.485,0.828748,0.359,typed_chain,True
auto_derived_v0.2,tridb_live,0.0,0.0,7957.0,,,stark_prime,0.0,0.0,1,False,1,0.468485,0.4773131,0.47809782,0.0,traverse_first-a6e5d14e469b,post,2,stark-prime-031,0.0,3,0.0,0.0,traverse_first,0.0,0.017,0.424485,0.027,typed_chain,True
auto_derived_v0.2,tridb_live,0.0,5.0,7957.0,,,stark_prime,1.0,1.0,2,False,5,3.892385,4.3151195,4.3526959000000005,1.0,traverse_first-b279d6126ea0,post,2,stark-prime-031,0.17647058823529413,3,0.0,0.0,traverse_first,1.373,1.456,0.7113849999999999,0.352,typed_chain,True
auto_derived_v0.2,tridb_live,0.0,0.0,7957.0,,,stark_prime,0.0,0.0,1,False,100,0.736525,1.7145036999999999,1.80143514,0.0,traverse_first-c289b470b52c,post,2,stark-prime-031,0.0,3,0.0,0.0,traverse_first,0.0,0.022,0.6845249999999999,0.032,typed_chain,True
auto_derived_v0.2,tridb_live,0.0,5.0,7957.0,,,stark_prime,1.0,1.0,2,False,5,4.441395,4.6837614,4.70530508,1.0,traverse_first-cccdd3ed958f,during,2,stark-prime-031,0.17647058823529413,3,0.0,0.0,traverse_first,1.622,1.598,0.8053949999999999,0.383,typed_chain,True
auto_derived_v0.2,tridb_live,0.0,20.0,7957.0,,,stark_prime,1.0,1.0,2,False,20,3.713495,4.2059075,4.249677500000001,1.0,traverse_first-e4d7ef105a79,during,2,stark-prime-031,0.23529411764705882,3,0.0,0.0,traverse_first,1.402,1.346,0.7206200000000003,0.357,typed_chain,True
auto_derived_v0.2,tridb_live,0.0,0.0,7957.0,,,stark_prime,0.0,0.0,1,False,5,0.502494,0.6545796,0.66809832,0.0,traverse_first-f0fdb2bba196,post,2,stark-prime-031,0.0,3,0.0,0.0,traverse_first,0.0,0.019,0.45205100000000004,0.027,typed_chain,True
auto_derived_v0.2,tridb_live,0.0,10.0,7957.0,,,stark_prime,1.0,1.0,2,False,10,3.658052,4.3392602,4.3998120400000005,1.0,traverse_first-f9b36ac9da92,during,2,stark-prime-031,0.17647058823529413,3,0.0,0.0,traverse_first,1.248,1.328,0.7320519999999999,0.35,typed_chain,True
auto_derived_v0.2,tridb_live,0.0,0.0,7957.0,,50.0,stark_prime,0.0,0.0,1,False,50,1.838,2.313677,2.3559594,0.0,vector_first-12e4b447491a,post,2,stark-prime-031,0.0,3,0.0,0.0,vector_first,1.285,0.0,0.5360739999999999,0.048,typed_chain,True
auto_derived_v0.2,tridb_live,0.0,0.0,7957.0,,50.0,stark_prime,0.0,0.0,2,False,50,3.999549,4.2506085,4.2729249,0.0,vector_first-2670324e0bc6,during,2,stark-prime-031,0.0,3,0.0,0.0,vector_first,3.098,0.227,0.558721,0.0,typed_chain,True
auto_derived_v0.2,tridb_live,0.0,0.0,7957.0,,20.0,stark_prime,0.0,0.0,2,False,20,1.76887,1.9895931999999998,2.0092130399999997,0.0,vector_first-27d19d1f923e,during,2,stark-prime-031,0.0,3,0.0,0.0,vector_first,1.174,0.14,0.4588699999999999,0.0,typed_chain,True
auto_derived_v0.2,tridb_live,0.0,0.0,7957.0,,10.0,stark_prime,0.0,0.0,1,False,10,3.648074,4.299008,4.3568688,0.0,vector_first-404f84e6a5f4,post,2,stark-prime-031,0.0,3,0.0,0.0,vector_first,2.569,0.0,0.7563660000000001,0.06,typed_chain,True
auto_derived_v0.2,tridb_live,0.0,0.0,7957.0,,20.0,stark_prime,0.0,0.0,1,False,20,1.794821,2.1054092,2.13301704,0.0,vector_first-4c96de282a3c,during,2,stark-prime-031,0.0,3,0.0,0.0,vector_first,1.202,0.141,0.45182100000000003,0.0,typed_chain,True
auto_derived_v0.2,tridb_live,0.0,0.0,7957.0,,5.0,stark_prime,0.0,0.0,1,False,5,2.09814,3.9673968,4.13355296,0.0,vector_first-539cd672e6b6,post,2,stark-prime-031,0.0,3,0.0,0.0,vector_first,1.28,0.0,0.7751399999999999,0.043,typed_chain,True
auto_derived_v0.2,tridb_live,0.0,0.0,7957.0,,100.0,stark_prime,0.0,0.0,2,False,100,4.423886,4.5747404000000005,4.58814968,0.0,vector_first-736b83dff9a6,post,2,stark-prime-031,0.0,3,0.0,0.0,vector_first,3.375,0.0,0.5768860000000005,0.352,typed_chain,True
auto_derived_v0.2,tridb_live,0.0,0.0,7957.0,,5.0,stark_prime,0.0,0.0,2,False,5,3.799039,4.436266000000001,4.4929084,0.0,vector_first-7462d459aaf5,during,2,stark-prime-031,0.0,3,0.0,0.0,vector_first,3.053,0.114,0.6500690000000002,0.0,typed_chain,True
auto_derived_v0.2,tridb_live,0.0,0.0,7957.0,,1.0,stark_prime,0.0,0.0,2,False,1,3.914189,4.8453352999999995,4.928103859999999,0.0,vector_first-79d7f13154dd,post,2,stark-prime-031,0.0,3,0.0,0.0,vector_first,2.891,0.0,0.5651889999999997,0.458,typed_chain,True
auto_derived_v0.2,tridb_live,0.0,0.0,7957.0,,1.0,stark_prime,0.0,0.0,2,False,1,2.013646,4.0296388,4.20883816,0.0,vector_first-8735078935c5,during,2,stark-prime-031,0.0,3,0.0,0.0,vector_first,1.347,0.045,0.624646,0.0,typed_chain,True
auto_derived_v0.2,tridb_live,0.0,0.0,7957.0,,10.0,stark_prime,0.0,0.0,1,False,10,3.508165,4.8083149,4.92388378,0.0,vector_first-879c2f5ec6a7,during,2,stark-prime-031,0.0,3,0.0,0.0,vector_first,2.827,0.134,0.5351650000000001,0.0,typed_chain,True
auto_derived_v0.2,tridb_live,0.0,0.0,7957.0,,100.0,stark_prime,0.0,0.0,1,False,100,3.141357,4.2599517,4.35938234,0.0,vector_first-95fb2abe9f82,during,2,stark-prime-031,0.0,3,0.0,0.0,vector_first,1.922,0.403,0.5282400000000003,0.046,typed_chain,True
auto_derived_v0.2,tridb_live,0.0,0.0,7957.0,,100.0,stark_prime,0.0,0.0,1,False,100,2.122657,4.833142,5.0740739999999995,0.0,vector_first-9a76384ab2d2,post,2,stark-prime-031,0.0,3,0.0,0.0,vector_first,1.591,0.0,0.4896569999999998,0.042,typed_chain,True
auto_derived_v0.2,tridb_live,0.0,0.0,7957.0,,10.0,stark_prime,0.0,0.0,2,False,10,1.638525,2.2745702999999997,2.33110766,0.0,vector_first-9e027ae921ee,during,2,stark-prime-031,0.0,3,0.0,0.0,vector_first,1.1,0.112,0.42752499999999993,0.0,typed_chain,True
auto_derived_v0.2,tridb_live,0.0,0.0,7957.0,,1.0,stark_prime,0.0,0.0,1,False,1,5.660797,5.6860654,5.68831148,0.0,vector_first-9f2a495d4986,during,2,stark-prime-031,0.0,3,0.0,0.0,vector_first,4.871,0.039,0.7788729999999999,0.0,typed_chain,True
auto_derived_v0.2,tridb_live,0.0,0.0,7957.0,,5.0,stark_prime,0.0,0.0,2,False,5,2.544233,3.9023671999999996,4.023090239999999,0.0,vector_first-a5b8d6da0107,post,2,stark-prime-031,0.0,3,0.0,0.0,vector_first,1.366,0.0,0.6372709999999997,0.332,typed_chain,True
auto_derived_v0.2,tridb_live,0.0,0.0,7957.0,,50.0,stark_prime,0.0,0.0,2,False,50,4.231412,4.533308,4.5601432,0.0,vector_first-a7431c3167bb,post,2,stark-prime-031,0.0,3,0.0,0.0,vector_first,3.121,0.0,0.5954119999999996,0.349,typed_chain,True
auto_derived_v0.2,tridb_live,0.0,0.0,7957.0,,10.0,stark_prime,0.0,0.0,2,False,10,4.100061,4.4051133,4.43222906,0.0,vector_first-a802c228be07,post,2,stark-prime-031,0.0,3,0.0,0.0,vector_first,3.004,0.0,0.638061,0.458,typed_chain,True
auto_derived_v0.2,tridb_live,0.0,0.0,7957.0,,50.0,stark_prime,0.0,0.0,1,False,50,4.062056,4.7505730999999995,4.81177462,0.0,vector_first-b3f469e3373a,during,2,stark-prime-031,0.0,3,0.0,0.0,vector_first,3.273,0.262,0.48605600000000004,0.0,typed_chain,True
auto_derived_v0.2,tridb_live,0.0,0.0,7957.0,,100.0,stark_prime,0.0,0.0,2,False,100,4.622681,5.0098601,5.04427602,0.0,vector_first-b9cbe3a2c022,during,2,stark-prime-031,0.0,3,0.0,0.0,vector_first,3.147,0.381,0.5913410000000003,0.339,typed_chain,True
auto_derived_v0.2,tridb_live,0.0,0.0,7957.0,,1.0,stark_prime,0.0,0.0,1,False,1,1.836897,4.5487329,4.78978498,0.0,vector_first-c1efa57fb2c2,post,2,stark-prime-031,0.0,3,0.0,0.0,vector_first,1.204,0.0,0.5818970000000001,0.051,typed_chain,True
auto_derived_v0.2,tridb_live,0.0,0.0,7957.0,,20.0,stark_prime,0.0,0.0,2,False,20,3.686521,4.616972499999999,4.6996793,0.0,vector_first-c9c7dff0ae35,post,2,stark-prime-031,0.0,3,0.0,0.0,vector_first,2.631,0.0,0.6903559999999995,0.499,typed_chain,True
auto_derived_v0.2,tridb_live,0.0,0.0,7957.0,,20.0,stark_prime,0.0,0.0,1,False,20,3.672112,4.3745449,4.43698338,0.0,vector_first-ce905df43902,post,2,stark-prime-031,0.0,3,0.0,0.0,vector_first,3.065,0.0,0.5511119999999998,0.056,typed_chain,True
auto_derived_v0.2,tridb_live,0.0,0.0,7957.0,,8.0,stark_prime,0.0,0.0,2,True,8,2.150389,4.4484715,4.6527455,0.0,vector_first-ebaeb868fc9b,post,2,stark-prime-031,0.0,3,0.0,0.0,vector_first,1.33,0.0,0.5113890000000001,0.308,typed_chain,True
auto_derived_v0.2,tridb_live,0.0,0.0,7957.0,,5.0,stark_prime,0.0,0.0,1,False,5,2.091654,3.2671908,3.3716829600000002,0.0,vector_first-f0a58d413e0f,during,2,stark-prime-031,0.0,3,0.0,0.0,vector_first,1.377,0.09,0.46080600000000027,0.0,typed_chain,True
auto_derived_v0.2,tridb_live,0.0,1.0,7957.0,,50.0,stark_prime,0.0,0.0,1,False,50,32.375333,32.6013752,32.62146784,0.0,filter_first-03f67415e651,pre,2,stark-prime-032,0.0,3,0.0,0.0,filter_first,31.384,0.0,0.9363329999999976,0.053,typed_chain,True
auto_derived_v0.2,tridb_live,0.0,0.0,7957.0,,20.0,stark_prime,0.0,0.0,1,False,20,34.323269,35.1650219,35.23984438,0.0,filter_first-1cad3c1573b2,pre,2,stark-prime-032,0.0,3,0.0,0.0,filter_first,33.325,0.0,0.9462690000000009,0.06,typed_chain,True
auto_derived_v0.2,tridb_live,0.0,1.0,7957.0,,100.0,stark_prime,0.0,0.0,1,False,100,33.277496,33.642527,33.6749742,0.0,filter_first-2387000dc3a8,pre,2,stark-prime-032,0.0,3,0.0,0.0,filter_first,32.033,0.0,1.068086000000001,0.054,typed_chain,True
auto_derived_v0.2,tridb_live,0.0,18.0,7957.0,,100.0,stark_prime,0.0,1.0,2,False,100,33.941628,33.9883479,33.99250078,0.3333333333333333,filter_first-28ed17c208d7,pre,2,stark-prime-032,1.0,3,0.0,0.0,filter_first,32.247,0.0,0.9665389999999974,0.446,typed_chain,True
auto_derived_v0.2,tridb_live,0.0,12.0,7957.0,,50.0,stark_prime,0.0,1.0,2,False,50,33.556934,33.7718945,33.7910021,0.3333333333333333,filter_first-2d01f654960c,pre,2,stark-prime-032,1.0,3,0.0,0.0,filter_first,31.919,0.0,1.3697790000000012,0.424,typed_chain,True
auto_derived_v0.2,tridb_live,0.0,0.0,7957.0,,1.0,stark_prime,0.0,0.0,2,False,1,1.690866,1.7171748,1.7195133599999999,0.0,filter_first-3a7f1025f729,pre,2,stark-prime-032,0.0,3,0.0,0.0,filter_first,0.859,0.0,0.4920979999999999,0.342,typed_chain,True
auto_derived_v0.2,tridb_live,0.0,4.0,7957.0,,20.0,stark_prime,0.0,1.0,2,False,20,33.9711,34.4412114,34.48299908,0.3333333333333333,filter_first-46ec65dc7fea,pre,2,stark-prime-032,0.5,3,0.0,0.0,filter_first,31.662,0.0,1.1270819999999944,0.417,typed_chain,True
auto_derived_v0.2,tridb_live,0.0,0.0,7957.0,,10.0,stark_prime,0.0,0.0,1,False,10,35.82547,36.3779872,36.42709984,0.0,filter_first-8532bb36e741,pre,2,stark-prime-032,0.0,3,0.0,0.0,filter_first,34.92,0.0,0.8494700000000037,0.051,typed_chain,True
auto_derived_v0.2,tridb_live,0.0,0.0,7957.0,,5.0,stark_prime,0.0,0.0,1,False,5,2.799171,3.0016214999999997,3.0196170999999996,0.0,filter_first-8699218b4a03,pre,2,stark-prime-032,0.0,3,0.0,0.0,filter_first,2.238,0.0,0.5157200000000004,0.046,typed_chain,True
auto_derived_v0.2,tridb_live,0.0,3.0,7957.0,,10.0,stark_prime,0.0,1.0,2,False,10,36.115603,37.7870263,37.93559726,0.3333333333333333,filter_first-88d1f0b4340a,pre,2,stark-prime-032,0.5,3,0.0,0.0,filter_first,34.457,0.0,0.9389669999999981,0.701,typed_chain,True
auto_derived_v0.2,tridb_live,0.0,2.0,7957.0,,5.0,stark_prime,0.0,0.0,2,False,5,1.762831,2.1695338,2.2056851600000003,0.0,filter_first-bb7c33f6d989,pre,2,stark-prime-032,0.0,3,0.0,0.0,filter_first,0.934,0.0,0.480947,0.35,typed_chain,True
auto_derived_v0.2,tridb_live,0.0,0.0,7957.0,,1.0,stark_prime,0.0,0.0,1,False,1,2.909269,4.358449,4.487265,0.0,filter_first-ef43b60e2e3b,pre,2,stark-prime-032,0.0,3,0.0,0.0,filter_first,2.145,0.0,0.737203,0.036,typed_chain,True
auto_derived_v0.2,tridb_live,0.0,1.0,7957.0,,,stark_prime,0.0,0.0,1,False,1,0.716076,1.3034124,1.35562008,0.0,traverse_first-0e65f761853b,during,2,stark-prime-032,0.0,3,0.0,0.0,traverse_first,0.015,0.095,0.579076,0.027,typed_chain,True
auto_derived_v0.2,tridb_live,0.0,1.0,7957.0,,,stark_prime,0.0,0.0,2,False,1,3.196335,3.3316301999999998,3.3436564399999997,0.0,traverse_first-1401f30333f9,post,2,stark-prime-032,0.0,3,0.0,0.0,traverse_first,0.676,1.437,0.740335,0.387,typed_chain,True
auto_derived_v0.2,tridb_live,0.0,20.0,7957.0,,,stark_prime,0.0,1.0,2,False,50,2.577238,3.431923,3.507895,0.3333333333333333,traverse_first-15df7fd20126,post,2,stark-prime-032,1.0,3,0.0,0.0,traverse_first,0.489,1.184,0.5392380000000001,0.369,typed_chain,True
auto_derived_v0.2,tridb_live,0.0,4.0,7957.0,,,stark_prime,0.0,0.0,1,False,50,0.562671,0.5804136000000001,0.5819907200000001,0.0,traverse_first-18e80c0b50a9,post,2,stark-prime-032,0.0,3,0.0,0.0,traverse_first,0.01,0.088,0.437017,0.02,typed_chain,True
auto_derived_v0.2,tridb_live,0.0,4.0,7957.0,,,stark_prime,0.0,0.0,1,False,5,0.615638,0.6353471,0.6370990200000001,0.0,traverse_first-2ef9d31e2115,during,2,stark-prime-032,0.0,3,0.0,0.0,traverse_first,0.013,0.101,0.470638,0.026,typed_chain,True
auto_derived_v0.2,tridb_live,0.0,4.0,7957.0,,,stark_prime,0.0,0.0,1,False,100,0.577953,0.6885612,0.69839304,0.0,traverse_first-3161568b8481,during,2,stark-prime-032,0.0,3,0.0,0.0,traverse_first,0.011,0.087,0.45595300000000005,0.024,typed_chain,True
auto_derived_v0.2,tridb_live,0.0,20.0,7957.0,,,stark_prime,0.0,1.0,2,False,50,2.618056,2.6500644999999996,2.6529097,0.3333333333333333,traverse_first-532feb3a2124,during,2,stark-prime-032,1.0,3,0.0,0.0,traverse_first,0.5,1.216,0.5375400000000004,0.352,typed_chain,True
auto_derived_v0.2,tridb_live,0.0,10.0,7957.0,,,stark_prime,0.0,1.0,2,False,10,2.707869,2.830062,2.8409236,0.3333333333333333,traverse_first-5be44627d46d,post,2,stark-prime-032,1.0,3,0.0,0.0,traverse_first,0.516,1.213,0.6196389999999998,0.358,typed_chain,True
auto_derived_v0.2,tridb_live,0.0,20.0,7957.0,,,stark_prime,0.0,1.0,2,False,20,2.611068,2.7024432,2.71056544,0.3333333333333333,traverse_first-5dac164247a2,post,2,stark-prime-032,1.0,3,0.0,0.0,traverse_first,0.516,1.196,0.5505960000000001,0.355,typed_chain,True
auto_derived_v0.2,tridb_live,0.0,20.0,7957.0,,,stark_prime,0.0,1.0,2,False,100,2.633409,2.7633573,2.77490826,0.3333333333333333,traverse_first-6c308678a8d4,post,2,stark-prime-032,1.0,3,0.0,0.0,traverse_first,0.493,1.19,0.571796,0.365,typed_chain,True
auto_derived_v0.2,tridb_live,0.0,4.0,7957.0,,,stark_prime,0.0,0.0,1,False,20,0.570574,0.6473809,0.65420818,0.0,traverse_first-6e5585f7fa7d,during,2,stark-prime-032,0.0,3,0.0,0.0,traverse_first,0.013,0.089,0.444574,0.024,typed_chain,True
auto_derived_v0.2,tridb_live,0.0,20.0,7957.0,,,stark_prime,0.0,1.0,2,False,100,2.636086,2.640658,2.6410644000000003,0.3333333333333333,traverse_first-702b20668df6,during,2,stark-prime-032,1.0,3,0.0,0.0,traverse_first,0.513,1.2,0.5671660000000003,0.346,typed_chain,True
auto_derived_v0.2,tridb_live,0.0,4.0,7957.0,,,stark_prime,0.0,0.0,1,False,20,0.546092,0.5467751,0.54683582,0.0,traverse_first-76359c42693a,post,2,stark-prime-032,0.0,3,0.0,0.0,traverse_first,0.01,0.086,0.420851,0.023,typed_chain,True
auto_derived_v0.2,tridb_live,0.0,4.0,7957.0,,,stark_prime,0.0,0.0,1,False,10,0.535082,0.5394416,0.53982912,0.0,traverse_first-7e45a5be9de9,post,2,stark-prime-032,0.0,3,0.0,0.0,traverse_first,0.009,0.085,0.42108199999999996,0.023,typed_chain,True
auto_derived_v0.2,tridb_live,0.0,4.0,7957.0,,,stark_prime,0.0,0.0,1,False,50,0.596812,0.6964906000000001,0.70535092,0.0,traverse_first-82c8aed23797,during,2,stark-prime-032,0.0,3,0.0,0.0,traverse_first,0.014,0.102,0.450812,0.026,typed_chain,True
auto_derived_v0.2,tridb_live,0.0,4.0,7957.0,,,stark_prime,0.0,0.0,1,False,10,0.572658,0.6178965,0.6219177,0.0,traverse_first-8d055dcb7096,during,2,stark-prime-032,0.0,3,0.0,0.0,traverse_first,0.01,0.09,0.448658,0.024,typed_chain,True
auto_derived_v0.2,tridb_live,0.0,1.0,7957.0,,,stark_prime,0.0,0.0,2,False,1,3.690788,4.7490269000000005,4.84309258,0.0,traverse_first-92d6d9491887,during,2,stark-prime-032,0.0,3,0.0,0.0,traverse_first,1.017,1.589,0.6897880000000001,0.395,typed_chain,True
auto_derived_v0.2,tridb_live,0.0,1.0,7957.0,,,stark_prime,0.0,0.0,1,False,1,0.629836,0.6770446,0.6812409199999999,0.0,traverse_first-a6e5d14e469b,post,2,stark-prime-032,0.0,3,0.0,0.0,traverse_first,0.009,0.083,0.514836,0.02,typed_chain,True
auto_derived_v0.2,tridb_live,0.0,5.0,7957.0,,,stark_prime,0.0,1.0,2,False,5,2.679509,2.7618005,2.7691153,0.3333333333333333,traverse_first-b279d6126ea0,post,2,stark-prime-032,0.5,3,0.0,0.0,traverse_first,0.521,1.202,0.5919440000000002,0.358,typed_chain,True
auto_derived_v0.2,tridb_live,0.0,4.0,7957.0,,,stark_prime,0.0,0.0,1,False,100,0.550023,0.5517230999999999,0.55187422,0.0,traverse_first-c289b470b52c,post,2,stark-prime-032,0.0,3,0.0,0.0,traverse_first,0.011,0.082,0.43502300000000005,0.021,typed_chain,True
auto_derived_v0.2,tridb_live,0.0,5.0,7957.0,,,stark_prime,0.0,1.0,2,False,5,3.181976,3.2129837,3.21573994,0.3333333333333333,traverse_first-cccdd3ed958f,during,2,stark-prime-032,0.5,3,0.0,0.0,traverse_first,0.557,1.259,0.633429,0.353,typed_chain,True
auto_derived_v0.2,tridb_live,0.0,20.0,7957.0,,,stark_prime,0.0,1.0,2,False,20,2.65033,2.6763049,2.67861378,0.3333333333333333,traverse_first-e4d7ef105a79,during,2,stark-prime-032,1.0,3,0.0,0.0,traverse_first,0.52,1.212,0.5841909999999997,0.361,typed_chain,True
auto_derived_v0.2,tridb_live,0.0,4.0,7957.0,,,stark_prime,0.0,0.0,1,False,5,0.559678,0.5780379999999999,0.57967,0.0,traverse_first-f0fdb2bba196,post,2,stark-prime-032,0.0,3,0.0,0.0,traverse_first,0.012,0.085,0.443678,0.023,typed_chain,True
auto_derived_v0.2,tridb_live,0.0,10.0,7957.0,,,stark_prime,0.0,1.0,2,False,10,2.716772,2.8509349999999998,2.8628606,0.3333333333333333,traverse_first-f9b36ac9da92,during,2,stark-prime-032,1.0,3,0.0,0.0,traverse_first,0.524,1.22,0.6407720000000001,0.359,typed_chain,True
auto_derived_v0.2,tridb_live,0.0,0.0,7957.0,,50.0,stark_prime,0.0,0.0,1,False,50,1.474204,1.4822356,1.48294952,0.0,vector_first-12e4b447491a,post,2,stark-prime-032,0.0,3,0.0,0.0,vector_first,0.928,0.042,0.4666340000000001,0.032,typed_chain,True
auto_derived_v0.2,tridb_live,0.0,4.0,7957.0,,50.0,stark_prime,0.0,1.0,2,False,50,2.02279,2.0543845,2.0571929,0.3333333333333333,vector_first-2670324e0bc6,during,2,stark-prime-032,0.5,3,0.0,0.0,vector_first,0.934,0.225,0.48963899999999994,0.378,typed_chain,True
auto_derived_v0.2,tridb_live,0.0,1.0,7957.0,,20.0,stark_prime,0.0,0.0,2,False,20,1.8201,1.8409188,1.84276936,0.0,vector_first-27d19d1f923e,during,2,stark-prime-032,0.0,3,0.0,0.0,vector_first,0.822,0.144,0.4952319999999999,0.357,typed_chain,True
auto_derived_v0.2,tridb_live,0.0,0.0,7957.0,,10.0,stark_prime,0.0,0.0,1,False,10,1.335561,1.3453404,1.34620968,0.0,vector_first-404f84e6a5f4,post,2,stark-prime-032,0.0,3,0.0,0.0,vector_first,0.781,0.043,0.474561,0.031,typed_chain,True
auto_derived_v0.2,tridb_live,0.0,0.0,7957.0,,20.0,stark_prime,0.0,0.0,1,False,20,1.494342,1.5540524999999998,1.5593601,0.0,vector_first-4c96de282a3c,during,2,stark-prime-032,0.0,3,0.0,0.0,vector_first,0.863,0.137,0.47534200000000015,0.03,typed_chain,True
auto_derived_v0.2,tridb_live,0.0,0.0,7957.0,,5.0,stark_prime,0.0,0.0,1,False,5,1.396222,1.6481599,1.67055438,0.0,vector_first-539cd672e6b6,post,2,stark-prime-032,0.0,3,0.0,0.0,vector_first,0.829,0.036,0.49422200000000005,0.037,typed_chain,True
auto_derived_v0.2,tridb_live,0.0,6.0,7957.0,,100.0,stark_prime,0.0,1.0,2,False,100,2.143999,2.1544255000000003,2.1553523,0.3333333333333333,vector_first-736b83dff9a6,post,2,stark-prime-032,0.5,3,0.0,0.0,vector_first,1.132,0.12,0.506999,0.388,typed_chain,True
auto_derived_v0.2,tridb_live,0.0,0.0,7957.0,,5.0,stark_prime,0.0,0.0,2,False,5,1.395476,1.6894087999999998,1.7155361599999999,0.0,vector_first-7462d459aaf5,during,2,stark-prime-032,0.0,3,0.0,0.0,vector_first,0.792,0.088,0.501387,0.0,typed_chain,True
auto_derived_v0.2,tridb_live,0.0,0.0,7957.0,,1.0,stark_prime,0.0,0.0,2,False,1,1.321059,1.6642362,1.69474084,0.0,vector_first-79d7f13154dd,post,2,stark-prime-032,0.0,3,0.0,0.0,vector_first,0.775,0.032,0.483059,0.035,typed_chain,True
auto_derived_v0.2,tridb_live,0.0,0.0,7957.0,,1.0,stark_prime,0.0,0.0,2,False,1,1.282658,1.2930736999999999,1.29399954,0.0,vector_first-8735078935c5,during,2,stark-prime-032,0.0,3,0.0,0.0,vector_first,0.785,0.036,0.45423099999999994,0.0,typed_chain,True
auto_derived_v0.2,tridb_live,0.0,0.0,7957.0,,10.0,stark_prime,0.0,0.0,1,False,10,1.638236,1.7804567,1.7930985400000001,0.0,vector_first-879c2f5ec6a7,during,2,stark-prime-032,0.0,3,0.0,0.0,vector_first,0.833,0.109,0.666236,0.031,typed_chain,True
auto_derived_v0.2,tridb_live,0.0,0.0,7957.0,,100.0,stark_prime,0.0,0.0,1,False,100,2.074901,2.2304669,2.2442949800000003,0.0,vector_first-95fb2abe9f82,during,2,stark-prime-032,0.0,3,0.0,0.0,vector_first,1.178,0.383,0.480901,0.033,typed_chain,True
auto_derived_v0.2,tridb_live,0.0,0.0,7957.0,,100.0,stark_prime,0.0,0.0,1,False,100,1.630196,1.6543322,1.65647764,0.0,vector_first-9a76384ab2d2,post,2,stark-prime-032,0.0,3,0.0,0.0,vector_first,1.095,0.044,0.46101400000000003,0.034,typed_chain,True
auto_derived_v0.2,tridb_live,0.0,0.0,7957.0,,10.0,stark_prime,0.0,0.0,2,False,10,1.78524,1.8258965999999999,1.82951052,0.0,vector_first-9e027ae921ee,during,2,stark-prime-032,0.0,3,0.0,0.0,vector_first,0.814,0.112,0.4972399999999999,0.344,typed_chain,True
auto_derived_v0.2,tridb_live,0.0,0.0,7957.0,,1.0,stark_prime,0.0,0.0,1,False,1,2.174994,2.2656419999999997,2.2736995999999996,0.0,vector_first-9f2a495d4986,during,2,stark-prime-032,0.0,3,0.0,0.0,vector_first,1.527,0.036,0.5247350000000002,0.0,typed_chain,True
auto_derived_v0.2,tridb_live,0.0,0.0,7957.0,,5.0,stark_prime,0.0,0.0,2,False,5,2.034815,2.0937362,2.09897364,0.0,vector_first-a5b8d6da0107,post,2,stark-prime-032,0.0,3,0.0,0.0,vector_first,0.808,0.031,0.819815,0.37,typed_chain,True
auto_derived_v0.2,tridb_live,0.0,4.0,7957.0,,50.0,stark_prime,0.0,1.0,2,False,50,1.894859,1.9154591,1.91729022,0.3333333333333333,vector_first-a7431c3167bb,post,2,stark-prime-032,0.5,3,0.0,0.0,vector_first,0.945,0.108,0.48066300000000006,0.367,typed_chain,True
auto_derived_v0.2,tridb_live,0.0,0.0,7957.0,,10.0,stark_prime,0.0,0.0,2,False,10,1.742685,1.7671803000000001,1.76935766,0.0,vector_first-a802c228be07,post,2,stark-prime-032,0.0,3,0.0,0.0,vector_first,0.801,0.046,0.5069020000000002,0.344,typed_chain,True
auto_derived_v0.2,tridb_live,0.0,0.0,7957.0,,50.0,stark_prime,0.0,0.0,1,False,50,1.713239,1.8737675,1.8880367,0.0,vector_first-b3f469e3373a,during,2,stark-prime-032,0.0,3,0.0,0.0,vector_first,0.988,0.23,0.47331499999999993,0.032,typed_chain,True
auto_derived_v0.2,tridb_live,0.0,6.0,7957.0,,100.0,stark_prime,0.0,1.0,2,False,100,2.351981,2.4232763,2.4296136600000002,0.3333333333333333,vector_first-b9cbe3a2c022,during,2,stark-prime-032,0.5,3,0.0,0.0,vector_first,1.094,0.369,0.4989809999999999,0.39,typed_chain,True
auto_derived_v0.2,tridb_live,0.0,0.0,7957.0,,1.0,stark_prime,0.0,0.0,1,False,1,1.414039,1.7663602,1.79767764,0.0,vector_first-c1efa57fb2c2,post,2,stark-prime-032,0.0,3,0.0,0.0,vector_first,0.853,0.033,0.496039,0.033,typed_chain,True
auto_derived_v0.2,tridb_live,0.0,1.0,7957.0,,20.0,stark_prime,0.0,0.0,2,False,20,1.772294,1.8132557,1.81689674,0.0,vector_first-c9c7dff0ae35,post,2,stark-prime-032,0.0,3,0.0,0.0,vector_first,0.86,0.059,0.502294,0.349,typed_chain,True
auto_derived_v0.2,tridb_live,0.0,0.0,7957.0,,20.0,stark_prime,0.0,0.0,1,False,20,1.363044,1.6998077999999999,1.72974236,0.0,vector_first-ce905df43902,post,2,stark-prime-032,0.0,3,0.0,0.0,vector_first,0.818,0.042,0.4680439999999999,0.032,typed_chain,True
auto_derived_v0.2,tridb_live,0.0,0.0,7957.0,,8.0,stark_prime,0.0,0.0,2,True,8,2.00996,2.0276063,2.02917486,0.0,vector_first-ebaeb868fc9b,post,2,stark-prime-032,0.0,3,0.0,0.0,vector_first,0.811,0.045,0.8053760000000001,0.346,typed_chain,True
auto_derived_v0.2,tridb_live,0.0,0.0,7957.0,,5.0,stark_prime,0.0,0.0,1,False,5,1.784988,1.7950032,1.79589344,0.0,vector_first-f0a58d413e0f,during,2,stark-prime-032,0.0,3,0.0,0.0,vector_first,0.8,0.094,0.811988,0.0,typed_chain,True
auto_derived_v0.2,tridb_live,0.0,0.0,7957.0,,50.0,stark_prime,0.0,0.0,1,False,50,25.117468,25.1867527,25.192911340000002,0.0,filter_first-03f67415e651,pre,2,stark-prime-033,0.0,3,0.0,0.0,filter_first,24.427,0.0,0.6484510000000014,0.052,typed_chain,True
auto_derived_v0.2,tridb_live,0.0,0.0,7957.0,,20.0,stark_prime,0.0,0.0,1,False,20,25.261907,25.392695,25.4043206,0.0,filter_first-1cad3c1573b2,pre,2,stark-prime-033,0.0,3,0.0,0.0,filter_first,24.448,0.0,0.730907000000002,0.049,typed_chain,True
auto_derived_v0.2,tridb_live,0.0,0.0,7957.0,,100.0,stark_prime,0.0,0.0,1,False,100,25.256089,25.4438407,25.46052974,0.0,filter_first-2387000dc3a8,pre,2,stark-prime-033,0.0,3,0.0,0.0,filter_first,24.256,0.0,0.9490890000000007,0.051,typed_chain,True
auto_derived_v0.2,tridb_live,0.0,0.0,7957.0,,100.0,stark_prime,0.0,0.0,2,False,100,25.518838,25.7421118,25.761958359999998,0.0,filter_first-28ed17c208d7,pre,2,stark-prime-033,0.0,3,0.0,0.0,filter_first,24.492,0.0,0.7448379999999979,0.217,typed_chain,True
auto_derived_v0.2,tridb_live,0.0,0.0,7957.0,,50.0,stark_prime,0.0,0.0,2,False,50,25.411845,25.659831,25.6818742,0.0,filter_first-2d01f654960c,pre,2,stark-prime-033,0.0,3,0.0,0.0,filter_first,24.37,0.0,0.9058449999999993,0.207,typed_chain,True
auto_derived_v0.2,tridb_live,0.0,0.0,7957.0,,1.0,stark_prime,0.0,0.0,2,False,1,4.990456,5.1227209,5.13447778,0.0,filter_first-3a7f1025f729,pre,2,stark-prime-033,0.0,3,0.0,0.0,filter_first,4.086,0.0,0.7394559999999997,0.167,typed_chain,True
auto_derived_v0.2,tridb_live,0.0,0.0,7957.0,,20.0,stark_prime,0.0,0.0,2,False,20,25.360851,25.636727999999998,25.6612504,0.0,filter_first-46ec65dc7fea,pre,2,stark-prime-033,0.0,3,0.0,0.0,filter_first,24.497,0.0,0.735361000000001,0.2,typed_chain,True
auto_derived_v0.2,tridb_live,0.0,0.0,7957.0,,10.0,stark_prime,0.0,0.0,1,False,10,25.449712,26.2081087,26.27552174,0.0,filter_first-8532bb36e741,pre,2,stark-prime-033,0.0,3,0.0,0.0,filter_first,24.5,0.0,1.0185069999999996,0.051,typed_chain,True
auto_derived_v0.2,tridb_live,0.0,0.0,7957.0,,5.0,stark_prime,0.0,0.0,1,False,5,4.684472,5.3192105000000005,5.3756317000000005,0.0,filter_first-8699218b4a03,pre,2,stark-prime-033,0.0,3,0.0,0.0,filter_first,3.912,0.0,0.7364720000000005,0.036,typed_chain,True
auto_derived_v0.2,tridb_live,0.0,0.0,7957.0,,10.0,stark_prime,0.0,0.0,2,False,10,25.556334,25.7733168,25.79260416,0.0,filter_first-88d1f0b4340a,pre,2,stark-prime-033,0.0,3,0.0,0.0,filter_first,24.551,0.0,0.7953340000000004,0.199,typed_chain,True
auto_derived_v0.2,tridb_live,0.0,0.0,7957.0,,5.0,stark_prime,0.0,0.0,2,False,5,4.532735,4.8219932,4.84770504,0.0,filter_first-bb7c33f6d989,pre,2,stark-prime-033,0.0,3,0.0,0.0,filter_first,3.83,0.0,0.5268700000000002,0.178,typed_chain,True
auto_derived_v0.2,tridb_live,0.0,0.0,7957.0,,1.0,stark_prime,0.0,0.0,1,False,1,5.715223,11.622129099999999,12.14718742,0.0,filter_first-ef43b60e2e3b,pre,2,stark-prime-033,0.0,3,0.0,0.0,filter_first,4.984,0.0,0.6902229999999996,0.039,typed_chain,True
auto_derived_v0.2,tridb_live,0.0,0.0,7957.0,,,stark_prime,0.0,0.0,1,False,1,0.587551,0.9214140999999999,0.95109082,0.0,traverse_first-0e65f761853b,during,2,stark-prime-033,0.0,3,0.0,0.0,traverse_first,0.0,0.084,0.47955100000000006,0.024,typed_chain,True
auto_derived_v0.2,tridb_live,0.0,1.0,7957.0,,,stark_prime,1.0,1.0,2,False,1,1.201611,1.2105633,1.21135906,1.0,traverse_first-1401f30333f9,post,2,stark-prime-033,0.16666666666666666,3,0.0,0.0,traverse_first,0.021,0.565,0.475611,0.145,typed_chain,True
auto_derived_v0.2,tridb_live,0.0,6.0,7957.0,,,stark_prime,1.0,1.0,2,False,50,1.226292,1.3464051,1.3570818199999999,1.0,traverse_first-15df7fd20126,post,2,stark-prime-033,1.0,3,0.0,0.0,traverse_first,0.018,0.57,0.49075099999999994,0.147,typed_chain,True
auto_derived_v0.2,tridb_live,0.0,0.0,7957.0,,,stark_prime,0.0,0.0,1,False,50,0.553112,0.5772031999999999,0.57934464,0.0,traverse_first-18e80c0b50a9,post,2,stark-prime-033,0.0,3,0.0,0.0,traverse_first,0.0,0.078,0.4561120000000001,0.019,typed_chain,True
auto_derived_v0.2,tridb_live,0.0,0.0,7957.0,,,stark_prime,0.0,0.0,1,False,5,0.548609,0.5571878,0.55795036,0.0,traverse_first-2ef9d31e2115,during,2,stark-prime-033,0.0,3,0.0,0.0,traverse_first,0.0,0.078,0.439609,0.018,typed_chain,True
auto_derived_v0.2,tridb_live,0.0,0.0,7957.0,,,stark_prime,0.0,0.0,1,False,100,0.595435,1.0083082,1.0450080400000001,0.0,traverse_first-3161568b8481,during,2,stark-prime-033,0.0,3,0.0,0.0,traverse_first,0.0,0.105,0.46443500000000004,0.026,typed_chain,True
auto_derived_v0.2,tridb_live,0.0,6.0,7957.0,,,stark_prime,1.0,1.0,2,False,50,1.296274,1.3227583,1.32511246,1.0,traverse_first-532feb3a2124,during,2,stark-prime-033,1.0,3,0.0,0.0,traverse_first,0.022,0.604,0.48177799999999993,0.15,typed_chain,True
auto_derived_v0.2,tridb_live,0.0,6.0,7957.0,,,stark_prime,1.0,1.0,2,False,10,1.210897,2.2267774,2.3170778800000003,1.0,traverse_first-5be44627d46d,post,2,stark-prime-033,1.0,3,0.0,0.0,traverse_first,0.021,0.565,0.4788969999999999,0.15,typed_chain,True
auto_derived_v0.2,tridb_live,0.0,6.0,7957.0,,,stark_prime,1.0,1.0,2,False,20,1.212958,1.6507045,1.6896153,1.0,traverse_first-5dac164247a2,post,2,stark-prime-033,1.0,3,0.0,0.0,traverse_first,0.02,0.569,0.477958,0.152,typed_chain,True
auto_derived_v0.2,tridb_live,0.0,6.0,7957.0,,,stark_prime,1.0,1.0,2,False,100,1.197629,1.2320054,1.23506108,1.0,traverse_first-6c308678a8d4,post,2,stark-prime-033,1.0,3,0.0,0.0,traverse_first,0.02,0.568,0.4726290000000001,0.145,typed_chain,True
auto_derived_v0.2,tridb_live,0.0,0.0,7957.0,,,stark_prime,0.0,0.0,1,False,20,1.014746,1.0320827,1.03362374,0.0,traverse_first-6e5585f7fa7d,during,2,stark-prime-033,0.0,3,0.0,0.0,traverse_first,0.0,0.156,0.830746,0.037,typed_chain,True
auto_derived_v0.2,tridb_live,0.0,6.0,7957.0,,,stark_prime,1.0,1.0,2,False,100,1.246444,1.2601897,1.2614115399999999,1.0,traverse_first-702b20668df6,during,2,stark-prime-033,1.0,3,0.0,0.0,traverse_first,0.022,0.597,0.46592,0.153,typed_chain,True
auto_derived_v0.2,tridb_live,0.0,0.0,7957.0,,,stark_prime,0.0,0.0,1,False,20,1.007958,1.0154756999999999,1.0161439399999999,0.0,traverse_first-76359c42693a,post,2,stark-prime-033,0.0,3,0.0,0.0,traverse_first,0.0,0.151,0.8216410000000001,0.038,typed_chain,True
auto_derived_v0.2,tridb_live,0.0,0.0,7957.0,,,stark_prime,0.0,0.0,1,False,10,0.512706,0.5789837999999999,0.58487516,0.0,traverse_first-7e45a5be9de9,post,2,stark-prime-033,0.0,3,0.0,0.0,traverse_first,0.0,0.076,0.419706,0.017,typed_chain,True
auto_derived_v0.2,tridb_live,0.0,0.0,7957.0,,,stark_prime,0.0,0.0,1,False,50,0.530128,0.5682466,0.57163492,0.0,traverse_first-82c8aed23797,during,2,stark-prime-033,0.0,3,0.0,0.0,traverse_first,0.0,0.08,0.43012800000000007,0.02,typed_chain,True
auto_derived_v0.2,tridb_live,0.0,0.0,7957.0,,,stark_prime,0.0,0.0,1,False,10,0.550492,0.8641348,0.89201416,0.0,traverse_first-8d055dcb7096,during,2,stark-prime-033,0.0,3,0.0,0.0,traverse_first,0.0,0.076,0.44818800000000003,0.02,typed_chain,True
auto_derived_v0.2,tridb_live,0.0,1.0,7957.0,,,stark_prime,1.0,1.0,2,False,1,1.285477,1.4326306,1.44571092,1.0,traverse_first-92d6d9491887,during,2,stark-prime-033,0.16666666666666666,3,0.0,0.0,traverse_first,0.021,0.647,0.47047700000000003,0.147,typed_chain,True
auto_derived_v0.2,tridb_live,0.0,0.0,7957.0,,,stark_prime,0.0,0.0,1,False,1,0.513628,0.5320501000000001,0.53368762,0.0,traverse_first-a6e5d14e469b,post,2,stark-prime-033,0.0,3,0.0,0.0,traverse_first,0.0,0.076,0.421628,0.017,typed_chain,True
auto_derived_v0.2,tridb_live,0.0,5.0,7957.0,,,stark_prime,1.0,1.0,2,False,5,1.20374,1.2099959,1.21055198,1.0,traverse_first-b279d6126ea0,post,2,stark-prime-033,0.8333333333333334,3,0.0,0.0,traverse_first,0.018,0.56,0.479691,0.148,typed_chain,True
auto_derived_v0.2,tridb_live,0.0,0.0,7957.0,,,stark_prime,0.0,0.0,1,False,100,0.51823,0.5256604,0.52632088,0.0,traverse_first-c289b470b52c,post,2,stark-prime-033,0.0,3,0.0,0.0,traverse_first,0.0,0.079,0.42023,0.019,typed_chain,True
auto_derived_v0.2,tridb_live,0.0,5.0,7957.0,,,stark_prime,1.0,1.0,2,False,5,1.210289,1.2176267,1.21827894,1.0,traverse_first-cccdd3ed958f,during,2,stark-prime-033,0.8333333333333334,3,0.0,0.0,traverse_first,0.021,0.564,0.47615200000000013,0.146,typed_chain,True
auto_derived_v0.2,tridb_live,0.0,6.0,7957.0,,,stark_prime,1.0,1.0,2,False,20,1.617766,1.9498345,1.9793517,1.0,traverse_first-e4d7ef105a79,during,2,stark-prime-033,1.0,3,0.0,0.0,traverse_first,0.024,0.618,0.815766,0.16,typed_chain,True
auto_derived_v0.2,tridb_live,0.0,0.0,7957.0,,,stark_prime,0.0,0.0,1,False,5,0.54359,0.5516819,0.5524011799999999,0.0,traverse_first-f0fdb2bba196,post,2,stark-prime-033,0.0,3,0.0,0.0,traverse_first,0.0,0.078,0.44259000000000004,0.017,typed_chain,True
auto_derived_v0.2,tridb_live,0.0,6.0,7957.0,,,stark_prime,1.0,1.0,2,False,10,1.181832,1.1924007,1.19334014,1.0,traverse_first-f9b36ac9da92,during,2,stark-prime-033,1.0,3,0.0,0.0,traverse_first,0.019,0.558,0.454832,0.148,typed_chain,True
auto_derived_v0.2,tridb_live,0.0,0.0,7957.0,,50.0,stark_prime,0.0,0.0,1,False,50,1.268693,1.2906269,1.29257658,0.0,vector_first-12e4b447491a,post,2,stark-prime-033,0.0,3,0.0,0.0,vector_first,0.79,0.0,0.45328999999999997,0.032,typed_chain,True
auto_derived_v0.2,tridb_live,0.0,0.0,7957.0,,50.0,stark_prime,0.0,0.0,2,False,50,1.433601,1.4418864,1.44262288,0.0,vector_first-2670324e0bc6,during,2,stark-prime-033,0.0,3,0.0,0.0,vector_first,0.778,0.211,0.43958300000000006,0.0,typed_chain,True
auto_derived_v0.2,tridb_live,0.0,0.0,7957.0,,20.0,stark_prime,0.0,0.0,2,False,20,1.276611,1.3992009,1.41009778,0.0,vector_first-27d19d1f923e,during,2,stark-prime-033,0.0,3,0.0,0.0,vector_first,0.682,0.14,0.45458200000000015,0.0,typed_chain,True
auto_derived_v0.2,tridb_live,0.0,0.0,7957.0,,10.0,stark_prime,0.0,0.0,1,False,10,1.127949,1.1316147,1.13194054,0.0,vector_first-404f84e6a5f4,post,2,stark-prime-033,0.0,3,0.0,0.0,vector_first,0.65,0.0,0.44602200000000003,0.031,typed_chain,True
auto_derived_v0.2,tridb_live,0.0,0.0,7957.0,,20.0,stark_prime,0.0,0.0,1,False,20,1.239894,1.2995217,1.3048219399999998,0.0,vector_first-4c96de282a3c,during,2,stark-prime-033,0.0,3,0.0,0.0,vector_first,0.679,0.139,0.4218940000000001,0.0,typed_chain,True
auto_derived_v0.2,tridb_live,0.0,0.0,7957.0,,5.0,stark_prime,0.0,0.0,1,False,5,1.129254,1.5039384,1.53724368,0.0,vector_first-539cd672e6b6,post,2,stark-prime-033,0.0,3,0.0,0.0,vector_first,0.643,0.0,0.467696,0.033,typed_chain,True
auto_derived_v0.2,tridb_live,0.0,0.0,7957.0,,100.0,stark_prime,0.0,0.0,2,False,100,1.928196,2.4104672999999996,2.4533358599999997,0.0,vector_first-736b83dff9a6,post,2,stark-prime-033,0.0,3,0.0,0.0,vector_first,0.944,0.1,0.704196,0.182,typed_chain,True
auto_derived_v0.2,tridb_live,0.0,0.0,7957.0,,5.0,stark_prime,0.0,0.0,2,False,5,1.142923,1.1540902000000002,1.1550828400000002,0.0,vector_first-7462d459aaf5,during,2,stark-prime-033,0.0,3,0.0,0.0,vector_first,0.629,0.082,0.4280410000000001,0.0,typed_chain,True
auto_derived_v0.2,tridb_live,0.0,0.0,7957.0,,1.0,stark_prime,0.0,0.0,2,False,1,1.238674,1.2575398,1.25921676,0.0,vector_first-79d7f13154dd,post,2,stark-prime-033,0.0,3,0.0,0.0,vector_first,0.614,0.0,0.46067400000000003,0.155,typed_chain,True
auto_derived_v0.2,tridb_live,0.0,0.0,7957.0,,1.0,stark_prime,0.0,0.0,2,False,1,1.075531,1.0811011,1.08159622,0.0,vector_first-8735078935c5,during,2,stark-prime-033,0.0,3,0.0,0.0,vector_first,0.614,0.034,0.42672,0.0,typed_chain,True
auto_derived_v0.2,tridb_live,0.0,0.0,7957.0,,10.0,stark_prime,0.0,0.0,1,False,10,1.202601,1.2480788999999999,1.25212138,0.0,vector_first-879c2f5ec6a7,during,2,stark-prime-033,0.0,3,0.0,0.0,vector_first,0.661,0.108,0.43613199999999996,0.0,typed_chain,True
auto_derived_v0.2,tridb_live,0.0,0.0,7957.0,,100.0,stark_prime,0.0,0.0,1,False,100,1.80176,1.9219532,1.93263704,0.0,vector_first-95fb2abe9f82,during,2,stark-prime-033,0.0,3,0.0,0.0,vector_first,0.99,0.358,0.45375999999999994,0.0,typed_chain,True
auto_derived_v0.2,tridb_live,0.0,0.0,7957.0,,100.0,stark_prime,0.0,0.0,1,False,100,1.427916,1.4351493,1.43579226,0.0,vector_first-9a76384ab2d2,post,2,stark-prime-033,0.0,3,0.0,0.0,vector_first,0.924,0.0,0.46239799999999986,0.031,typed_chain,True
auto_derived_v0.2,tridb_live,0.0,0.0,7957.0,,10.0,stark_prime,0.0,0.0,2,False,10,1.165602,1.1785790999999999,1.17973262,0.0,vector_first-9e027ae921ee,during,2,stark-prime-033,0.0,3,0.0,0.0,vector_first,0.632,0.106,0.424021,0.0,typed_chain,True
auto_derived_v0.2,tridb_live,0.0,0.0,7957.0,,1.0,stark_prime,0.0,0.0,1,False,1,1.687424,1.8998267,1.91870694,0.0,vector_first-9f2a495d4986,during,2,stark-prime-033,0.0,3,0.0,0.0,vector_first,1.227,0.032,0.43828100000000003,0.0,typed_chain,True
auto_derived_v0.2,tridb_live,0.0,0.0,7957.0,,5.0,stark_prime,0.0,0.0,2,False,5,1.256289,1.3470882,1.35515924,0.0,vector_first-a5b8d6da0107,post,2,stark-prime-033,0.0,3,0.0,0.0,vector_first,0.643,0.0,0.45628899999999994,0.158,typed_chain,True
auto_derived_v0.2,tridb_live,0.0,0.0,7957.0,,50.0,stark_prime,0.0,0.0,2,False,50,1.497286,1.499905,1.5001378,0.0,vector_first-a7431c3167bb,post,2,stark-prime-033,0.0,3,0.0,0.0,vector_first,0.785,0.07,0.46319600000000016,0.167,typed_chain,True
auto_derived_v0.2,tridb_live,0.0,0.0,7957.0,,10.0,stark_prime,0.0,0.0,2,False,10,1.288971,1.2971097,1.29783314,0.0,vector_first-a802c228be07,post,2,stark-prime-033,0.0,3,0.0,0.0,vector_first,0.639,0.029,0.4549710000000001,0.166,typed_chain,True
auto_derived_v0.2,tridb_live,0.0,0.0,7957.0,,50.0,stark_prime,0.0,0.0,1,False,50,1.48415,1.5596339000000001,1.56634358,0.0,vector_first-b3f469e3373a,during,2,stark-prime-033,0.0,3,0.0,0.0,vector_first,0.826,0.219,0.43915000000000015,0.0,typed_chain,True
auto_derived_v0.2,tridb_live,0.0,0.0,7957.0,,100.0,stark_prime,0.0,0.0,2,False,100,1.735178,1.7563298,1.75820996,0.0,vector_first-b9cbe3a2c022,during,2,stark-prime-033,0.0,3,0.0,0.0,vector_first,0.937,0.348,0.4501780000000002,0.0,typed_chain,True
auto_derived_v0.2,tridb_live,0.0,0.0,7957.0,,1.0,stark_prime,0.0,0.0,1,False,1,1.11314,1.1515421000000001,1.1549556200000002,0.0,vector_first-c1efa57fb2c2,post,2,stark-prime-033,0.0,3,0.0,0.0,vector_first,0.643,0.0,0.4472369999999999,0.031,typed_chain,True
auto_derived_v0.2,tridb_live,0.0,0.0,7957.0,,20.0,stark_prime,0.0,0.0,2,False,20,1.396881,1.6788888,1.70395616,0.0,vector_first-c9c7dff0ae35,post,2,stark-prime-033,0.0,3,0.0,0.0,vector_first,0.678,0.056,0.479881,0.16,typed_chain,True
auto_derived_v0.2,tridb_live,0.0,0.0,7957.0,,20.0,stark_prime,0.0,0.0,1,False,20,1.16737,1.1739751,1.17456222,0.0,vector_first-ce905df43902,post,2,stark-prime-033,0.0,3,0.0,0.0,vector_first,0.687,0.0,0.44937000000000005,0.031,typed_chain,True
auto_derived_v0.2,tridb_live,0.0,0.0,7957.0,,8.0,stark_prime,0.0,0.0,2,True,8,1.288908,1.2968649,1.29757218,0.0,vector_first-ebaeb868fc9b,post,2,stark-prime-033,0.0,3,0.0,0.0,vector_first,0.646,0.031,0.455908,0.156,typed_chain,True
auto_derived_v0.2,tridb_live,0.0,0.0,7957.0,,5.0,stark_prime,0.0,0.0,1,False,5,1.179356,1.1943967999999998,1.19573376,0.0,vector_first-f0a58d413e0f,during,2,stark-prime-033,0.0,3,0.0,0.0,vector_first,0.643,0.084,0.4360679999999999,0.0,typed_chain,True
auto_derived_v0.2,tridb_live,0.0,0.0,4176.0,,50.0,stark_prime,0.0,0.0,1,False,50,13.642918,13.644300399999999,13.64442328,0.0,filter_first-03f67415e651,pre,2,stark-prime-034,0.0,3,0.0,0.0,filter_first,12.583,0.0,0.9664539999999988,0.042,typed_chain,True
auto_derived_v0.2,tridb_live,0.0,0.0,4176.0,,20.0,stark_prime,0.0,0.0,1,False,20,13.470714,13.4851635,13.4864479,0.0,filter_first-1cad3c1573b2,pre,2,stark-prime-034,0.0,3,0.0,0.0,filter_first,12.494,0.0,0.9414300000000004,0.041,typed_chain,True
auto_derived_v0.2,tridb_live,0.0,0.0,4176.0,,100.0,stark_prime,0.0,0.0,1,False,100,13.458816,13.621898700000001,13.63639494,0.0,filter_first-2387000dc3a8,pre,2,stark-prime-034,0.0,3,0.0,0.0,filter_first,12.493,0.0,0.9087700000000005,0.042,typed_chain,True
auto_derived_v0.2,tridb_live,0.0,0.0,4176.0,,100.0,stark_prime,0.0,0.0,2,False,100,13.735451,13.890313999999998,13.9040796,0.0,filter_first-28ed17c208d7,pre,2,stark-prime-034,0.0,3,0.0,0.0,filter_first,12.523,0.0,1.0554509999999997,0.136,typed_chain,True
auto_derived_v0.2,tridb_live,0.0,0.0,4176.0,,50.0,stark_prime,0.0,0.0,2,False,50,13.507401,13.6426017,13.65461954,0.0,filter_first-2d01f654960c,pre,2,stark-prime-034,0.0,3,0.0,0.0,filter_first,12.462,0.0,0.9366240000000001,0.125,typed_chain,True
auto_derived_v0.2,tridb_live,0.0,0.0,4176.0,,1.0,stark_prime,0.0,0.0,2,False,1,1.302026,1.3598141000000001,1.36495082,0.0,filter_first-3a7f1025f729,pre,2,stark-prime-034,0.0,3,0.0,0.0,filter_first,0.679,0.0,0.48302599999999996,0.101,typed_chain,True
auto_derived_v0.2,tridb_live,0.0,0.0,4176.0,,20.0,stark_prime,0.0,0.0,2,False,20,13.629255,13.720571699999999,13.728688739999999,0.0,filter_first-46ec65dc7fea,pre,2,stark-prime-034,0.0,3,0.0,0.0,filter_first,12.529,0.0,0.8792550000000006,0.126,typed_chain,True
auto_derived_v0.2,tridb_live,0.0,0.0,4176.0,,10.0,stark_prime,0.0,0.0,1,False,10,13.361612,13.5528368,13.569834559999999,0.0,filter_first-8532bb36e741,pre,2,stark-prime-034,0.0,3,0.0,0.0,filter_first,12.754,0.0,0.6477949999999986,0.04,typed_chain,True
auto_derived_v0.2,tridb_live,0.0,0.0,4176.0,,5.0,stark_prime,0.0,0.0,1,False,5,14.988166,17.7722773,18.01975386,0.0,filter_first-8699218b4a03,pre,2,stark-prime-034,0.0,3,0.0,0.0,filter_first,13.692,0.0,0.6488230000000001,0.039,typed_chain,True
auto_derived_v0.2,tridb_live,0.0,0.0,4176.0,,10.0,stark_prime,0.0,0.0,2,False,10,13.313725,13.6279258,13.65585476,0.0,filter_first-88d1f0b4340a,pre,2,stark-prime-034,0.0,3,0.0,0.0,filter_first,12.575,0.0,0.5998070000000002,0.125,typed_chain,True
auto_derived_v0.2,tridb_live,0.0,0.0,4176.0,,5.0,stark_prime,0.0,0.0,2,False,5,13.577987,13.651513399999999,13.65804908,0.0,filter_first-bb7c33f6d989,pre,2,stark-prime-034,0.0,3,0.0,0.0,filter_first,12.711,0.0,0.7136829999999996,0.124,typed_chain,True
auto_derived_v0.2,tridb_live,0.0,0.0,4176.0,,1.0,stark_prime,0.0,0.0,1,False,1,1.529796,1.7031026999999999,1.71850774,0.0,filter_first-ef43b60e2e3b,pre,2,stark-prime-034,0.0,3,0.0,0.0,filter_first,1.026,0.0,0.476796,0.027,typed_chain,True
auto_derived_v0.2,tridb_live,0.0,0.0,4176.0,,,stark_prime,0.0,0.0,1,False,1,0.599702,0.8302118,0.8507015600000001,0.0,traverse_first-0e65f761853b,during,2,stark-prime-034,0.0,3,0.0,0.0,traverse_first,0.0,0.046,0.521702,0.028,typed_chain,True
auto_derived_v0.2,tridb_live,0.0,1.0,4176.0,,,stark_prime,1.0,1.0,2,False,1,0.943121,0.948152,0.9485992,1.0,traverse_first-1401f30333f9,post,2,stark-prime-034,0.1,3,0.0,0.0,traverse_first,0.032,0.386,0.44371099999999997,0.085,typed_chain,True
auto_derived_v0.2,tridb_live,0.0,10.0,4176.0,,,stark_prime,1.0,1.0,2,False,50,1.036376,1.1378276,1.14684552,1.0,traverse_first-15df7fd20126,post,2,stark-prime-034,1.0,3,0.0,0.0,traverse_first,0.032,0.414,0.4833759999999999,0.094,typed_chain,True
auto_derived_v0.2,tridb_live,0.0,0.0,4176.0,,,stark_prime,0.0,0.0,1,False,50,0.43849,0.4427461,0.44312441999999996,0.0,traverse_first-18e80c0b50a9,post,2,stark-prime-034,0.0,3,0.0,0.0,traverse_first,0.0,0.018,0.40948999999999997,0.013,typed_chain,True
auto_derived_v0.2,tridb_live,0.0,0.0,4176.0,,,stark_prime,0.0,0.0,1,False,5,0.445663,0.4610935,0.4624651,0.0,traverse_first-2ef9d31e2115,during,2,stark-prime-034,0.0,3,0.0,0.0,traverse_first,0.0,0.017,0.414663,0.014,typed_chain,True
auto_derived_v0.2,tridb_live,0.0,0.0,4176.0,,,stark_prime,0.0,0.0,1,False,100,0.455774,0.49568809999999996,0.49923602,0.0,traverse_first-3161568b8481,during,2,stark-prime-034,0.0,3,0.0,0.0,traverse_first,0.0,0.021,0.41977400000000004,0.015,typed_chain,True
auto_derived_v0.2,tridb_live,0.0,10.0,4176.0,,,stark_prime,1.0,1.0,2,False,50,0.946718,0.9467819,0.94678758,1.0,traverse_first-532feb3a2124,during,2,stark-prime-034,1.0,3,0.0,0.0,traverse_first,0.03,0.39,0.43571799999999994,0.089,typed_chain,True
auto_derived_v0.2,tridb_live,0.0,10.0,4176.0,,,stark_prime,1.0,1.0,2,False,10,0.937548,0.94113,0.9414484000000001,1.0,traverse_first-5be44627d46d,post,2,stark-prime-034,1.0,3,0.0,0.0,traverse_first,0.027,0.377,0.440786,0.09,typed_chain,True
auto_derived_v0.2,tridb_live,0.0,10.0,4176.0,,,stark_prime,1.0,1.0,2,False,20,0.968037,0.9748689,0.97547618,1.0,traverse_first-5dac164247a2,post,2,stark-prime-034,1.0,3,0.0,0.0,traverse_first,0.03,0.375,0.454037,0.093,typed_chain,True
auto_derived_v0.2,tridb_live,0.0,10.0,4176.0,,,stark_prime,1.0,1.0,2,False,100,0.933763,0.9464224,0.94754768,1.0,traverse_first-6c308678a8d4,post,2,stark-prime-034,1.0,3,0.0,0.0,traverse_first,0.028,0.372,0.441523,0.095,typed_chain,True
auto_derived_v0.2,tridb_live,0.0,0.0,4176.0,,,stark_prime,0.0,0.0,1,False,20,0.464101,0.49868080000000004,0.5017545600000001,0.0,traverse_first-6e5585f7fa7d,during,2,stark-prime-034,0.0,3,0.0,0.0,traverse_first,0.0,0.032,0.415101,0.017,typed_chain,True
auto_derived_v0.2,tridb_live,0.0,10.0,4176.0,,,stark_prime,1.0,1.0,2,False,100,0.983481,0.9923163,0.99310166,1.0,traverse_first-702b20668df6,during,2,stark-prime-034,1.0,3,0.0,0.0,traverse_first,0.033,0.399,0.45554300000000003,0.091,typed_chain,True
auto_derived_v0.2,tridb_live,0.0,0.0,4176.0,,,stark_prime,0.0,0.0,1,False,20,0.456074,0.8264996,0.8594263200000001,0.0,traverse_first-76359c42693a,post,2,stark-prime-034,0.0,3,0.0,0.0,traverse_first,0.0,0.018,0.42307399999999995,0.014,typed_chain,True
auto_derived_v0.2,tridb_live,0.0,0.0,4176.0,,,stark_prime,0.0,0.0,1,False,10,0.445385,0.45872029999999997,0.45990566,0.0,traverse_first-7e45a5be9de9,post,2,stark-prime-034,0.0,3,0.0,0.0,traverse_first,0.0,0.018,0.413385,0.014,typed_chain,True
auto_derived_v0.2,tridb_live,0.0,0.0,4176.0,,,stark_prime,0.0,0.0,1,False,50,0.463193,0.4780466,0.47936692,0.0,traverse_first-82c8aed23797,during,2,stark-prime-034,0.0,3,0.0,0.0,traverse_first,0.0,0.019,0.42819300000000005,0.016,typed_chain,True
auto_derived_v0.2,tridb_live,0.0,0.0,4176.0,,,stark_prime,0.0,0.0,1,False,10,0.455974,0.4750891,0.47678822,0.0,traverse_first-8d055dcb7096,during,2,stark-prime-034,0.0,3,0.0,0.0,traverse_first,0.0,0.021,0.418974,0.017,typed_chain,True
auto_derived_v0.2,tridb_live,0.0,1.0,4176.0,,,stark_prime,1.0,1.0,2,False,1,1.045246,1.238071,1.2552109999999999,1.0,traverse_first-92d6d9491887,during,2,stark-prime-034,0.1,3,0.0,0.0,traverse_first,0.043,0.428,0.4574959999999999,0.098,typed_chain,True
auto_derived_v0.2,tridb_live,0.0,0.0,4176.0,,,stark_prime,0.0,0.0,1,False,1,0.48233,0.504164,0.5061048,0.0,traverse_first-a6e5d14e469b,post,2,stark-prime-034,0.0,3,0.0,0.0,traverse_first,0.0,0.022,0.44733,0.018,typed_chain,True
auto_derived_v0.2,tridb_live,0.0,5.0,4176.0,,,stark_prime,1.0,1.0,2,False,5,0.95964,1.0408902,1.04811244,1.0,traverse_first-b279d6126ea0,post,2,stark-prime-034,0.5,3,0.0,0.0,traverse_first,0.029,0.388,0.44464000000000004,0.095,typed_chain,True
auto_derived_v0.2,tridb_live,0.0,0.0,4176.0,,,stark_prime,0.0,0.0,1,False,100,0.458275,0.4942705,0.49747009999999997,0.0,traverse_first-c289b470b52c,post,2,stark-prime-034,0.0,3,0.0,0.0,traverse_first,0.0,0.021,0.421275,0.016,typed_chain,True
auto_derived_v0.2,tridb_live,0.0,5.0,4176.0,,,stark_prime,1.0,1.0,2,False,5,1.031133,1.3089216000000001,1.3336139200000001,1.0,traverse_first-cccdd3ed958f,during,2,stark-prime-034,0.5,3,0.0,0.0,traverse_first,0.035,0.39,0.506133,0.103,typed_chain,True
auto_derived_v0.2,tridb_live,0.0,10.0,4176.0,,,stark_prime,1.0,1.0,2,False,20,1.028666,1.0409573,1.04204986,1.0,traverse_first-e4d7ef105a79,during,2,stark-prime-034,1.0,3,0.0,0.0,traverse_first,0.033,0.412,0.49832300000000007,0.099,typed_chain,True
auto_derived_v0.2,tridb_live,0.0,0.0,4176.0,,,stark_prime,0.0,0.0,1,False,5,0.429575,0.4426367,0.44379774,0.0,traverse_first-f0fdb2bba196,post,2,stark-prime-034,0.0,3,0.0,0.0,traverse_first,0.0,0.017,0.40057499999999996,0.014,typed_chain,True
auto_derived_v0.2,tridb_live,0.0,10.0,4176.0,,,stark_prime,1.0,1.0,2,False,10,0.946475,0.9573569000000001,0.9583241800000001,1.0,traverse_first-f9b36ac9da92,during,2,stark-prime-034,1.0,3,0.0,0.0,traverse_first,0.032,0.383,0.450566,0.09,typed_chain,True
auto_derived_v0.2,tridb_live,0.0,0.0,4176.0,,50.0,stark_prime,0.0,0.0,1,False,50,1.278358,1.346803,1.352887,0.0,vector_first-12e4b447491a,post,2,stark-prime-034,0.0,3,0.0,0.0,vector_first,0.778,0.0,0.45535800000000015,0.025,typed_chain,True
auto_derived_v0.2,tridb_live,0.0,0.0,4176.0,,50.0,stark_prime,0.0,0.0,2,False,50,1.679777,1.6926776,1.6938243199999998,0.0,vector_first-2670324e0bc6,during,2,stark-prime-034,0.0,3,0.0,0.0,vector_first,0.781,0.219,0.5217770000000002,0.106,typed_chain,True
auto_derived_v0.2,tridb_live,0.0,0.0,4176.0,,20.0,stark_prime,0.0,0.0,2,False,20,1.470273,1.5279846,1.53311452,0.0,vector_first-27d19d1f923e,during,2,stark-prime-034,0.0,3,0.0,0.0,vector_first,0.709,0.142,0.521273,0.104,typed_chain,True
auto_derived_v0.2,tridb_live,0.0,0.0,4176.0,,10.0,stark_prime,0.0,0.0,1,False,10,1.207929,1.2743274,1.28022948,0.0,vector_first-404f84e6a5f4,post,2,stark-prime-034,0.0,3,0.0,0.0,vector_first,0.668,0.0,0.5159290000000001,0.026,typed_chain,True
auto_derived_v0.2,tridb_live,0.0,0.0,4176.0,,20.0,stark_prime,0.0,0.0,1,False,20,1.400403,1.4161332,1.4175314399999999,0.0,vector_first-4c96de282a3c,during,2,stark-prime-034,0.0,3,0.0,0.0,vector_first,0.707,0.141,0.5304030000000001,0.026,typed_chain,True
auto_derived_v0.2,tridb_live,0.0,0.0,4176.0,,5.0,stark_prime,0.0,0.0,1,False,5,1.23857,1.283246,1.2872172000000002,0.0,vector_first-539cd672e6b6,post,2,stark-prime-034,0.0,3,0.0,0.0,vector_first,0.721,0.0,0.496885,0.032,typed_chain,True
auto_derived_v0.2,tridb_live,0.0,0.0,4176.0,,100.0,stark_prime,0.0,0.0,2,False,100,1.701482,1.8521744,1.86556928,0.0,vector_first-736b83dff9a6,post,2,stark-prime-034,0.0,3,0.0,0.0,vector_first,1.009,0.0,0.5784819999999999,0.115,typed_chain,True
auto_derived_v0.2,tridb_live,0.0,0.0,4176.0,,5.0,stark_prime,0.0,0.0,2,False,5,1.48712,1.4960749999999998,1.4968709999999998,0.0,vector_first-7462d459aaf5,during,2,stark-prime-034,0.0,3,0.0,0.0,vector_first,0.705,0.093,0.57012,0.101,typed_chain,True
auto_derived_v0.2,tridb_live,0.0,0.0,4176.0,,1.0,stark_prime,0.0,0.0,2,False,1,1.223512,1.2373522000000001,1.23858244,0.0,vector_first-79d7f13154dd,post,2,stark-prime-034,0.0,3,0.0,0.0,vector_first,0.653,0.0,0.4675119999999999,0.103,typed_chain,True
auto_derived_v0.2,tridb_live,0.0,0.0,4176.0,,1.0,stark_prime,0.0,0.0,2,False,1,1.387942,1.4719362999999999,1.47940246,0.0,vector_first-8735078935c5,during,2,stark-prime-034,0.0,3,0.0,0.0,vector_first,0.737,0.043,0.510942,0.101,typed_chain,True
auto_derived_v0.2,tridb_live,0.0,0.0,4176.0,,10.0,stark_prime,0.0,0.0,1,False,10,1.618441,2.37436,2.4415527999999997,0.0,vector_first-879c2f5ec6a7,during,2,stark-prime-034,0.0,3,0.0,0.0,vector_first,0.684,0.119,0.503356,0.028,typed_chain,True
auto_derived_v0.2,tridb_live,0.0,0.0,4176.0,,100.0,stark_prime,0.0,0.0,1,False,100,1.870655,2.5328147,2.59167334,0.0,vector_first-95fb2abe9f82,during,2,stark-prime-034,0.0,3,0.0,0.0,vector_first,1.0,0.371,0.490175,0.029,typed_chain,True
auto_derived_v0.2,tridb_live,0.0,0.0,4176.0,,100.0,stark_prime,0.0,0.0,1,False,100,1.685962,1.7459874999999998,1.7513230999999998,0.0,vector_first-9a76384ab2d2,post,2,stark-prime-034,0.0,3,0.0,0.0,vector_first,1.058,0.0,0.5751039999999998,0.032,typed_chain,True
auto_derived_v0.2,tridb_live,0.0,0.0,4176.0,,10.0,stark_prime,0.0,0.0,2,False,10,1.543361,1.8657212,1.8943754400000001,0.0,vector_first-9e027ae921ee,during,2,stark-prime-034,0.0,3,0.0,0.0,vector_first,0.704,0.118,0.5764429999999999,0.114,typed_chain,True
auto_derived_v0.2,tridb_live,0.0,0.0,4176.0,,1.0,stark_prime,0.0,0.0,1,False,1,1.764111,1.9617609,1.97932978,0.0,vector_first-9f2a495d4986,during,2,stark-prime-034,0.0,3,0.0,0.0,vector_first,1.262,0.034,0.44772199999999995,0.026,typed_chain,True
auto_derived_v0.2,tridb_live,0.0,0.0,4176.0,,5.0,stark_prime,0.0,0.0,2,False,5,1.252482,1.28634,1.2893496,0.0,vector_first-a5b8d6da0107,post,2,stark-prime-034,0.0,3,0.0,0.0,vector_first,0.667,0.0,0.48610200000000003,0.111,typed_chain,True
auto_derived_v0.2,tridb_live,0.0,0.0,4176.0,,50.0,stark_prime,0.0,0.0,2,False,50,1.406302,1.4074432,1.40754464,0.0,vector_first-a7431c3167bb,post,2,stark-prime-034,0.0,3,0.0,0.0,vector_first,0.797,0.0,0.50157,0.103,typed_chain,True
auto_derived_v0.2,tridb_live,0.0,0.0,4176.0,,10.0,stark_prime,0.0,0.0,2,False,10,1.260918,1.2979215,1.3012107,0.0,vector_first-a802c228be07,post,2,stark-prime-034,0.0,3,0.0,0.0,vector_first,0.688,0.0,0.4752409999999999,0.101,typed_chain,True
auto_derived_v0.2,tridb_live,0.0,0.0,4176.0,,50.0,stark_prime,0.0,0.0,1,False,50,1.56939,1.6125954,1.61643588,0.0,vector_first-b3f469e3373a,during,2,stark-prime-034,0.0,3,0.0,0.0,vector_first,0.831,0.215,0.48539,0.025,typed_chain,True
auto_derived_v0.2,tridb_live,0.0,0.0,4176.0,,100.0,stark_prime,0.0,0.0,2,False,100,2.134962,2.1605805,2.1628577,0.0,vector_first-b9cbe3a2c022,during,2,stark-prime-034,0.0,3,0.0,0.0,vector_first,1.044,0.361,0.6074269999999999,0.13,typed_chain,True
auto_derived_v0.2,tridb_live,0.0,0.0,4176.0,,1.0,stark_prime,0.0,0.0,1,False,1,1.205,1.3013396,1.30990312,0.0,vector_first-c1efa57fb2c2,post,2,stark-prime-034,0.0,3,0.0,0.0,vector_first,0.725,0.0,0.45200000000000007,0.028,typed_chain,True
auto_derived_v0.2,tridb_live,0.0,0.0,4176.0,,20.0,stark_prime,0.0,0.0,2,False,20,1.305871,1.4228548,1.4332533600000001,0.0,vector_first-c9c7dff0ae35,post,2,stark-prime-034,0.0,3,0.0,0.0,vector_first,0.713,0.0,0.5029879999999999,0.099,typed_chain,True
auto_derived_v0.2,tridb_live,0.0,0.0,4176.0,,20.0,stark_prime,0.0,0.0,1,False,20,1.225759,1.6302982,1.66625724,0.0,vector_first-ce905df43902,post,2,stark-prime-034,0.0,3,0.0,0.0,vector_first,0.693,0.0,0.49575900000000006,0.025,typed_chain,True
auto_derived_v0.2,tridb_live,0.0,0.0,4176.0,,8.0,stark_prime,0.0,0.0,2,True,8,1.22613,1.2363045000000001,1.2372089000000002,0.0,vector_first-ebaeb868fc9b,post,2,stark-prime-034,0.0,3,0.0,0.0,vector_first,0.666,0.0,0.47243500000000005,0.096,typed_chain,True
auto_derived_v0.2,tridb_live,0.0,0.0,4176.0,,5.0,stark_prime,0.0,0.0,1,False,5,1.304794,1.5346108,1.55503896,0.0,vector_first-f0a58d413e0f,during,2,stark-prime-034,0.0,3,0.0,0.0,vector_first,0.656,0.131,0.47779400000000005,0.036,typed_chain,True
auto_derived_v0.2,tridb_live,0.0,6.0,27671.0,,50.0,stark_prime,0.0,0.0,1,False,50,14.444782,21.133915899999998,21.72850558,0.0,filter_first-03f67415e651,pre,2,stark-prime-035,0.0,3,0.0,0.0,filter_first,11.802,0.0,0.8966330000000013,1.747,typed_chain,True
auto_derived_v0.2,tridb_live,0.0,6.0,27671.0,,20.0,stark_prime,0.0,0.0,1,False,20,10.335571,15.676556199999998,16.15131044,0.0,filter_first-1cad3c1573b2,pre,2,stark-prime-035,0.0,3,0.0,0.0,filter_first,7.611,0.0,0.9115710000000004,1.674,typed_chain,True
auto_derived_v0.2,tridb_live,0.0,10.0,27671.0,,100.0,stark_prime,0.0,0.0,1,False,100,111.03594,114.8767854,115.21819388,0.0,filter_first-2387000dc3a8,pre,2,stark-prime-035,0.0,3,0.0,0.0,filter_first,107.288,0.0,1.4977410000000049,1.925,typed_chain,True
auto_derived_v0.2,tridb_live,0.0,20.0,27671.0,,100.0,stark_prime,0.0,0.0,2,False,100,176.236395,178.4345055,178.6298931,0.1111111111111111,filter_first-28ed17c208d7,pre,2,stark-prime-035,1.0,3,0.0,0.0,filter_first,108.165,0.0,7.965395000000001,60.512,typed_chain,True
auto_derived_v0.2,tridb_live,0.0,20.0,27671.0,,50.0,stark_prime,0.0,0.0,2,False,50,73.671954,74.06364389999999,74.09846078,0.1111111111111111,filter_first-2d01f654960c,pre,2,stark-prime-035,1.0,3,0.0,0.0,filter_first,13.033,0.0,7.814826999999994,53.023,typed_chain,True
auto_derived_v0.2,tridb_live,0.0,1.0,27671.0,,1.0,stark_prime,0.0,0.0,2,False,1,15.343287,16.5500376,16.65730432,0.0,filter_first-3a7f1025f729,pre,2,stark-prime-035,0.0,3,0.0,0.0,filter_first,1.135,0.0,2.659287000000001,11.549,typed_chain,True
auto_derived_v0.2,tridb_live,0.0,19.0,27671.0,,20.0,stark_prime,0.0,0.0,2,False,20,68.69277,68.7565872,68.76225984,0.1111111111111111,filter_first-46ec65dc7fea,pre,2,stark-prime-035,1.0,3,0.0,0.0,filter_first,8.387,0.0,7.783769999999997,52.396,typed_chain,True
auto_derived_v0.2,tridb_live,0.0,4.0,27671.0,,10.0,stark_prime,0.0,0.0,1,False,10,6.48776,8.3314784,8.495364480000001,0.0,filter_first-8532bb36e741,pre,2,stark-prime-035,0.0,3,0.0,0.0,filter_first,3.72,0.0,1.1473360000000001,1.583,typed_chain,True
auto_derived_v0.2,tridb_live,0.0,2.0,27671.0,,5.0,stark_prime,0.0,0.0,1,False,5,4.925808,6.289407,6.4106157999999995,0.0,filter_first-8699218b4a03,pre,2,stark-prime-035,0.0,3,0.0,0.0,filter_first,2.252,0.0,0.8449179999999998,1.578,typed_chain,True
auto_derived_v0.2,tridb_live,0.0,10.0,27671.0,,10.0,stark_prime,0.0,0.0,2,False,10,39.916465,41.980156,42.163595199999996,0.1111111111111111,filter_first-88d1f0b4340a,pre,2,stark-prime-035,0.5,3,0.0,0.0,filter_first,4.43,0.0,5.266454000000003,30.017,typed_chain,True
auto_derived_v0.2,tridb_live,0.0,5.0,27671.0,,5.0,stark_prime,0.0,0.0,2,False,5,16.465641,16.9810665,17.0268821,0.0,filter_first-bb7c33f6d989,pre,2,stark-prime-035,0.0,3,0.0,0.0,filter_first,2.243,0.0,2.583006000000001,11.633,typed_chain,True
auto_derived_v0.2,tridb_live,0.0,0.0,27671.0,,1.0,stark_prime,0.0,0.0,1,False,1,3.750415,4.1463852999999995,4.181582659999999,0.0,filter_first-ef43b60e2e3b,pre,2,stark-prime-035,0.0,3,0.0,0.0,filter_first,1.265,0.0,0.9673819999999997,1.609,typed_chain,True
auto_derived_v0.2,tridb_live,0.0,1.0,27671.0,,,stark_prime,0.0,0.0,1,False,1,20.051388,26.385226199999998,26.94823404,0.0,traverse_first-0e65f761853b,during,2,stark-prime-035,0.0,3,0.0,0.0,traverse_first,8.562,7.77,1.7972959999999993,1.982,typed_chain,True
auto_derived_v0.2,tridb_live,0.0,1.0,27671.0,,,stark_prime,0.0,0.0,2,False,1,261.380071,262.10377270000004,262.16810174,0.0,traverse_first-1401f30333f9,post,2,stark-prime-035,0.0,3,0.0,0.0,traverse_first,76.851,122.713,17.98018400000001,43.365,typed_chain,True
auto_derived_v0.2,tridb_live,0.0,20.0,27671.0,,,stark_prime,0.0,0.0,2,False,50,260.858035,262.6243273,262.78133106,0.1111111111111111,traverse_first-15df7fd20126,post,2,stark-prime-035,1.0,3,0.0,0.0,traverse_first,76.835,122.168,18.495582000000013,43.007,typed_chain,True
auto_derived_v0.2,tridb_live,0.0,20.0,27671.0,,,stark_prime,0.0,0.0,1,False,50,20.749904,22.4888075,22.6433767,0.0,traverse_first-18e80c0b50a9,post,2,stark-prime-035,0.0,3,0.0,0.0,traverse_first,8.854,8.025,1.9409039999999997,1.954,typed_chain,True
auto_derived_v0.2,tridb_live,0.0,5.0,27671.0,,,stark_prime,0.0,0.0,1,False,5,20.078721,21.3707088,21.48555216,0.0,traverse_first-2ef9d31e2115,during,2,stark-prime-035,0.0,3,0.0,0.0,traverse_first,8.569,7.821,1.7437210000000007,1.923,typed_chain,True
auto_derived_v0.2,tridb_live,0.0,20.0,27671.0,,,stark_prime,0.0,0.0,1,False,100,20.37028,20.904111399999998,20.95156308,0.0,traverse_first-3161568b8481,during,2,stark-prime-035,0.0,3,0.0,0.0,traverse_first,8.563,7.763,1.9144259999999989,1.97,typed_chain,True
auto_derived_v0.2,tridb_live,0.0,20.0,27671.0,,,stark_prime,0.0,0.0,2,False,50,259.332282,262.7428509,263.04601258,0.1111111111111111,traverse_first-532feb3a2124,during,2,stark-prime-035,1.0,3,0.0,0.0,traverse_first,76.504,121.853,17.96471600000001,43.287,typed_chain,True
auto_derived_v0.2,tridb_live,0.0,10.0,27671.0,,,stark_prime,0.0,0.0,2,False,10,261.662699,264.79909729999997,265.07788826,0.1111111111111111,traverse_first-5be44627d46d,post,2,stark-prime-035,0.5,3,0.0,0.0,traverse_first,76.601,122.093,18.744585999999998,43.173,typed_chain,True
auto_derived_v0.2,tridb_live,0.0,20.0,27671.0,,,stark_prime,0.0,0.0,2,False,20,263.256823,266.40229420000003,266.68189164,0.1111111111111111,traverse_first-5dac164247a2,post,2,stark-prime-035,1.0,3,0.0,0.0,traverse_first,77.483,123.397,19.033822999999984,43.184,typed_chain,True
auto_derived_v0.2,tridb_live,0.0,20.0,27671.0,,,stark_prime,0.0,0.0,2,False,100,263.755777,263.929027,263.944427,0.1111111111111111,traverse_first-6c308678a8d4,post,2,stark-prime-035,1.0,3,0.0,0.0,traverse_first,77.481,122.748,19.162777000000034,43.553,typed_chain,True
auto_derived_v0.2,tridb_live,0.0,20.0,27671.0,,,stark_prime,0.0,0.0,1,False,20,20.515018,21.6960403,21.80102006,0.0,traverse_first-6e5585f7fa7d,during,2,stark-prime-035,0.0,3,0.0,0.0,traverse_first,8.893,7.948,1.6802370000000018,2.007,typed_chain,True
auto_derived_v0.2,tridb_live,0.0,20.0,27671.0,,,stark_prime,0.0,0.0,2,False,100,264.441647,266.2357412,266.39521624,0.1111111111111111,traverse_first-702b20668df6,during,2,stark-prime-035,1.0,3,0.0,0.0,traverse_first,77.233,122.913,19.193085000000025,43.707,typed_chain,True
auto_derived_v0.2,tridb_live,0.0,20.0,27671.0,,,stark_prime,0.0,0.0,1,False,20,20.435132,20.4550391,20.45680862,0.0,traverse_first-76359c42693a,post,2,stark-prime-035,0.0,3,0.0,0.0,traverse_first,8.644,7.885,1.8771319999999996,1.994,typed_chain,True
auto_derived_v0.2,tridb_live,0.0,10.0,27671.0,,,stark_prime,0.0,0.0,1,False,10,19.658638,20.9476855,21.0622675,0.0,traverse_first-7e45a5be9de9,post,2,stark-prime-035,0.0,3,0.0,0.0,traverse_first,8.376,7.704,1.6956379999999989,1.943,typed_chain,True
auto_derived_v0.2,tridb_live,0.0,20.0,27671.0,,,stark_prime,0.0,0.0,1,False,50,22.183149,30.051326999999997,30.7507206,0.0,traverse_first-82c8aed23797,during,2,stark-prime-035,0.0,3,0.0,0.0,traverse_first,9.502,8.509,2.052819000000003,2.14,typed_chain,True
auto_derived_v0.2,tridb_live,0.0,10.0,27671.0,,,stark_prime,0.0,0.0,1,False,10,19.863838,21.0231469,21.126196580000002,0.0,traverse_first-8d055dcb7096,during,2,stark-prime-035,0.0,3,0.0,0.0,traverse_first,8.543,7.708,1.6998379999999997,1.913,typed_chain,True
auto_derived_v0.2,tridb_live,0.0,1.0,27671.0,,,stark_prime,0.0,0.0,2,False,1,259.771342,327.4893472,333.50872544000003,0.0,traverse_first-92d6d9491887,during,2,stark-prime-035,0.0,3,0.0,0.0,traverse_first,78.578,123.031,16.961342000000002,43.273,typed_chain,True
auto_derived_v0.2,tridb_live,0.0,1.0,27671.0,,,stark_prime,0.0,0.0,1,False,1,19.988353,20.190367000000002,20.208323800000002,0.0,traverse_first-a6e5d14e469b,post,2,stark-prime-035,0.0,3,0.0,0.0,traverse_first,8.395,7.687,1.9043530000000004,1.931,typed_chain,True
auto_derived_v0.2,tridb_live,0.0,5.0,27671.0,,,stark_prime,0.0,0.0,2,False,5,258.43904,259.6748948,259.78474855999997,0.0,traverse_first-b279d6126ea0,post,2,stark-prime-035,0.0,3,0.0,0.0,traverse_first,76.092,120.949,18.38403999999997,43.145,typed_chain,True
auto_derived_v0.2,tridb_live,0.0,20.0,27671.0,,,stark_prime,0.0,0.0,1,False,100,19.713608,20.1664025,20.2066509,0.0,traverse_first-c289b470b52c,post,2,stark-prime-035,0.0,3,0.0,0.0,traverse_first,8.363,7.727,1.761607999999999,1.978,typed_chain,True
auto_derived_v0.2,tridb_live,0.0,5.0,27671.0,,,stark_prime,0.0,0.0,2,False,5,257.965181,258.09528589999996,258.10685078,0.0,traverse_first-cccdd3ed958f,during,2,stark-prime-035,0.0,3,0.0,0.0,traverse_first,75.948,120.987,17.986741999999992,43.05,typed_chain,True
auto_derived_v0.2,tridb_live,0.0,20.0,27671.0,,,stark_prime,0.0,0.0,2,False,20,262.829971,268.4789848,268.98111936,0.1111111111111111,traverse_first-e4d7ef105a79,during,2,stark-prime-035,1.0,3,0.0,0.0,traverse_first,78.127,123.687,17.18163599999997,44.122,typed_chain,True
auto_derived_v0.2,tridb_live,0.0,5.0,27671.0,,,stark_prime,0.0,0.0,1,False,5,19.368894,20.0115705,20.0686973,0.0,traverse_first-f0fdb2bba196,post,2,stark-prime-035,0.0,3,0.0,0.0,traverse_first,8.29,7.642,1.5140689999999992,1.948,typed_chain,True
auto_derived_v0.2,tridb_live,0.0,10.0,27671.0,,,stark_prime,0.0,0.0,2,False,10,265.949564,267.00807199999997,267.1021616,0.1111111111111111,traverse_first-f9b36ac9da92,during,2,stark-prime-035,0.5,3,0.0,0.0,traverse_first,78.57,124.402,18.116683999999992,44.439,typed_chain,True
auto_derived_v0.2,tridb_live,0.0,0.0,27671.0,,50.0,stark_prime,0.0,0.0,1,False,50,3.072032,3.3244478,3.34688476,0.0,vector_first-12e4b447491a,post,2,stark-prime-035,0.0,3,0.0,0.0,vector_first,0.895,0.0,0.6801689999999998,1.529,typed_chain,True
auto_derived_v0.2,tridb_live,0.0,1.0,27671.0,,50.0,stark_prime,0.0,0.0,2,False,50,14.464072,14.5302589,14.53614218,0.0,vector_first-2670324e0bc6,during,2,stark-prime-035,0.0,3,0.0,0.0,vector_first,1.247,0.251,2.44379,10.699,typed_chain,True
auto_derived_v0.2,tridb_live,0.0,0.0,27671.0,,20.0,stark_prime,0.0,0.0,2,False,20,1.266286,1.3275013,1.33294266,0.0,vector_first-27d19d1f923e,during,2,stark-prime-035,0.0,3,0.0,0.0,vector_first,0.668,0.138,0.46688300000000005,0.0,typed_chain,True
auto_derived_v0.2,tridb_live,0.0,0.0,27671.0,,10.0,stark_prime,0.0,0.0,1,False,10,2.975708,3.0297691999999996,3.0345746399999998,0.0,vector_first-404f84e6a5f4,post,2,stark-prime-035,0.0,3,0.0,0.0,vector_first,0.698,0.0,0.6907079999999999,1.579,typed_chain,True
auto_derived_v0.2,tridb_live,0.0,0.0,27671.0,,20.0,stark_prime,0.0,0.0,1,False,20,1.819381,2.5993201,2.66864802,0.0,vector_first-4c96de282a3c,during,2,stark-prime-035,0.0,3,0.0,0.0,vector_first,1.208,0.141,0.47038099999999994,0.0,typed_chain,True
auto_derived_v0.2,tridb_live,0.0,0.0,27671.0,,5.0,stark_prime,0.0,0.0,1,False,5,2.890036,3.0419632,3.05546784,0.0,vector_first-539cd672e6b6,post,2,stark-prime-035,0.0,3,0.0,0.0,vector_first,0.652,0.0,0.6720359999999999,1.542,typed_chain,True
auto_derived_v0.2,tridb_live,0.0,2.0,27671.0,,100.0,stark_prime,0.0,0.0,2,False,100,45.582397,45.6376993,45.642615060000004,0.0,vector_first-736b83dff9a6,post,2,stark-prime-035,0.0,3,0.0,0.0,vector_first,1.869,0.302,5.764844000000004,37.533,typed_chain,True
auto_derived_v0.2,tridb_live,0.0,0.0,27671.0,,5.0,stark_prime,0.0,0.0,2,False,5,1.147624,1.204423,1.2094718,0.0,vector_first-7462d459aaf5,during,2,stark-prime-035,0.0,3,0.0,0.0,vector_first,0.617,0.085,0.44947400000000015,0.0,typed_chain,True
auto_derived_v0.2,tridb_live,0.0,0.0,27671.0,,1.0,stark_prime,0.0,0.0,2,False,1,41.94754,42.3588085,42.3953657,0.0,vector_first-79d7f13154dd,post,2,stark-prime-035,0.0,3,0.0,0.0,vector_first,1.337,0.0,5.610539999999993,34.939,typed_chain,True
auto_derived_v0.2,tridb_live,0.0,0.0,27671.0,,1.0,stark_prime,0.0,0.0,2,False,1,1.086487,1.1661955,1.1732807,0.0,vector_first-8735078935c5,during,2,stark-prime-035,0.0,3,0.0,0.0,vector_first,0.603,0.038,0.44548699999999997,0.0,typed_chain,True
auto_derived_v0.2,tridb_live,0.0,0.0,27671.0,,10.0,stark_prime,0.0,0.0,1,False,10,1.769384,2.2268333,2.26749546,0.0,vector_first-879c2f5ec6a7,during,2,stark-prime-035,0.0,3,0.0,0.0,vector_first,1.159,0.119,0.49138400000000004,0.0,typed_chain,True
auto_derived_v0.2,tridb_live,0.0,1.0,27671.0,,100.0,stark_prime,0.0,0.0,1,False,100,4.989366,5.6717424,5.73239808,0.0,vector_first-95fb2abe9f82,during,2,stark-prime-035,0.0,3,0.0,0.0,vector_first,1.962,0.425,0.9663660000000007,1.636,typed_chain,True
auto_derived_v0.2,tridb_live,0.0,1.0,27671.0,,100.0,stark_prime,0.0,0.0,1,False,100,3.799935,3.9706722,3.98584884,0.0,vector_first-9a76384ab2d2,post,2,stark-prime-035,0.0,3,0.0,0.0,vector_first,1.272,0.046,0.8310870000000001,1.671,typed_chain,True
auto_derived_v0.2,tridb_live,0.0,0.0,27671.0,,10.0,stark_prime,0.0,0.0,2,False,10,1.252279,1.3112956,1.31654152,0.0,vector_first-9e027ae921ee,during,2,stark-prime-035,0.0,3,0.0,0.0,vector_first,0.661,0.117,0.4815760000000001,0.0,typed_chain,True
auto_derived_v0.2,tridb_live,0.0,0.0,27671.0,,1.0,stark_prime,0.0,0.0,1,False,1,2.609765,5.7240746,6.00090212,0.0,vector_first-9f2a495d4986,during,2,stark-prime-035,0.0,3,0.0,0.0,vector_first,1.508,0.067,1.034765,0.0,typed_chain,True
auto_derived_v0.2,tridb_live,0.0,0.0,27671.0,,5.0,stark_prime,0.0,0.0,2,False,5,42.376841,42.5077865,42.519426100000004,0.0,vector_first-a5b8d6da0107,post,2,stark-prime-035,0.0,3,0.0,0.0,vector_first,1.366,0.088,6.010336000000002,34.909,typed_chain,True
auto_derived_v0.2,tridb_live,0.0,1.0,27671.0,,50.0,stark_prime,0.0,0.0,2,False,50,43.701386,43.868038999999996,43.8828526,0.0,vector_first-a7431c3167bb,post,2,stark-prime-035,0.0,3,0.0,0.0,vector_first,1.656,0.222,5.683385999999999,36.143,typed_chain,True
auto_derived_v0.2,tridb_live,0.0,0.0,27671.0,,10.0,stark_prime,0.0,0.0,2,False,10,42.710662,42.940897299999996,42.96136266,0.0,vector_first-a802c228be07,post,2,stark-prime-035,0.0,3,0.0,0.0,vector_first,1.41,0.122,5.810662000000001,35.352,typed_chain,True
auto_derived_v0.2,tridb_live,0.0,0.0,27671.0,,50.0,stark_prime,0.0,0.0,1,False,50,3.982393,4.8145744,4.88854608,0.0,vector_first-b3f469e3373a,during,2,stark-prime-035,0.0,3,0.0,0.0,vector_first,1.492,0.252,0.7492240000000003,1.529,typed_chain,True
auto_derived_v0.2,tridb_live,0.0,2.0,27671.0,,100.0,stark_prime,0.0,0.0,2,False,100,15.450523,17.5161733,17.69978666,0.0,vector_first-b9cbe3a2c022,during,2,stark-prime-035,0.0,3,0.0,0.0,vector_first,1.539,0.438,2.7355230000000006,11.068,typed_chain,True
auto_derived_v0.2,tridb_live,0.0,0.0,27671.0,,1.0,stark_prime,0.0,0.0,1,False,1,3.760955,5.2317269,5.3624621800000005,0.0,vector_first-c1efa57fb2c2,post,2,stark-prime-035,0.0,3,0.0,0.0,vector_first,1.039,0.0,0.9379550000000001,1.784,typed_chain,True
auto_derived_v0.2,tridb_live,0.0,0.0,27671.0,,20.0,stark_prime,0.0,0.0,2,False,20,42.66028,48.7429183,49.28359726,0.0,vector_first-c9c7dff0ae35,post,2,stark-prime-035,0.0,3,0.0,0.0,vector_first,1.498,0.168,5.737674999999996,35.371,typed_chain,True
auto_derived_v0.2,tridb_live,0.0,0.0,27671.0,,20.0,stark_prime,0.0,0.0,1,False,20,2.970494,3.0652964,3.07372328,0.0,vector_first-ce905df43902,post,2,stark-prime-035,0.0,3,0.0,0.0,vector_first,0.718,0.0,0.6804939999999999,1.568,typed_chain,True
auto_derived_v0.2,tridb_live,0.0,0.0,27671.0,,8.0,stark_prime,0.0,0.0,2,True,8,42.256154,42.3835103,42.39483086,0.0,vector_first-ebaeb868fc9b,post,2,stark-prime-035,0.0,3,0.0,0.0,vector_first,1.441,0.122,5.6606609999999975,35.107,typed_chain,True
auto_derived_v0.2,tridb_live,0.0,0.0,27671.0,,5.0,stark_prime,0.0,0.0,1,False,5,1.723413,2.2315512,2.27671904,0.0,vector_first-f0a58d413e0f,during,2,stark-prime-035,0.0,3,0.0,0.0,vector_first,1.151,0.099,0.4734130000000001,0.0,typed_chain,True
auto_derived_v0.2,tridb_live,0.0,0.0,27671.0,,50.0,stark_prime,0.0,0.0,1,False,50,7.31264,7.7147114,7.75045108,0.0,filter_first-03f67415e651,pre,2,stark-prime-036,0.0,3,0.0,0.0,filter_first,5.935,0.0,0.9633859999999999,0.342,typed_chain,True
auto_derived_v0.2,tridb_live,0.0,0.0,27671.0,,20.0,stark_prime,0.0,0.0,1,False,20,7.056271,7.1840656,7.19542512,0.0,filter_first-1cad3c1573b2,pre,2,stark-prime-036,0.0,3,0.0,0.0,filter_first,5.808,0.0,0.8339289999999995,0.342,typed_chain,True
auto_derived_v0.2,tridb_live,0.0,0.0,27671.0,,100.0,stark_prime,0.0,0.0,1,False,100,109.070599,109.3360135,109.3596059,0.0,filter_first-2387000dc3a8,pre,2,stark-prime-036,0.0,3,0.0,0.0,filter_first,107.707,0.0,0.9105040000000031,0.424,typed_chain,True
auto_derived_v0.2,tridb_live,0.0,18.0,27671.0,,100.0,stark_prime,1.0,1.0,2,False,100,134.289773,135.2509091,135.33634342,1.0,filter_first-28ed17c208d7,pre,2,stark-prime-036,0.9375,3,0.0,0.0,filter_first,108.903,0.0,1.9387729999999976,23.448,typed_chain,True
auto_derived_v0.2,tridb_live,0.0,15.0,27671.0,,50.0,stark_prime,1.0,1.0,2,False,50,26.736171,26.9997756,27.02320712,1.0,filter_first-2d01f654960c,pre,2,stark-prime-036,0.875,3,0.0,0.0,filter_first,6.278,0.0,1.4352850000000004,19.045,typed_chain,True
auto_derived_v0.2,tridb_live,0.0,0.0,27671.0,,1.0,stark_prime,0.0,0.0,2,False,1,23.286481,23.8991389,23.95359738,0.0,filter_first-3a7f1025f729,pre,2,stark-prime-036,0.0,3,0.0,0.0,filter_first,2.904,0.0,1.5074809999999985,18.875,typed_chain,True
auto_derived_v0.2,tridb_live,0.0,8.0,27671.0,,20.0,stark_prime,1.0,1.0,2,False,20,26.333066,26.6947625,26.7269133,1.0,filter_first-46ec65dc7fea,pre,2,stark-prime-036,0.5,3,0.0,0.0,filter_first,6.127,0.0,1.4599510000000002,18.884,typed_chain,True
auto_derived_v0.2,tridb_live,0.0,0.0,27671.0,,10.0,stark_prime,0.0,0.0,1,False,10,6.83606,7.1067449,7.13080578,0.0,filter_first-8532bb36e741,pre,2,stark-prime-036,0.0,3,0.0,0.0,filter_first,5.688,0.0,0.8230599999999999,0.325,typed_chain,True
auto_derived_v0.2,tridb_live,0.0,0.0,27671.0,,5.0,stark_prime,0.0,0.0,1,False,5,7.069793,12.501634099999999,12.98446442,0.0,filter_first-8699218b4a03,pre,2,stark-prime-036,0.0,3,0.0,0.0,filter_first,5.977,0.0,0.9240139999999997,0.337,typed_chain,True
auto_derived_v0.2,tridb_live,0.0,5.0,27671.0,,10.0,stark_prime,1.0,1.0,2,False,10,26.323213,26.4152146,26.42339252,1.0,filter_first-88d1f0b4340a,pre,2,stark-prime-036,0.3125,3,0.0,0.0,filter_first,6.157,0.0,1.4362129999999986,18.833,typed_chain,True
auto_derived_v0.2,tridb_live,0.0,3.0,27671.0,,5.0,stark_prime,1.0,1.0,2,False,5,26.438891,26.5772471,26.58954542,1.0,filter_first-bb7c33f6d989,pre,2,stark-prime-036,0.1875,3,0.0,0.0,filter_first,6.102,0.0,1.4568910000000024,18.923,typed_chain,True
auto_derived_v0.2,tridb_live,0.0,0.0,27671.0,,1.0,stark_prime,0.0,0.0,1,False,1,4.12344,6.6094902,6.830472439999999,0.0,filter_first-ef43b60e2e3b,pre,2,stark-prime-036,0.0,3,0.0,0.0,filter_first,3.062,0.0,0.7414400000000003,0.32,typed_chain,True
auto_derived_v0.2,tridb_live,0.0,0.0,27671.0,,,stark_prime,0.0,0.0,1,False,1,3.980275,4.5317671,4.58078862,0.0,traverse_first-0e65f761853b,during,2,stark-prime-036,0.0,3,0.0,0.0,traverse_first,0.0,2.291,1.156275,0.533,typed_chain,True
auto_derived_v0.2,tridb_live,0.0,1.0,27671.0,,,stark_prime,1.0,1.0,2,False,1,34.147967,34.6317782,34.67478364,1.0,traverse_first-1401f30333f9,post,2,stark-prime-036,0.0625,3,0.0,0.0,traverse_first,0.456,11.892,2.5754660000000023,19.358,typed_chain,True
auto_derived_v0.2,tridb_live,0.0,20.0,27671.0,,,stark_prime,1.0,1.0,2,False,50,34.245038,34.880708,34.937212,1.0,traverse_first-15df7fd20126,post,2,stark-prime-036,0.9375,3,0.0,0.0,traverse_first,0.456,11.734,2.6443379999999976,19.379,typed_chain,True
auto_derived_v0.2,tridb_live,0.0,0.0,27671.0,,,stark_prime,0.0,0.0,1,False,50,2.045999,2.1184768999999997,2.1249193799999997,0.0,traverse_first-18e80c0b50a9,post,2,stark-prime-036,0.0,3,0.0,0.0,traverse_first,0.0,1.209,0.554999,0.282,typed_chain,True
auto_derived_v0.2,tridb_live,0.0,0.0,27671.0,,,stark_prime,0.0,0.0,1,False,5,2.106746,2.5828109,2.62512778,0.0,traverse_first-2ef9d31e2115,during,2,stark-prime-036,0.0,3,0.0,0.0,traverse_first,0.0,1.256,0.5517459999999998,0.291,typed_chain,True
auto_derived_v0.2,tridb_live,0.0,0.0,27671.0,,,stark_prime,0.0,0.0,1,False,100,2.131495,2.4458299,2.47377078,0.0,traverse_first-3161568b8481,during,2,stark-prime-036,0.0,3,0.0,0.0,traverse_first,0.0,1.281,0.5624950000000002,0.288,typed_chain,True
auto_derived_v0.2,tridb_live,0.0,20.0,27671.0,,,stark_prime,1.0,1.0,2,False,50,34.122334,34.235624200000004,34.24569444,1.0,traverse_first-532feb3a2124,during,2,stark-prime-036,0.9375,3,0.0,0.0,traverse_first,0.477,11.699,2.560334000000001,19.386,typed_chain,True
auto_derived_v0.2,tridb_live,0.0,10.0,27671.0,,,stark_prime,1.0,1.0,2,False,10,33.911998,34.4370886,34.48376332,1.0,traverse_first-5be44627d46d,post,2,stark-prime-036,0.625,3,0.0,0.0,traverse_first,0.455,11.718,2.3899979999999985,19.39,typed_chain,True
auto_derived_v0.2,tridb_live,0.0,20.0,27671.0,,,stark_prime,1.0,1.0,2,False,20,34.558873,34.60183,34.6056484,1.0,traverse_first-5dac164247a2,post,2,stark-prime-036,0.9375,3,0.0,0.0,traverse_first,0.465,11.727,2.6468729999999994,19.533,typed_chain,True
auto_derived_v0.2,tridb_live,0.0,20.0,27671.0,,,stark_prime,1.0,1.0,2,False,100,35.370971,35.4419198,35.44822636,1.0,traverse_first-6c308678a8d4,post,2,stark-prime-036,0.9375,3,0.0,0.0,traverse_first,0.461,11.885,2.767916999999997,19.387,typed_chain,True
auto_derived_v0.2,tridb_live,0.0,0.0,27671.0,,,stark_prime,0.0,0.0,1,False,20,2.139006,2.6066757,2.64824634,0.0,traverse_first-6e5585f7fa7d,during,2,stark-prime-036,0.0,3,0.0,0.0,traverse_first,0.0,1.264,0.5770060000000001,0.298,typed_chain,True
auto_derived_v0.2,tridb_live,0.0,20.0,27671.0,,,stark_prime,1.0,1.0,2,False,100,34.742223,35.230319099999996,35.27370542,1.0,traverse_first-702b20668df6,during,2,stark-prime-036,0.9375,3,0.0,0.0,traverse_first,0.463,11.746,2.8395519999999976,19.383,typed_chain,True
auto_derived_v0.2,tridb_live,0.0,0.0,27671.0,,,stark_prime,0.0,0.0,1,False,20,2.005249,2.0076052,2.00781464,0.0,traverse_first-76359c42693a,post,2,stark-prime-036,0.0,3,0.0,0.0,traverse_first,0.0,1.198,0.5252490000000001,0.281,typed_chain,True
auto_derived_v0.2,tridb_live,0.0,0.0,27671.0,,,stark_prime,0.0,0.0,1,False,10,2.01324,2.1659943,2.17957246,0.0,traverse_first-7e45a5be9de9,post,2,stark-prime-036,0.0,3,0.0,0.0,traverse_first,0.0,1.218,0.51624,0.289,typed_chain,True
auto_derived_v0.2,tridb_live,0.0,0.0,27671.0,,,stark_prime,0.0,0.0,1,False,50,2.139025,2.4077083,2.43159126,0.0,traverse_first-82c8aed23797,during,2,stark-prime-036,0.0,3,0.0,0.0,traverse_first,0.0,1.281,0.5570250000000001,0.301,typed_chain,True
auto_derived_v0.2,tridb_live,0.0,0.0,27671.0,,,stark_prime,0.0,0.0,1,False,10,2.112308,2.3861141,2.41045242,0.0,traverse_first-8d055dcb7096,during,2,stark-prime-036,0.0,3,0.0,0.0,traverse_first,0.0,1.282,0.544308,0.286,typed_chain,True
auto_derived_v0.2,tridb_live,0.0,1.0,27671.0,,,stark_prime,1.0,1.0,2,False,1,34.847697,35.6808207,35.75487614,1.0,traverse_first-92d6d9491887,during,2,stark-prime-036,0.0625,3,0.0,0.0,traverse_first,0.47,12.059,2.785696999999999,19.428,typed_chain,True
auto_derived_v0.2,tridb_live,0.0,0.0,27671.0,,,stark_prime,0.0,0.0,1,False,1,2.405442,2.4193263000000003,2.4205604600000004,0.0,traverse_first-a6e5d14e469b,post,2,stark-prime-036,0.0,3,0.0,0.0,traverse_first,0.0,1.229,0.8754419999999998,0.284,typed_chain,True
auto_derived_v0.2,tridb_live,0.0,5.0,27671.0,,,stark_prime,1.0,1.0,2,False,5,34.042573,34.849968399999995,34.92173688,1.0,traverse_first-b279d6126ea0,post,2,stark-prime-036,0.3125,3,0.0,0.0,traverse_first,0.449,11.706,2.650572999999998,19.4,typed_chain,True
auto_derived_v0.2,tridb_live,0.0,0.0,27671.0,,,stark_prime,0.0,0.0,1,False,100,2.036197,2.0632257999999997,2.06562836,0.0,traverse_first-c289b470b52c,post,2,stark-prime-036,0.0,3,0.0,0.0,traverse_first,0.0,1.225,0.528197,0.283,typed_chain,True
auto_derived_v0.2,tridb_live,0.0,5.0,27671.0,,,stark_prime,1.0,1.0,2,False,5,34.014564,34.3442331,34.37353702,1.0,traverse_first-cccdd3ed958f,during,2,stark-prime-036,0.3125,3,0.0,0.0,traverse_first,0.462,11.704,2.5645640000000007,19.4,typed_chain,True
auto_derived_v0.2,tridb_live,0.0,20.0,27671.0,,,stark_prime,1.0,1.0,2,False,20,34.170379,35.4385231,35.55124702,1.0,traverse_first-e4d7ef105a79,during,2,stark-prime-036,0.9375,3,0.0,0.0,traverse_first,0.468,11.783,2.476378999999998,19.448,typed_chain,True
auto_derived_v0.2,tridb_live,0.0,0.0,27671.0,,,stark_prime,0.0,0.0,1,False,5,2.007014,2.0283107,2.0302037399999997,0.0,traverse_first-f0fdb2bba196,post,2,stark-prime-036,0.0,3,0.0,0.0,traverse_first,0.0,1.201,0.5240139999999998,0.284,typed_chain,True
auto_derived_v0.2,tridb_live,0.0,10.0,27671.0,,,stark_prime,1.0,1.0,2,False,10,34.386286,35.0034421,35.05830042,1.0,traverse_first-f9b36ac9da92,during,2,stark-prime-036,0.625,3,0.0,0.0,traverse_first,0.476,11.71,2.6102859999999986,19.399,typed_chain,True
auto_derived_v0.2,tridb_live,0.0,0.0,27671.0,,50.0,stark_prime,0.0,0.0,1,False,50,1.513423,1.6293916,1.63969992,0.0,vector_first-12e4b447491a,post,2,stark-prime-036,0.0,3,0.0,0.0,vector_first,0.661,0.0,0.5108320000000001,0.329,typed_chain,True
auto_derived_v0.2,tridb_live,0.0,0.0,27671.0,,50.0,stark_prime,0.0,0.0,2,False,50,1.307825,1.3396120999999999,1.3424376199999999,0.0,vector_first-2670324e0bc6,during,2,stark-prime-036,0.0,3,0.0,0.0,vector_first,0.629,0.221,0.4561439999999999,0.0,typed_chain,True
auto_derived_v0.2,tridb_live,0.0,0.0,27671.0,,20.0,stark_prime,0.0,0.0,2,False,20,1.280485,2.2169656,2.3002083200000003,0.0,vector_first-27d19d1f923e,during,2,stark-prime-036,0.0,3,0.0,0.0,vector_first,0.572,0.151,0.5664850000000001,0.0,typed_chain,True
auto_derived_v0.2,tridb_live,0.0,0.0,27671.0,,10.0,stark_prime,0.0,0.0,1,False,10,1.542777,1.5846603,1.5883832599999999,0.0,vector_first-404f84e6a5f4,post,2,stark-prime-036,0.0,3,0.0,0.0,vector_first,0.611,0.0,0.609777,0.322,typed_chain,True
auto_derived_v0.2,tridb_live,0.0,0.0,27671.0,,20.0,stark_prime,0.0,0.0,1,False,20,2.17495,2.2443823,2.25055406,0.0,vector_first-4c96de282a3c,during,2,stark-prime-036,0.0,3,0.0,0.0,vector_first,1.087,0.183,0.9049499999999999,0.0,typed_chain,True
auto_derived_v0.2,tridb_live,0.0,0.0,27671.0,,5.0,stark_prime,0.0,0.0,1,False,5,1.523425,1.5433978,1.54517316,0.0,vector_first-539cd672e6b6,post,2,stark-prime-036,0.0,3,0.0,0.0,vector_first,0.592,0.0,0.611425,0.32,typed_chain,True
auto_derived_v0.2,tridb_live,0.0,0.0,27671.0,,100.0,stark_prime,0.0,0.0,2,False,100,21.745267,22.293979,22.3427534,0.0,vector_first-736b83dff9a6,post,2,stark-prime-036,0.0,3,0.0,0.0,vector_first,1.197,0.0,1.330446000000002,19.312,typed_chain,True
auto_derived_v0.2,tridb_live,0.0,0.0,27671.0,,5.0,stark_prime,0.0,0.0,2,False,5,1.211349,1.2349092,1.23700344,0.0,vector_first-7462d459aaf5,during,2,stark-prime-036,0.0,3,0.0,0.0,vector_first,0.558,0.094,0.557349,0.0,typed_chain,True
auto_derived_v0.2,tridb_live,0.0,0.0,27671.0,,1.0,stark_prime,0.0,0.0,2,False,1,21.242951,21.2915771,21.29589942,0.0,vector_first-79d7f13154dd,post,2,stark-prime-036,0.0,3,0.0,0.0,vector_first,0.871,0.0,1.387276,19.017,typed_chain,True
auto_derived_v0.2,tridb_live,0.0,0.0,27671.0,,1.0,stark_prime,0.0,0.0,2,False,1,1.152395,1.5612343999999998,1.5975756799999998,0.0,vector_first-8735078935c5,during,2,stark-prime-036,0.0,3,0.0,0.0,vector_first,0.557,0.049,0.5524129999999999,0.0,typed_chain,True
auto_derived_v0.2,tridb_live,0.0,0.0,27671.0,,10.0,stark_prime,0.0,0.0,1,False,10,1.642844,1.9204139,1.94508678,0.0,vector_first-879c2f5ec6a7,during,2,stark-prime-036,0.0,3,0.0,0.0,vector_first,0.905,0.124,0.614844,0.0,typed_chain,True
auto_derived_v0.2,tridb_live,0.0,0.0,27671.0,,100.0,stark_prime,0.0,0.0,1,False,100,1.988983,2.5944967,2.64832014,0.0,vector_first-95fb2abe9f82,during,2,stark-prime-036,0.0,3,0.0,0.0,vector_first,1.129,0.35,0.5099829999999999,0.0,typed_chain,True
auto_derived_v0.2,tridb_live,0.0,0.0,27671.0,,100.0,stark_prime,0.0,0.0,1,False,100,1.633384,1.7293465,1.7378764999999998,0.0,vector_first-9a76384ab2d2,post,2,stark-prime-036,0.0,3,0.0,0.0,vector_first,0.789,0.0,0.49875800000000003,0.349,typed_chain,True
auto_derived_v0.2,tridb_live,0.0,0.0,27671.0,,10.0,stark_prime,0.0,0.0,2,False,10,1.287588,2.0579358,2.12641116,0.0,vector_first-9e027ae921ee,during,2,stark-prime-036,0.0,3,0.0,0.0,vector_first,0.602,0.126,0.559588,0.0,typed_chain,True
auto_derived_v0.2,tridb_live,0.0,0.0,27671.0,,1.0,stark_prime,0.0,0.0,1,False,1,1.652119,3.5425636,3.71060312,0.0,vector_first-9f2a495d4986,during,2,stark-prime-036,0.0,3,0.0,0.0,vector_first,0.962,0.052,0.6381189999999999,0.0,typed_chain,True
auto_derived_v0.2,tridb_live,0.0,0.0,27671.0,,5.0,stark_prime,0.0,0.0,2,False,5,21.185153,21.3594011,21.37488982,0.0,vector_first-a5b8d6da0107,post,2,stark-prime-036,0.0,3,0.0,0.0,vector_first,0.921,0.0,1.378153000000001,18.948,typed_chain,True
auto_derived_v0.2,tridb_live,0.0,0.0,27671.0,,50.0,stark_prime,0.0,0.0,2,False,50,21.436146,21.970839599999998,22.01836792,0.0,vector_first-a7431c3167bb,post,2,stark-prime-036,0.0,3,0.0,0.0,vector_first,1.025,0.0,1.3560069999999982,19.154,typed_chain,True
auto_derived_v0.2,tridb_live,0.0,0.0,27671.0,,10.0,stark_prime,0.0,0.0,2,False,10,21.304345,21.452872,21.4660744,0.0,vector_first-a802c228be07,post,2,stark-prime-036,0.0,3,0.0,0.0,vector_first,0.854,0.0,1.5563450000000003,19.12,typed_chain,True
auto_derived_v0.2,tridb_live,0.0,0.0,27671.0,,50.0,stark_prime,0.0,0.0,1,False,50,1.653488,2.0840939,2.12236998,0.0,vector_first-b3f469e3373a,during,2,stark-prime-036,0.0,3,0.0,0.0,vector_first,0.937,0.241,0.47548800000000013,0.0,typed_chain,True
auto_derived_v0.2,tridb_live,0.0,0.0,27671.0,,100.0,stark_prime,0.0,0.0,2,False,100,1.628222,1.6434347,1.64478694,0.0,vector_first-b9cbe3a2c022,during,2,stark-prime-036,0.0,3,0.0,0.0,vector_first,0.8,0.341,0.47522200000000003,0.0,typed_chain,True
auto_derived_v0.2,tridb_live,0.0,0.0,27671.0,,1.0,stark_prime,0.0,0.0,1,False,1,1.591226,1.6319618,1.63558276,0.0,vector_first-c1efa57fb2c2,post,2,stark-prime-036,0.0,3,0.0,0.0,vector_first,0.618,0.0,0.6312000000000001,0.328,typed_chain,True
auto_derived_v0.2,tridb_live,0.0,0.0,27671.0,,20.0,stark_prime,0.0,0.0,2,False,20,21.175491,21.206170200000003,21.208897240000002,0.0,vector_first-c9c7dff0ae35,post,2,stark-prime-036,0.0,3,0.0,0.0,vector_first,0.929,0.0,1.3368280000000006,18.987,typed_chain,True
auto_derived_v0.2,tridb_live,0.0,0.0,27671.0,,20.0,stark_prime,0.0,0.0,1,False,20,1.79602,1.8859597,1.89395434,0.0,vector_first-ce905df43902,post,2,stark-prime-036,0.0,3,0.0,0.0,vector_first,0.635,0.0,0.82102,0.329,typed_chain,True
auto_derived_v0.2,tridb_live,0.0,0.0,27671.0,,8.0,stark_prime,0.0,0.0,2,True,8,21.222433,21.4749883,21.497437660000003,0.0,vector_first-ebaeb868fc9b,post,2,stark-prime-036,0.0,3,0.0,0.0,vector_first,0.975,0.0,1.4049429999999994,18.878,typed_chain,True
auto_derived_v0.2,tridb_live,0.0,0.0,27671.0,,5.0,stark_prime,0.0,0.0,1,False,5,1.513606,1.7880511000000001,1.81244622,0.0,vector_first-f0a58d413e0f,during,2,stark-prime-036,0.0,3,0.0,0.0,vector_first,0.838,0.097,0.581606,0.0,typed_chain,True
auto_derived_v0.2,tridb_live,0.0,0.0,4176.0,,50.0,stark_prime,0.0,0.0,1,False,50,13.313944,13.4267536,13.43678112,0.0,filter_first-03f67415e651,pre,2,stark-prime-037,0.0,3,0.0,0.0,filter_first,12.492,0.0,0.709287999999999,0.042,typed_chain,True
auto_derived_v0.2,tridb_live,0.0,0.0,4176.0,,20.0,stark_prime,0.0,0.0,1,False,20,13.458045,13.967938199999999,14.013262039999999,0.0,filter_first-1cad3c1573b2,pre,2,stark-prime-037,0.0,3,0.0,0.0,filter_first,12.676,0.0,0.7380870000000002,0.042,typed_chain,True
auto_derived_v0.2,tridb_live,0.0,0.0,4176.0,,100.0,stark_prime,0.0,0.0,1,False,100,13.344094,13.5229222,13.53881804,0.0,filter_first-2387000dc3a8,pre,2,stark-prime-037,0.0,3,0.0,0.0,filter_first,12.571,0.0,0.732094,0.043,typed_chain,True
auto_derived_v0.2,tridb_live,0.0,0.0,4176.0,,100.0,stark_prime,0.0,0.0,2,False,100,13.290368,13.6216616,13.65110992,0.0,filter_first-28ed17c208d7,pre,2,stark-prime-037,0.0,3,0.0,0.0,filter_first,12.503,0.0,0.7653680000000005,0.062,typed_chain,True
auto_derived_v0.2,tridb_live,0.0,0.0,4176.0,,50.0,stark_prime,0.0,0.0,2,False,50,13.557951,13.930950600000001,13.96410612,0.0,filter_first-2d01f654960c,pre,2,stark-prime-037,0.0,3,0.0,0.0,filter_first,12.57,0.0,0.8673950000000001,0.06,typed_chain,True
auto_derived_v0.2,tridb_live,0.0,0.0,4176.0,,1.0,stark_prime,0.0,0.0,2,False,1,1.547838,1.6003935,1.6050651,0.0,filter_first-3a7f1025f729,pre,2,stark-prime-037,0.0,3,0.0,0.0,filter_first,1.036,0.0,0.4663240000000002,0.044,typed_chain,True
auto_derived_v0.2,tridb_live,0.0,0.0,4176.0,,20.0,stark_prime,0.0,0.0,2,False,20,13.470082,13.528609900000001,13.53381238,0.0,filter_first-46ec65dc7fea,pre,2,stark-prime-037,0.0,3,0.0,0.0,filter_first,12.509,0.0,0.7011130000000012,0.059,typed_chain,True
auto_derived_v0.2,tridb_live,0.0,0.0,4176.0,,10.0,stark_prime,0.0,0.0,1,False,10,13.452833,13.5811622,13.59256924,0.0,filter_first-8532bb36e741,pre,2,stark-prime-037,0.0,3,0.0,0.0,filter_first,12.726,0.0,0.6848329999999994,0.04,typed_chain,True
auto_derived_v0.2,tridb_live,0.0,0.0,4176.0,,5.0,stark_prime,0.0,0.0,1,False,5,13.723105,16.7772928,17.04877616,0.0,filter_first-8699218b4a03,pre,2,stark-prime-037,0.0,3,0.0,0.0,filter_first,13.074,0.0,0.583952,0.039,typed_chain,True
auto_derived_v0.2,tridb_live,0.0,0.0,4176.0,,10.0,stark_prime,0.0,0.0,2,False,10,13.614307,13.636841200000001,13.638844240000001,0.0,filter_first-88d1f0b4340a,pre,2,stark-prime-037,0.0,3,0.0,0.0,filter_first,12.596,0.0,0.8223070000000003,0.059,typed_chain,True
auto_derived_v0.2,tridb_live,0.0,0.0,4176.0,,5.0,stark_prime,0.0,0.0,2,False,5,13.629528,13.8057543,13.821418860000001,0.0,filter_first-bb7c33f6d989,pre,2,stark-prime-037,0.0,3,0.0,0.0,filter_first,12.898,0.0,0.631335,0.06,typed_chain,True
auto_derived_v0.2,tridb_live,0.0,0.0,4176.0,,1.0,stark_prime,0.0,0.0,1,False,1,2.331811,2.5973181999999997,2.62091884,0.0,filter_first-ef43b60e2e3b,pre,2,stark-prime-037,0.0,3,0.0,0.0,filter_first,1.789,0.0,0.511811,0.031,typed_chain,True
auto_derived_v0.2,tridb_live,0.0,0.0,4176.0,,,stark_prime,0.0,0.0,1,False,1,0.502456,0.6915882999999999,0.70840006,0.0,traverse_first-0e65f761853b,during,2,stark-prime-037,0.0,3,0.0,0.0,traverse_first,0.0,0.025,0.45645600000000003,0.021,typed_chain,True
auto_derived_v0.2,tridb_live,0.0,1.0,4176.0,,,stark_prime,1.0,1.0,2,False,1,0.586191,0.6140838000000001,0.61656316,1.0,traverse_first-1401f30333f9,post,2,stark-prime-037,0.25,3,0.0,0.0,traverse_first,0.01,0.113,0.432191,0.029,typed_chain,True
auto_derived_v0.2,tridb_live,0.0,4.0,4176.0,,,stark_prime,1.0,1.0,2,False,50,0.605919,0.6097539,0.61009478,1.0,traverse_first-15df7fd20126,post,2,stark-prime-037,1.0,3,0.0,0.0,traverse_first,0.01,0.113,0.44891899999999996,0.028,typed_chain,True
auto_derived_v0.2,tridb_live,0.0,0.0,4176.0,,,stark_prime,0.0,0.0,1,False,50,0.444218,0.6537812,0.6724090399999999,0.0,traverse_first-18e80c0b50a9,post,2,stark-prime-037,0.0,3,0.0,0.0,traverse_first,0.0,0.017,0.414218,0.013,typed_chain,True
auto_derived_v0.2,tridb_live,0.0,0.0,4176.0,,,stark_prime,0.0,0.0,1,False,5,0.453243,0.466914,0.46812919999999997,0.0,traverse_first-2ef9d31e2115,during,2,stark-prime-037,0.0,3,0.0,0.0,traverse_first,0.0,0.017,0.42142900000000005,0.015,typed_chain,True
auto_derived_v0.2,tridb_live,0.0,0.0,4176.0,,,stark_prime,0.0,0.0,1,False,100,0.449346,0.4776654,0.48018268000000003,0.0,traverse_first-3161568b8481,during,2,stark-prime-037,0.0,3,0.0,0.0,traverse_first,0.0,0.018,0.419346,0.013,typed_chain,True
auto_derived_v0.2,tridb_live,0.0,4.0,4176.0,,,stark_prime,1.0,1.0,2,False,50,0.593844,0.6314658000000001,0.63480996,1.0,traverse_first-532feb3a2124,during,2,stark-prime-037,1.0,3,0.0,0.0,traverse_first,0.01,0.112,0.442844,0.031,typed_chain,True
auto_derived_v0.2,tridb_live,0.0,4.0,4176.0,,,stark_prime,1.0,1.0,2,False,10,0.617466,0.7034106,0.71105012,1.0,traverse_first-5be44627d46d,post,2,stark-prime-037,1.0,3,0.0,0.0,traverse_first,0.01,0.116,0.46246599999999993,0.029,typed_chain,True
auto_derived_v0.2,tridb_live,0.0,4.0,4176.0,,,stark_prime,1.0,1.0,2,False,20,0.613203,0.6541674000000001,0.65780868,1.0,traverse_first-5dac164247a2,post,2,stark-prime-037,1.0,3,0.0,0.0,traverse_first,0.01,0.111,0.46220300000000003,0.03,typed_chain,True
auto_derived_v0.2,tridb_live,0.0,4.0,4176.0,,,stark_prime,1.0,1.0,2,False,100,0.574517,0.576416,0.5765848,1.0,traverse_first-6c308678a8d4,post,2,stark-prime-037,1.0,3,0.0,0.0,traverse_first,0.01,0.112,0.423354,0.026,typed_chain,True
auto_derived_v0.2,tridb_live,0.0,0.0,4176.0,,,stark_prime,0.0,0.0,1,False,20,0.474244,0.6205894,0.6335978800000001,0.0,traverse_first-6e5585f7fa7d,during,2,stark-prime-037,0.0,3,0.0,0.0,traverse_first,0.0,0.019,0.44124399999999997,0.014,typed_chain,True
auto_derived_v0.2,tridb_live,0.0,4.0,4176.0,,,stark_prime,1.0,1.0,2,False,100,0.584984,0.5855834,0.58563668,1.0,traverse_first-702b20668df6,during,2,stark-prime-037,1.0,3,0.0,0.0,traverse_first,0.009,0.116,0.4269839999999999,0.03,typed_chain,True
auto_derived_v0.2,tridb_live,0.0,0.0,4176.0,,,stark_prime,0.0,0.0,1,False,20,0.46627,0.4751233,0.47591026000000003,0.0,traverse_first-76359c42693a,post,2,stark-prime-037,0.0,3,0.0,0.0,traverse_first,0.0,0.019,0.43527000000000005,0.014,typed_chain,True
auto_derived_v0.2,tridb_live,0.0,0.0,4176.0,,,stark_prime,0.0,0.0,1,False,10,0.448275,0.44995440000000003,0.45010368,0.0,traverse_first-7e45a5be9de9,post,2,stark-prime-037,0.0,3,0.0,0.0,traverse_first,0.0,0.017,0.41527499999999995,0.013,typed_chain,True
auto_derived_v0.2,tridb_live,0.0,0.0,4176.0,,,stark_prime,0.0,0.0,1,False,50,0.47724,0.4891398,0.49019756000000003,0.0,traverse_first-82c8aed23797,during,2,stark-prime-037,0.0,3,0.0,0.0,traverse_first,0.0,0.02,0.43724,0.017,typed_chain,True
auto_derived_v0.2,tridb_live,0.0,0.0,4176.0,,,stark_prime,0.0,0.0,1,False,10,0.443802,0.44676479999999996,0.44702816,0.0,traverse_first-8d055dcb7096,during,2,stark-prime-037,0.0,3,0.0,0.0,traverse_first,0.0,0.017,0.411802,0.015,typed_chain,True
auto_derived_v0.2,tridb_live,0.0,1.0,4176.0,,,stark_prime,1.0,1.0,2,False,1,0.66817,0.9356445999999999,0.95942012,1.0,traverse_first-92d6d9491887,during,2,stark-prime-037,0.25,3,0.0,0.0,traverse_first,0.013,0.131,0.45339100000000004,0.028,typed_chain,True
auto_derived_v0.2,tridb_live,0.0,0.0,4176.0,,,stark_prime,0.0,0.0,1,False,1,0.455687,0.464885,0.4657026,0.0,traverse_first-a6e5d14e469b,post,2,stark-prime-037,0.0,3,0.0,0.0,traverse_first,0.0,0.017,0.42368700000000004,0.015,typed_chain,True
auto_derived_v0.2,tridb_live,0.0,4.0,4176.0,,,stark_prime,1.0,1.0,2,False,5,0.576285,0.5879427,0.5889789400000001,1.0,traverse_first-b279d6126ea0,post,2,stark-prime-037,1.0,3,0.0,0.0,traverse_first,0.01,0.114,0.423285,0.026,typed_chain,True
auto_derived_v0.2,tridb_live,0.0,0.0,4176.0,,,stark_prime,0.0,0.0,1,False,100,0.452659,0.5590138,0.56846756,0.0,traverse_first-c289b470b52c,post,2,stark-prime-037,0.0,3,0.0,0.0,traverse_first,0.0,0.017,0.42365899999999995,0.013,typed_chain,True
auto_derived_v0.2,tridb_live,0.0,4.0,4176.0,,,stark_prime,1.0,1.0,2,False,5,0.579034,0.5841118,0.58456316,1.0,traverse_first-cccdd3ed958f,during,2,stark-prime-037,1.0,3,0.0,0.0,traverse_first,0.012,0.112,0.428034,0.031,typed_chain,True
auto_derived_v0.2,tridb_live,0.0,4.0,4176.0,,,stark_prime,1.0,1.0,2,False,20,0.594733,0.5996839,0.60012398,1.0,traverse_first-e4d7ef105a79,during,2,stark-prime-037,1.0,3,0.0,0.0,traverse_first,0.011,0.115,0.439064,0.03,typed_chain,True
auto_derived_v0.2,tridb_live,0.0,0.0,4176.0,,,stark_prime,0.0,0.0,1,False,5,0.443729,0.4460978,0.44630836,0.0,traverse_first-f0fdb2bba196,post,2,stark-prime-037,0.0,3,0.0,0.0,traverse_first,0.0,0.018,0.412212,0.014,typed_chain,True
auto_derived_v0.2,tridb_live,0.0,4.0,4176.0,,,stark_prime,1.0,1.0,2,False,10,0.604858,0.6488896,0.65280352,1.0,traverse_first-f9b36ac9da92,during,2,stark-prime-037,1.0,3,0.0,0.0,traverse_first,0.013,0.117,0.416119,0.033,typed_chain,True
auto_derived_v0.2,tridb_live,0.0,0.0,4176.0,,50.0,stark_prime,0.0,0.0,1,False,50,1.75069,1.7777197,1.7801223400000001,0.0,vector_first-12e4b447491a,post,2,stark-prime-037,0.0,3,0.0,0.0,vector_first,1.192,0.0,0.5257230000000002,0.029,typed_chain,True
auto_derived_v0.2,tridb_live,0.0,0.0,4176.0,,50.0,stark_prime,0.0,0.0,2,False,50,2.020279,2.0743069,2.07910938,0.0,vector_first-2670324e0bc6,during,2,stark-prime-037,0.0,3,0.0,0.0,vector_first,1.193,0.236,0.517072,0.045,typed_chain,True
auto_derived_v0.2,tridb_live,0.0,0.0,4176.0,,20.0,stark_prime,0.0,0.0,2,False,20,1.733669,1.7664335,1.7693459,0.0,vector_first-27d19d1f923e,during,2,stark-prime-037,0.0,3,0.0,0.0,vector_first,1.075,0.141,0.4770730000000001,0.039,typed_chain,True
auto_derived_v0.2,tridb_live,0.0,0.0,4176.0,,10.0,stark_prime,0.0,0.0,1,False,10,1.689948,1.9710567,1.99604414,0.0,vector_first-404f84e6a5f4,post,2,stark-prime-037,0.0,3,0.0,0.0,vector_first,1.094,0.0,0.557639,0.03,typed_chain,True
auto_derived_v0.2,tridb_live,0.0,0.0,4176.0,,20.0,stark_prime,0.0,0.0,1,False,20,1.947203,2.0049065,2.0100357,0.0,vector_first-4c96de282a3c,during,2,stark-prime-037,0.0,3,0.0,0.0,vector_first,1.203,0.168,0.5423180000000001,0.028,typed_chain,True
auto_derived_v0.2,tridb_live,0.0,0.0,4176.0,,5.0,stark_prime,0.0,0.0,1,False,5,1.741986,1.7434809,1.74361378,0.0,vector_first-539cd672e6b6,post,2,stark-prime-037,0.0,3,0.0,0.0,vector_first,1.106,0.0,0.5286469999999999,0.031,typed_chain,True
auto_derived_v0.2,tridb_live,0.0,0.0,4176.0,,100.0,stark_prime,0.0,0.0,2,False,100,2.071219,2.2763281,2.29456002,0.0,vector_first-736b83dff9a6,post,2,stark-prime-037,0.0,3,0.0,0.0,vector_first,1.424,0.0,0.6012190000000002,0.045,typed_chain,True
auto_derived_v0.2,tridb_live,0.0,0.0,4176.0,,5.0,stark_prime,0.0,0.0,2,False,5,1.673994,1.7031612,1.70575384,0.0,vector_first-7462d459aaf5,during,2,stark-prime-037,0.0,3,0.0,0.0,vector_first,1.061,0.099,0.4709939999999999,0.043,typed_chain,True
auto_derived_v0.2,tridb_live,0.0,0.0,4176.0,,1.0,stark_prime,0.0,0.0,2,False,1,1.571302,1.9218420999999999,1.95300122,0.0,vector_first-79d7f13154dd,post,2,stark-prime-037,0.0,3,0.0,0.0,vector_first,1.018,0.0,0.4973019999999999,0.055,typed_chain,True
auto_derived_v0.2,tridb_live,0.0,0.0,4176.0,,1.0,stark_prime,0.0,0.0,2,False,1,1.754395,1.9081716999999998,1.92184074,0.0,vector_first-8735078935c5,during,2,stark-prime-037,0.0,3,0.0,0.0,vector_first,1.137,0.051,0.6303949999999998,0.0,typed_chain,True
auto_derived_v0.2,tridb_live,0.0,0.0,4176.0,,10.0,stark_prime,0.0,0.0,1,False,10,1.733317,1.7846962,1.78926324,0.0,vector_first-879c2f5ec6a7,during,2,stark-prime-037,0.0,3,0.0,0.0,vector_first,1.107,0.118,0.47004999999999986,0.028,typed_chain,True
auto_derived_v0.2,tridb_live,0.0,0.0,4176.0,,100.0,stark_prime,0.0,0.0,1,False,100,2.550527,2.5916876,2.59534632,0.0,vector_first-95fb2abe9f82,during,2,stark-prime-037,0.0,3,0.0,0.0,vector_first,1.433,0.409,0.5363800000000001,0.03,typed_chain,True
auto_derived_v0.2,tridb_live,0.0,0.0,4176.0,,100.0,stark_prime,0.0,0.0,1,False,100,1.843663,1.8856255,1.8893555,0.0,vector_first-9a76384ab2d2,post,2,stark-prime-037,0.0,3,0.0,0.0,vector_first,1.319,0.0,0.5146630000000001,0.029,typed_chain,True
auto_derived_v0.2,tridb_live,0.0,0.0,4176.0,,10.0,stark_prime,0.0,0.0,2,False,10,1.710903,1.7531796,1.75693752,0.0,vector_first-9e027ae921ee,during,2,stark-prime-037,0.0,3,0.0,0.0,vector_first,1.065,0.126,0.4929030000000001,0.042,typed_chain,True
auto_derived_v0.2,tridb_live,0.0,0.0,4176.0,,1.0,stark_prime,0.0,0.0,1,False,1,2.510342,2.758832,2.78092,0.0,vector_first-9f2a495d4986,during,2,stark-prime-037,0.0,3,0.0,0.0,vector_first,2.018,0.04,0.4553419999999999,0.0,typed_chain,True
auto_derived_v0.2,tridb_live,0.0,0.0,4176.0,,5.0,stark_prime,0.0,0.0,2,False,5,1.535199,1.5605664,1.56282128,0.0,vector_first-a5b8d6da0107,post,2,stark-prime-037,0.0,3,0.0,0.0,vector_first,1.024,0.0,0.4691989999999999,0.042,typed_chain,True
auto_derived_v0.2,tridb_live,0.0,0.0,4176.0,,50.0,stark_prime,0.0,0.0,2,False,50,1.819058,2.314193,2.358205,0.0,vector_first-a7431c3167bb,post,2,stark-prime-037,0.0,3,0.0,0.0,vector_first,1.26,0.0,0.5288140000000001,0.047,typed_chain,True
auto_derived_v0.2,tridb_live,0.0,0.0,4176.0,,10.0,stark_prime,0.0,0.0,2,False,10,1.767634,1.7919322,1.79409204,0.0,vector_first-a802c228be07,post,2,stark-prime-037,0.0,3,0.0,0.0,vector_first,1.107,0.0,0.549634,0.048,typed_chain,True
auto_derived_v0.2,tridb_live,0.0,0.0,4176.0,,50.0,stark_prime,0.0,0.0,1,False,50,2.187649,2.2174336,2.22008112,0.0,vector_first-b3f469e3373a,during,2,stark-prime-037,0.0,3,0.0,0.0,vector_first,1.396,0.242,0.5049620000000001,0.029,typed_chain,True
auto_derived_v0.2,tridb_live,0.0,0.0,4176.0,,100.0,stark_prime,0.0,0.0,2,False,100,2.391201,2.4599718,2.46608476,0.0,vector_first-b9cbe3a2c022,during,2,stark-prime-037,0.0,3,0.0,0.0,vector_first,1.431,0.383,0.529201,0.048,typed_chain,True
auto_derived_v0.2,tridb_live,0.0,0.0,4176.0,,1.0,stark_prime,0.0,0.0,1,False,1,1.827062,2.0557592000000002,2.07608784,0.0,vector_first-c1efa57fb2c2,post,2,stark-prime-037,0.0,3,0.0,0.0,vector_first,1.213,0.0,0.5601700000000003,0.036,typed_chain,True
auto_derived_v0.2,tridb_live,0.0,0.0,4176.0,,20.0,stark_prime,0.0,0.0,2,False,20,1.743595,1.9766149,1.99732778,0.0,vector_first-c9c7dff0ae35,post,2,stark-prime-037,0.0,3,0.0,0.0,vector_first,1.15,0.0,0.5495950000000001,0.044,typed_chain,True
auto_derived_v0.2,tridb_live,0.0,0.0,4176.0,,20.0,stark_prime,0.0,0.0,1,False,20,1.603182,1.6629222,1.66823244,0.0,vector_first-ce905df43902,post,2,stark-prime-037,0.0,3,0.0,0.0,vector_first,1.091,0.0,0.481182,0.03,typed_chain,True
auto_derived_v0.2,tridb_live,0.0,0.0,4176.0,,8.0,stark_prime,0.0,0.0,2,True,8,1.594882,1.6198228000000001,1.62203976,0.0,vector_first-ebaeb868fc9b,post,2,stark-prime-037,0.0,3,0.0,0.0,vector_first,1.081,0.0,0.4728819999999998,0.043,typed_chain,True
auto_derived_v0.2,tridb_live,0.0,0.0,4176.0,,5.0,stark_prime,0.0,0.0,1,False,5,1.661259,2.3843982,2.44867724,0.0,vector_first-f0a58d413e0f,during,2,stark-prime-037,0.0,3,0.0,0.0,vector_first,1.057,0.092,0.48722200000000004,0.028,typed_chain,True
auto_derived_v0.2,tridb_live,0.0,0.0,17080.0,,50.0,stark_prime,0.0,0.0,1,False,50,60.09209,67.1553053,67.78314666,0.0,filter_first-03f67415e651,pre,2,stark-prime-038,0.0,3,0.0,0.0,filter_first,59.125,0.0,0.9140900000000016,0.055,typed_chain,True
auto_derived_v0.2,tridb_live,0.0,0.0,17080.0,,20.0,stark_prime,0.0,0.0,1,False,20,2.870586,4.3104438,4.43843116,0.0,filter_first-1cad3c1573b2,pre,2,stark-prime-038,0.0,3,0.0,0.0,filter_first,2.042,0.0,0.571428,0.031,typed_chain,True
auto_derived_v0.2,tridb_live,0.0,0.0,17080.0,,100.0,stark_prime,0.0,0.0,1,False,100,54.68145,55.2701922,55.32252484,0.0,filter_first-2387000dc3a8,pre,2,stark-prime-038,0.0,3,0.0,0.0,filter_first,53.658,0.0,0.9674499999999995,0.056,typed_chain,True
auto_derived_v0.2,tridb_live,0.0,4.0,17080.0,,100.0,stark_prime,1.0,1.0,2,False,100,53.857134,54.5885379,54.65355158,1.0,filter_first-28ed17c208d7,pre,2,stark-prime-038,1.0,3,0.0,0.0,filter_first,52.611,0.0,1.151133999999999,0.16,typed_chain,True
auto_derived_v0.2,tridb_live,0.0,3.0,17080.0,,50.0,stark_prime,1.0,1.0,2,False,50,54.629897,55.0937507,55.134982140000005,1.0,filter_first-2d01f654960c,pre,2,stark-prime-038,1.0,3,0.0,0.0,filter_first,53.656,0.0,0.8652960000000007,0.165,typed_chain,True
auto_derived_v0.2,tridb_live,0.0,1.0,17080.0,,1.0,stark_prime,1.0,1.0,2,False,1,1.36027,1.7239393,1.75626546,1.0,filter_first-3a7f1025f729,pre,2,stark-prime-038,1.0,3,0.0,0.0,filter_first,0.774,0.0,0.4722700000000001,0.078,typed_chain,True
auto_derived_v0.2,tridb_live,0.0,2.0,17080.0,,20.0,stark_prime,1.0,1.0,2,False,20,2.084917,2.1638938,2.17091396,1.0,filter_first-46ec65dc7fea,pre,2,stark-prime-038,1.0,3,0.0,0.0,filter_first,1.488,0.0,0.499158,0.116,typed_chain,True
auto_derived_v0.2,tridb_live,0.0,0.0,17080.0,,10.0,stark_prime,0.0,0.0,1,False,10,1.26955,1.3211038,1.32568636,0.0,filter_first-8532bb36e741,pre,2,stark-prime-038,0.0,3,0.0,0.0,filter_first,0.788,0.0,0.462832,0.027,typed_chain,True
auto_derived_v0.2,tridb_live,0.0,0.0,17080.0,,5.0,stark_prime,0.0,0.0,1,False,5,1.280072,1.480682,1.498514,0.0,filter_first-8699218b4a03,pre,2,stark-prime-038,0.0,3,0.0,0.0,filter_first,0.777,0.0,0.47407200000000005,0.029,typed_chain,True
auto_derived_v0.2,tridb_live,0.0,2.0,17080.0,,10.0,stark_prime,1.0,1.0,2,False,10,1.35089,1.8763127,1.92301694,1.0,filter_first-88d1f0b4340a,pre,2,stark-prime-038,1.0,3,0.0,0.0,filter_first,0.769,0.0,0.4668899999999999,0.115,typed_chain,True
auto_derived_v0.2,tridb_live,0.0,1.0,17080.0,,5.0,stark_prime,1.0,1.0,2,False,5,1.323217,1.3244887,1.32460174,1.0,filter_first-bb7c33f6d989,pre,2,stark-prime-038,1.0,3,0.0,0.0,filter_first,0.742,0.0,0.46163,0.115,typed_chain,True
auto_derived_v0.2,tridb_live,0.0,0.0,17080.0,,1.0,stark_prime,0.0,0.0,1,False,1,1.760316,2.189706,2.227874,0.0,filter_first-ef43b60e2e3b,pre,2,stark-prime-038,0.0,3,0.0,0.0,filter_first,1.241,0.0,0.492316,0.03,typed_chain,True
auto_derived_v0.2,tridb_live,0.0,0.0,17080.0,,,stark_prime,0.0,0.0,1,False,1,0.930409,0.9861028000000001,0.99105336,0.0,traverse_first-0e65f761853b,during,2,stark-prime-038,0.0,3,0.0,0.0,traverse_first,0.0,0.038,0.786409,0.021,typed_chain,True
auto_derived_v0.2,tridb_live,0.0,1.0,17080.0,,,stark_prime,1.0,1.0,2,False,1,1.200883,1.2036874,1.20393668,1.0,traverse_first-1401f30333f9,post,2,stark-prime-038,1.0,3,0.0,0.0,traverse_first,0.267,0.367,0.45699900000000004,0.111,typed_chain,True
auto_derived_v0.2,tridb_live,0.0,20.0,17080.0,,,stark_prime,1.0,1.0,2,False,50,1.212228,1.2404979,1.2430107799999999,1.0,traverse_first-15df7fd20126,post,2,stark-prime-038,1.0,3,0.0,0.0,traverse_first,0.259,0.361,0.4892280000000001,0.11,typed_chain,True
auto_derived_v0.2,tridb_live,0.0,0.0,17080.0,,,stark_prime,0.0,0.0,1,False,50,0.457942,0.4746919,0.47618078,0.0,traverse_first-18e80c0b50a9,post,2,stark-prime-038,0.0,3,0.0,0.0,traverse_first,0.0,0.028,0.41494200000000003,0.015,typed_chain,True
auto_derived_v0.2,tridb_live,0.0,0.0,17080.0,,,stark_prime,0.0,0.0,1,False,5,0.466916,0.48460190000000003,0.48617398,0.0,traverse_first-2ef9d31e2115,during,2,stark-prime-038,0.0,3,0.0,0.0,traverse_first,0.0,0.029,0.422916,0.017,typed_chain,True
auto_derived_v0.2,tridb_live,0.0,0.0,17080.0,,,stark_prime,0.0,0.0,1,False,100,0.516693,0.5480859,0.55087638,0.0,traverse_first-3161568b8481,during,2,stark-prime-038,0.0,3,0.0,0.0,traverse_first,0.0,0.044,0.44769299999999995,0.022,typed_chain,True
auto_derived_v0.2,tridb_live,0.0,20.0,17080.0,,,stark_prime,1.0,1.0,2,False,50,1.208134,1.2494386,1.2531101199999999,1.0,traverse_first-532feb3a2124,during,2,stark-prime-038,1.0,3,0.0,0.0,traverse_first,0.272,0.365,0.4754400000000001,0.112,typed_chain,True
auto_derived_v0.2,tridb_live,0.0,10.0,17080.0,,,stark_prime,1.0,1.0,2,False,10,1.233499,1.2344872,1.23457504,1.0,traverse_first-5be44627d46d,post,2,stark-prime-038,1.0,3,0.0,0.0,traverse_first,0.259,0.36,0.4904989999999999,0.112,typed_chain,True
auto_derived_v0.2,tridb_live,0.0,20.0,17080.0,,,stark_prime,1.0,1.0,2,False,20,1.20227,1.2170579,1.21837238,1.0,traverse_first-5dac164247a2,post,2,stark-prime-038,1.0,3,0.0,0.0,traverse_first,0.258,0.357,0.47270100000000004,0.114,typed_chain,True
auto_derived_v0.2,tridb_live,0.0,20.0,17080.0,,,stark_prime,1.0,1.0,2,False,100,1.234883,1.2601451000000001,1.2623906200000001,1.0,traverse_first-6c308678a8d4,post,2,stark-prime-038,1.0,3,0.0,0.0,traverse_first,0.263,0.353,0.49595200000000006,0.123,typed_chain,True
auto_derived_v0.2,tridb_live,0.0,0.0,17080.0,,,stark_prime,0.0,0.0,1,False,20,0.470865,0.5036484,0.50656248,0.0,traverse_first-6e5585f7fa7d,during,2,stark-prime-038,0.0,3,0.0,0.0,traverse_first,0.0,0.031,0.425865,0.016,typed_chain,True
auto_derived_v0.2,tridb_live,0.0,20.0,17080.0,,,stark_prime,1.0,1.0,2,False,100,1.257043,1.2701272000000001,1.2712902400000001,1.0,traverse_first-702b20668df6,during,2,stark-prime-038,1.0,3,0.0,0.0,traverse_first,0.271,0.366,0.4890429999999999,0.118,typed_chain,True
auto_derived_v0.2,tridb_live,0.0,0.0,17080.0,,,stark_prime,0.0,0.0,1,False,20,0.452924,0.4552793,0.45548866,0.0,traverse_first-76359c42693a,post,2,stark-prime-038,0.0,3,0.0,0.0,traverse_first,0.0,0.028,0.409924,0.014,typed_chain,True
auto_derived_v0.2,tridb_live,0.0,0.0,17080.0,,,stark_prime,0.0,0.0,1,False,10,0.494732,0.5535137,0.55873874,0.0,traverse_first-7e45a5be9de9,post,2,stark-prime-038,0.0,3,0.0,0.0,traverse_first,0.0,0.029,0.451732,0.014,typed_chain,True
auto_derived_v0.2,tridb_live,0.0,0.0,17080.0,,,stark_prime,0.0,0.0,1,False,50,0.459441,0.4953519,0.49854398,0.0,traverse_first-82c8aed23797,during,2,stark-prime-038,0.0,3,0.0,0.0,traverse_first,0.0,0.03,0.416441,0.014,typed_chain,True
auto_derived_v0.2,tridb_live,0.0,0.0,17080.0,,,stark_prime,0.0,0.0,1,False,10,0.511055,0.8008576999999999,0.82661794,0.0,traverse_first-8d055dcb7096,during,2,stark-prime-038,0.0,3,0.0,0.0,traverse_first,0.0,0.029,0.46805500000000005,0.017,typed_chain,True
auto_derived_v0.2,tridb_live,0.0,1.0,17080.0,,,stark_prime,1.0,1.0,2,False,1,1.322046,1.4816753999999999,1.49586468,1.0,traverse_first-92d6d9491887,during,2,stark-prime-038,1.0,3,0.0,0.0,traverse_first,0.336,0.405,0.4644529999999999,0.116,typed_chain,True
auto_derived_v0.2,tridb_live,0.0,0.0,17080.0,,,stark_prime,0.0,0.0,1,False,1,0.469998,0.48403979999999996,0.48528795999999996,0.0,traverse_first-a6e5d14e469b,post,2,stark-prime-038,0.0,3,0.0,0.0,traverse_first,0.0,0.03,0.42399800000000004,0.015,typed_chain,True
auto_derived_v0.2,tridb_live,0.0,5.0,17080.0,,,stark_prime,1.0,1.0,2,False,5,1.18875,1.2170172000000001,1.21952984,1.0,traverse_first-b279d6126ea0,post,2,stark-prime-038,1.0,3,0.0,0.0,traverse_first,0.262,0.361,0.45545900000000006,0.12,typed_chain,True
auto_derived_v0.2,tridb_live,0.0,0.0,17080.0,,,stark_prime,0.0,0.0,1,False,100,0.492728,0.7816523,0.80733446,0.0,traverse_first-c289b470b52c,post,2,stark-prime-038,0.0,3,0.0,0.0,traverse_first,0.0,0.03,0.448728,0.015,typed_chain,True
auto_derived_v0.2,tridb_live,0.0,5.0,17080.0,,,stark_prime,1.0,1.0,2,False,5,1.206771,1.2145614,1.2152538800000001,1.0,traverse_first-cccdd3ed958f,during,2,stark-prime-038,1.0,3,0.0,0.0,traverse_first,0.27,0.363,0.46377100000000004,0.106,typed_chain,True
auto_derived_v0.2,tridb_live,0.0,20.0,17080.0,,,stark_prime,1.0,1.0,2,False,20,1.207117,1.2108574,1.21118988,1.0,traverse_first-e4d7ef105a79,during,2,stark-prime-038,1.0,3,0.0,0.0,traverse_first,0.256,0.36,0.471117,0.115,typed_chain,True
auto_derived_v0.2,tridb_live,0.0,0.0,17080.0,,,stark_prime,0.0,0.0,1,False,5,0.451352,0.4553066,0.45565812,0.0,traverse_first-f0fdb2bba196,post,2,stark-prime-038,0.0,3,0.0,0.0,traverse_first,0.0,0.028,0.40778800000000004,0.014,typed_chain,True
auto_derived_v0.2,tridb_live,0.0,10.0,17080.0,,,stark_prime,1.0,1.0,2,False,10,1.265871,1.3079487,1.31168894,1.0,traverse_first-f9b36ac9da92,during,2,stark-prime-038,1.0,3,0.0,0.0,traverse_first,0.268,0.374,0.49387099999999995,0.119,typed_chain,True
auto_derived_v0.2,tridb_live,0.0,0.0,17080.0,,50.0,stark_prime,0.0,0.0,1,False,50,1.437429,2.125839,2.187031,0.0,vector_first-12e4b447491a,post,2,stark-prime-038,0.0,3,0.0,0.0,vector_first,0.884,0.0,0.4974290000000001,0.029,typed_chain,True
auto_derived_v0.2,tridb_live,0.0,2.0,17080.0,,50.0,stark_prime,1.0,1.0,2,False,50,1.711241,1.7502596,1.75372792,1.0,vector_first-2670324e0bc6,during,2,stark-prime-038,1.0,3,0.0,0.0,vector_first,0.882,0.234,0.497595,0.12,typed_chain,True
auto_derived_v0.2,tridb_live,0.0,1.0,17080.0,,20.0,stark_prime,1.0,1.0,2,False,20,1.57964,1.6651616,1.67276352,1.0,vector_first-27d19d1f923e,during,2,stark-prime-038,1.0,3,0.0,0.0,vector_first,0.79,0.139,0.5376399999999999,0.113,typed_chain,True
auto_derived_v0.2,tridb_live,0.0,0.0,17080.0,,10.0,stark_prime,0.0,0.0,1,False,10,1.404706,1.4320336,1.43446272,0.0,vector_first-404f84e6a5f4,post,2,stark-prime-038,0.0,3,0.0,0.0,vector_first,0.798,0.0,0.577516,0.033,typed_chain,True
auto_derived_v0.2,tridb_live,0.0,0.0,17080.0,,20.0,stark_prime,0.0,0.0,1,False,20,1.701679,1.7798089,1.78675378,0.0,vector_first-4c96de282a3c,during,2,stark-prime-038,0.0,3,0.0,0.0,vector_first,0.788,0.139,0.746679,0.028,typed_chain,True
auto_derived_v0.2,tridb_live,0.0,0.0,17080.0,,5.0,stark_prime,0.0,0.0,1,False,5,1.215076,1.394959,1.4109486,0.0,vector_first-539cd672e6b6,post,2,stark-prime-038,0.0,3,0.0,0.0,vector_first,0.725,0.0,0.47807600000000006,0.028,typed_chain,True
auto_derived_v0.2,tridb_live,0.0,2.0,17080.0,,100.0,stark_prime,1.0,1.0,2,False,100,1.700614,1.7939691999999998,1.8022674399999998,1.0,vector_first-736b83dff9a6,post,2,stark-prime-038,1.0,3,0.0,0.0,vector_first,1.029,0.049,0.4926140000000001,0.124,typed_chain,True
auto_derived_v0.2,tridb_live,0.0,1.0,17080.0,,5.0,stark_prime,1.0,1.0,2,False,5,1.438332,1.4959005,1.5010177,1.0,vector_first-7462d459aaf5,during,2,stark-prime-038,1.0,3,0.0,0.0,vector_first,0.771,0.095,0.47175900000000004,0.113,typed_chain,True
auto_derived_v0.2,tridb_live,0.0,1.0,17080.0,,1.0,stark_prime,1.0,1.0,2,False,1,1.283111,1.2976127,1.29890174,1.0,vector_first-79d7f13154dd,post,2,stark-prime-038,1.0,3,0.0,0.0,vector_first,0.703,0.031,0.475224,0.071,typed_chain,True
auto_derived_v0.2,tridb_live,0.0,1.0,17080.0,,1.0,stark_prime,1.0,1.0,2,False,1,1.342184,1.352624,1.353552,1.0,vector_first-8735078935c5,during,2,stark-prime-038,1.0,3,0.0,0.0,vector_first,0.735,0.038,0.5057840000000001,0.07,typed_chain,True
auto_derived_v0.2,tridb_live,0.0,0.0,17080.0,,10.0,stark_prime,0.0,0.0,1,False,10,1.55696,1.5756548,1.5773165599999999,0.0,vector_first-879c2f5ec6a7,during,2,stark-prime-038,0.0,3,0.0,0.0,vector_first,0.792,0.125,0.6067319999999999,0.032,typed_chain,True
auto_derived_v0.2,tridb_live,0.0,0.0,17080.0,,100.0,stark_prime,0.0,0.0,1,False,100,2.181179,2.2606868,2.26775416,0.0,vector_first-95fb2abe9f82,during,2,stark-prime-038,0.0,3,0.0,0.0,vector_first,1.074,0.36,0.5195210000000001,0.029,typed_chain,True
auto_derived_v0.2,tridb_live,0.0,0.0,17080.0,,100.0,stark_prime,0.0,0.0,1,False,100,1.647189,1.8699102,1.8897076400000001,0.0,vector_first-9a76384ab2d2,post,2,stark-prime-038,0.0,3,0.0,0.0,vector_first,1.11,0.0,0.508473,0.031,typed_chain,True
auto_derived_v0.2,tridb_live,0.0,1.0,17080.0,,10.0,stark_prime,1.0,1.0,2,False,10,1.660245,1.6943181,1.6973468200000001,1.0,vector_first-9e027ae921ee,during,2,stark-prime-038,1.0,3,0.0,0.0,vector_first,0.826,0.124,0.5887200000000001,0.123,typed_chain,True
auto_derived_v0.2,tridb_live,0.0,0.0,17080.0,,1.0,stark_prime,0.0,0.0,1,False,1,1.924034,2.1832106,2.20624852,0.0,vector_first-9f2a495d4986,during,2,stark-prime-038,0.0,3,0.0,0.0,vector_first,1.39,0.037,0.46700799999999987,0.026,typed_chain,True
auto_derived_v0.2,tridb_live,0.0,1.0,17080.0,,5.0,stark_prime,1.0,1.0,2,False,5,1.538524,2.1994156,2.2581615200000003,1.0,vector_first-a5b8d6da0107,post,2,stark-prime-038,1.0,3,0.0,0.0,vector_first,0.749,0.031,0.637524,0.121,typed_chain,True
auto_derived_v0.2,tridb_live,0.0,2.0,17080.0,,50.0,stark_prime,1.0,1.0,2,False,50,1.504006,1.5307567,1.5331345399999998,1.0,vector_first-a7431c3167bb,post,2,stark-prime-038,1.0,3,0.0,0.0,vector_first,0.866,0.043,0.4799169999999999,0.116,typed_chain,True
auto_derived_v0.2,tridb_live,0.0,1.0,17080.0,,10.0,stark_prime,1.0,1.0,2,False,10,1.566232,1.6681156,1.67717192,1.0,vector_first-a802c228be07,post,2,stark-prime-038,1.0,3,0.0,0.0,vector_first,0.789,0.036,0.6162320000000001,0.118,typed_chain,True
auto_derived_v0.2,tridb_live,0.0,0.0,17080.0,,50.0,stark_prime,0.0,0.0,1,False,50,1.980051,2.0576724,2.06457208,0.0,vector_first-b3f469e3373a,during,2,stark-prime-038,0.0,3,0.0,0.0,vector_first,0.925,0.222,0.7762359999999999,0.027,typed_chain,True
auto_derived_v0.2,tridb_live,0.0,2.0,17080.0,,100.0,stark_prime,1.0,1.0,2,False,100,2.062585,2.0683216,2.06883152,1.0,vector_first-b9cbe3a2c022,during,2,stark-prime-038,1.0,3,0.0,0.0,vector_first,1.037,0.365,0.507585,0.129,typed_chain,True
auto_derived_v0.2,tridb_live,0.0,0.0,17080.0,,1.0,stark_prime,0.0,0.0,1,False,1,1.255652,1.2641003,1.26485126,0.0,vector_first-c1efa57fb2c2,post,2,stark-prime-038,0.0,3,0.0,0.0,vector_first,0.77,0.0,0.45865199999999995,0.027,typed_chain,True
auto_derived_v0.2,tridb_live,0.0,1.0,17080.0,,20.0,stark_prime,1.0,1.0,2,False,20,1.688749,1.8783439,1.89519678,1.0,vector_first-c9c7dff0ae35,post,2,stark-prime-038,1.0,3,0.0,0.0,vector_first,0.766,0.032,0.784749,0.117,typed_chain,True
auto_derived_v0.2,tridb_live,0.0,0.0,17080.0,,20.0,stark_prime,0.0,0.0,1,False,20,1.755334,1.8862569999999999,1.8978945999999999,0.0,vector_first-ce905df43902,post,2,stark-prime-038,0.0,3,0.0,0.0,vector_first,1.001,0.0,0.684334,0.033,typed_chain,True
auto_derived_v0.2,tridb_live,0.0,1.0,17080.0,,8.0,stark_prime,1.0,1.0,2,True,8,1.915945,2.3678386,2.40800692,1.0,vector_first-ebaeb868fc9b,post,2,stark-prime-038,1.0,3,0.0,0.0,vector_first,1.067,0.052,0.626655,0.193,typed_chain,True
auto_derived_v0.2,tridb_live,0.0,0.0,17080.0,,5.0,stark_prime,0.0,0.0,1,False,5,1.308626,1.3234436,1.32476072,0.0,vector_first-f0a58d413e0f,during,2,stark-prime-038,0.0,3,0.0,0.0,vector_first,0.732,0.087,0.4560900000000001,0.026,typed_chain,True
auto_derived_v0.2,tridb_live,0.0,5.0,7957.0,,50.0,stark_prime,0.0,0.0,1,False,50,25.954629,26.7978138,26.872763560000003,0.0,filter_first-03f67415e651,pre,2,stark-prime-039,0.0,3,0.0,0.0,filter_first,24.834,0.0,1.1216290000000022,0.127,typed_chain,True
auto_derived_v0.2,tridb_live,0.0,4.0,7957.0,,20.0,stark_prime,0.0,0.0,1,False,20,26.100978,26.550356999999998,26.5903018,0.0,filter_first-1cad3c1573b2,pre,2,stark-prime-039,0.0,3,0.0,0.0,filter_first,25.224,0.0,0.9204560000000015,0.121,typed_chain,True
auto_derived_v0.2,tridb_live,0.0,5.0,7957.0,,100.0,stark_prime,0.0,0.0,1,False,100,25.876027,26.184327399999997,26.21173188,0.0,filter_first-2387000dc3a8,pre,2,stark-prime-039,0.0,3,0.0,0.0,filter_first,24.881,0.0,0.9180270000000021,0.123,typed_chain,True
auto_derived_v0.2,tridb_live,0.0,20.0,7957.0,,100.0,stark_prime,0.0,0.0,2,False,100,32.952457,33.0005017,33.00477234,0.0,filter_first-28ed17c208d7,pre,2,stark-prime-039,0.0,3,0.0,0.0,filter_first,24.64,0.0,1.5628399999999978,6.618,typed_chain,True
auto_derived_v0.2,tridb_live,0.0,20.0,7957.0,,50.0,stark_prime,0.0,0.0,2,False,50,32.607068,32.7567092,32.77001064,0.0,filter_first-2d01f654960c,pre,2,stark-prime-039,0.0,3,0.0,0.0,filter_first,24.694,0.0,1.442336000000001,6.466,typed_chain,True
auto_derived_v0.2,tridb_live,0.0,1.0,7957.0,,1.0,stark_prime,0.0,0.0,2,False,1,4.528841,4.577768600000001,4.58211772,0.0,filter_first-3a7f1025f729,pre,2,stark-prime-039,0.0,3,0.0,0.0,filter_first,0.892,0.0,0.8972050000000005,2.75,typed_chain,True
auto_derived_v0.2,tridb_live,0.0,15.0,7957.0,,20.0,stark_prime,0.0,0.0,2,False,20,33.358579,33.417888999999995,33.423161,0.0,filter_first-46ec65dc7fea,pre,2,stark-prime-039,0.0,3,0.0,0.0,filter_first,25.147,0.0,1.6971309999999988,6.33,typed_chain,True
auto_derived_v0.2,tridb_live,0.0,3.0,7957.0,,10.0,stark_prime,0.0,0.0,1,False,10,26.954093,32.4713702,32.96179484,0.0,filter_first-8532bb36e741,pre,2,stark-prime-039,0.0,3,0.0,0.0,filter_first,25.656,0.0,0.8454010000000025,0.119,typed_chain,True
auto_derived_v0.2,tridb_live,0.0,0.0,7957.0,,5.0,stark_prime,0.0,0.0,1,False,5,1.508878,1.8039744999999998,1.8302052999999998,0.0,filter_first-8699218b4a03,pre,2,stark-prime-039,0.0,3,0.0,0.0,filter_first,0.942,0.0,0.48203699999999994,0.088,typed_chain,True
auto_derived_v0.2,tridb_live,0.0,8.0,7957.0,,10.0,stark_prime,0.0,0.0,2,False,10,33.101923,33.2950846,33.31225452,0.0,filter_first-88d1f0b4340a,pre,2,stark-prime-039,0.0,3,0.0,0.0,filter_first,24.955,0.0,1.7489229999999978,6.398,typed_chain,True
auto_derived_v0.2,tridb_live,0.0,3.0,7957.0,,5.0,stark_prime,0.0,0.0,2,False,5,8.105209,8.453163400000001,8.48409268,0.0,filter_first-bb7c33f6d989,pre,2,stark-prime-039,0.0,3,0.0,0.0,filter_first,0.986,0.0,1.144209,5.975,typed_chain,True
auto_derived_v0.2,tridb_live,0.0,0.0,7957.0,,1.0,stark_prime,0.0,0.0,1,False,1,2.00266,3.0714973,3.16650506,0.0,filter_first-ef43b60e2e3b,pre,2,stark-prime-039,0.0,3,0.0,0.0,filter_first,1.431,0.0,0.4816600000000002,0.09,typed_chain,True
auto_derived_v0.2,tridb_live,0.0,1.0,7957.0,,,stark_prime,0.0,0.0,1,False,1,1.269086,1.7931911,1.8397782200000001,0.0,traverse_first-0e65f761853b,during,2,stark-prime-039,0.0,3,0.0,0.0,traverse_first,0.319,0.373,0.4910859999999999,0.095,typed_chain,True
auto_derived_v0.2,tridb_live,0.0,1.0,7957.0,,,stark_prime,0.0,0.0,2,False,1,34.369696,34.7503249,34.78415858,0.0,traverse_first-1401f30333f9,post,2,stark-prime-039,0.0,3,0.0,0.0,traverse_first,13.269,11.886,2.4061109999999992,6.874,typed_chain,True
auto_derived_v0.2,tridb_live,0.0,20.0,7957.0,,,stark_prime,0.0,0.0,2,False,50,34.843315,35.136284800000006,35.162326560000004,0.0,traverse_first-15df7fd20126,post,2,stark-prime-039,0.0,3,0.0,0.0,traverse_first,13.344,12.038,2.603314999999995,6.858,typed_chain,True
auto_derived_v0.2,tridb_live,0.0,20.0,7957.0,,,stark_prime,0.0,0.0,1,False,50,1.20607,1.349494,1.3622428,0.0,traverse_first-18e80c0b50a9,post,2,stark-prime-039,0.0,3,0.0,0.0,traverse_first,0.264,0.367,0.485181,0.089,typed_chain,True
auto_derived_v0.2,tridb_live,0.0,5.0,7957.0,,,stark_prime,0.0,0.0,1,False,5,1.473057,1.7699967,1.79639134,0.0,traverse_first-2ef9d31e2115,during,2,stark-prime-039,0.0,3,0.0,0.0,traverse_first,0.318,0.406,0.674057,0.11,typed_chain,True
auto_derived_v0.2,tridb_live,0.0,20.0,7957.0,,,stark_prime,0.0,0.0,1,False,100,1.738293,2.7173624999999997,2.8043909,0.0,traverse_first-3161568b8481,during,2,stark-prime-039,0.0,3,0.0,0.0,traverse_first,0.405,0.498,0.8560020000000002,0.189,typed_chain,True
auto_derived_v0.2,tridb_live,0.0,20.0,7957.0,,,stark_prime,0.0,0.0,2,False,50,34.861251,35.4045252,35.45281624,0.0,traverse_first-532feb3a2124,during,2,stark-prime-039,0.0,3,0.0,0.0,traverse_first,13.561,12.108,2.489251000000003,6.903,typed_chain,True
auto_derived_v0.2,tridb_live,0.0,10.0,7957.0,,,stark_prime,0.0,0.0,2,False,10,34.619371,35.2854016,35.34460432,0.0,traverse_first-5be44627d46d,post,2,stark-prime-039,0.0,3,0.0,0.0,traverse_first,13.297,11.894,2.4644049999999993,6.854,typed_chain,True
auto_derived_v0.2,tridb_live,0.0,20.0,7957.0,,,stark_prime,0.0,0.0,2,False,20,34.676154,37.471545,37.720024200000005,0.0,traverse_first-5dac164247a2,post,2,stark-prime-039,0.0,3,0.0,0.0,traverse_first,13.393,11.937,2.544153999999999,6.903,typed_chain,True
auto_derived_v0.2,tridb_live,0.0,20.0,7957.0,,,stark_prime,0.0,0.0,2,False,100,34.697271,35.627853,35.7105714,0.0,traverse_first-6c308678a8d4,post,2,stark-prime-039,0.0,3,0.0,0.0,traverse_first,13.196,11.883,2.4472510000000014,6.905,typed_chain,True
auto_derived_v0.2,tridb_live,0.0,20.0,7957.0,,,stark_prime,0.0,0.0,1,False,20,1.525146,1.9393467,1.9761645399999999,0.0,traverse_first-6e5585f7fa7d,during,2,stark-prime-039,0.0,3,0.0,0.0,traverse_first,0.327,0.385,0.7751459999999999,0.097,typed_chain,True
auto_derived_v0.2,tridb_live,0.0,20.0,7957.0,,,stark_prime,0.0,0.0,2,False,100,35.227562,36.0581153,36.13194226,0.0,traverse_first-702b20668df6,during,2,stark-prime-039,0.0,3,0.0,0.0,traverse_first,13.479,12.129,2.5193470000000033,7.044,typed_chain,True
auto_derived_v0.2,tridb_live,0.0,20.0,7957.0,,,stark_prime,0.0,0.0,1,False,20,1.378997,1.3922189,1.39339418,0.0,traverse_first-76359c42693a,post,2,stark-prime-039,0.0,3,0.0,0.0,traverse_first,0.289,0.392,0.592997,0.1,typed_chain,True
auto_derived_v0.2,tridb_live,0.0,10.0,7957.0,,,stark_prime,0.0,0.0,1,False,10,1.2531,1.8163875,1.8664575,0.0,traverse_first-7e45a5be9de9,post,2,stark-prime-039,0.0,3,0.0,0.0,traverse_first,0.29,0.381,0.5181000000000001,0.089,typed_chain,True
auto_derived_v0.2,tridb_live,0.0,20.0,7957.0,,,stark_prime,0.0,0.0,1,False,50,1.657328,1.7371949,1.74429418,0.0,traverse_first-82c8aed23797,during,2,stark-prime-039,0.0,3,0.0,0.0,traverse_first,0.321,0.378,0.7850690000000001,0.099,typed_chain,True
auto_derived_v0.2,tridb_live,0.0,10.0,7957.0,,,stark_prime,0.0,0.0,1,False,10,1.468952,2.7028817,2.8125643399999998,0.0,traverse_first-8d055dcb7096,during,2,stark-prime-039,0.0,3,0.0,0.0,traverse_first,0.319,0.395,0.6409520000000001,0.114,typed_chain,True
auto_derived_v0.2,tridb_live,0.0,1.0,7957.0,,,stark_prime,0.0,0.0,2,False,1,34.871339,34.9323365,34.937758499999994,0.0,traverse_first-92d6d9491887,during,2,stark-prime-039,0.0,3,0.0,0.0,traverse_first,13.429,12.14,2.4613390000000024,6.825,typed_chain,True
auto_derived_v0.2,tridb_live,0.0,1.0,7957.0,,,stark_prime,0.0,0.0,1,False,1,1.164577,1.688602,1.735182,0.0,traverse_first-a6e5d14e469b,post,2,stark-prime-039,0.0,3,0.0,0.0,traverse_first,0.27,0.352,0.46104199999999995,0.09,typed_chain,True
auto_derived_v0.2,tridb_live,0.0,5.0,7957.0,,,stark_prime,0.0,0.0,2,False,5,34.840517,35.2476383,35.28382686,0.0,traverse_first-b279d6126ea0,post,2,stark-prime-039,0.0,3,0.0,0.0,traverse_first,13.47,12.113,2.552669999999999,6.905,typed_chain,True
auto_derived_v0.2,tridb_live,0.0,20.0,7957.0,,,stark_prime,0.0,0.0,1,False,100,1.264822,1.8248524,1.87463288,0.0,traverse_first-c289b470b52c,post,2,stark-prime-039,0.0,3,0.0,0.0,traverse_first,0.288,0.37,0.5108219999999999,0.096,typed_chain,True
auto_derived_v0.2,tridb_live,0.0,5.0,7957.0,,,stark_prime,0.0,0.0,2,False,5,34.675324,35.5399117,35.61676394,0.0,traverse_first-cccdd3ed958f,during,2,stark-prime-039,0.0,3,0.0,0.0,traverse_first,13.535,12.091,2.3813240000000064,6.893,typed_chain,True
auto_derived_v0.2,tridb_live,0.0,20.0,7957.0,,,stark_prime,0.0,0.0,2,False,20,34.480738,34.5383938,34.543518760000005,0.0,traverse_first-e4d7ef105a79,during,2,stark-prime-039,0.0,3,0.0,0.0,traverse_first,13.159,11.853,2.641635000000001,6.867,typed_chain,True
auto_derived_v0.2,tridb_live,0.0,5.0,7957.0,,,stark_prime,0.0,0.0,1,False,5,1.230805,1.3395115,1.3491743,0.0,traverse_first-f0fdb2bba196,post,2,stark-prime-039,0.0,3,0.0,0.0,traverse_first,0.279,0.369,0.504805,0.096,typed_chain,True
auto_derived_v0.2,tridb_live,0.0,10.0,7957.0,,,stark_prime,0.0,0.0,2,False,10,34.664799,35.0510178,35.08534836,0.0,traverse_first-f9b36ac9da92,during,2,stark-prime-039,0.0,3,0.0,0.0,traverse_first,13.329,12.103,2.505930999999997,6.863,typed_chain,True
auto_derived_v0.2,tridb_live,0.0,4.0,7957.0,,50.0,stark_prime,0.0,0.0,1,False,50,1.631273,1.8800681000000001,1.9021832200000002,0.0,vector_first-12e4b447491a,post,2,stark-prime-039,0.0,3,0.0,0.0,vector_first,0.976,0.077,0.48127300000000006,0.097,typed_chain,True
auto_derived_v0.2,tridb_live,0.0,9.0,7957.0,,50.0,stark_prime,0.0,0.0,2,False,50,8.466323,9.093128,9.148844,0.0,vector_first-2670324e0bc6,during,2,stark-prime-039,0.0,3,0.0,0.0,vector_first,1.093,0.247,1.040322999999999,6.09,typed_chain,True
auto_derived_v0.2,tridb_live,0.0,7.0,7957.0,,20.0,stark_prime,0.0,0.0,2,False,20,8.201049,8.4858756,8.51119352,0.0,vector_first-27d19d1f923e,during,2,stark-prime-039,0.0,3,0.0,0.0,vector_first,1.097,0.148,0.9803570000000006,6.017,typed_chain,True
auto_derived_v0.2,tridb_live,0.0,0.0,7957.0,,10.0,stark_prime,0.0,0.0,1,False,10,1.407637,1.7932924000000001,1.8275728800000002,0.0,vector_first-404f84e6a5f4,post,2,stark-prime-039,0.0,3,0.0,0.0,vector_first,0.806,0.0,0.478637,0.087,typed_chain,True
auto_derived_v0.2,tridb_live,0.0,2.0,7957.0,,20.0,stark_prime,0.0,0.0,1,False,20,1.844359,2.275225,2.3135242,0.0,vector_first-4c96de282a3c,during,2,stark-prime-039,0.0,3,0.0,0.0,vector_first,1.116,0.14,0.5013590000000001,0.089,typed_chain,True
auto_derived_v0.2,tridb_live,0.0,0.0,7957.0,,5.0,stark_prime,0.0,0.0,1,False,5,1.323519,1.386411,1.3920014,0.0,vector_first-539cd672e6b6,post,2,stark-prime-039,0.0,3,0.0,0.0,vector_first,0.78,0.0,0.4601120000000001,0.086,typed_chain,True
auto_derived_v0.2,tridb_live,0.0,12.0,7957.0,,100.0,stark_prime,0.0,0.0,2,False,100,9.061451,10.013767099999999,10.098417419999999,0.0,vector_first-736b83dff9a6,post,2,stark-prime-039,0.0,3,0.0,0.0,vector_first,1.514,0.149,1.0125799999999998,6.342,typed_chain,True
auto_derived_v0.2,tridb_live,0.0,3.0,7957.0,,5.0,stark_prime,0.0,0.0,2,False,5,4.336735,4.4159647,4.42300734,0.0,vector_first-7462d459aaf5,during,2,stark-prime-039,0.0,3,0.0,0.0,vector_first,0.82,0.089,0.784735,2.629,typed_chain,True
auto_derived_v0.2,tridb_live,0.0,0.0,7957.0,,1.0,stark_prime,0.0,0.0,2,False,1,8.235389,9.1319105,9.2116013,0.0,vector_first-79d7f13154dd,post,2,stark-prime-039,0.0,3,0.0,0.0,vector_first,1.091,0.0,1.124136000000001,6.113,typed_chain,True
auto_derived_v0.2,tridb_live,0.0,0.0,7957.0,,1.0,stark_prime,0.0,0.0,2,False,1,1.265476,1.2699679,1.27036718,0.0,vector_first-8735078935c5,during,2,stark-prime-039,0.0,3,0.0,0.0,vector_first,0.774,0.039,0.4444760000000001,0.0,typed_chain,True
auto_derived_v0.2,tridb_live,0.0,0.0,7957.0,,10.0,stark_prime,0.0,0.0,1,False,10,1.823693,2.0584336999999997,2.0792995399999996,0.0,vector_first-879c2f5ec6a7,during,2,stark-prime-039,0.0,3,0.0,0.0,vector_first,1.128,0.119,0.48769299999999993,0.089,typed_chain,True
auto_derived_v0.2,tridb_live,0.0,4.0,7957.0,,100.0,stark_prime,0.0,0.0,1,False,100,2.43878,2.9586479,3.00485838,0.0,vector_first-95fb2abe9f82,during,2,stark-prime-039,0.0,3,0.0,0.0,vector_first,1.45,0.385,0.50078,0.103,typed_chain,True
auto_derived_v0.2,tridb_live,0.0,4.0,7957.0,,100.0,stark_prime,0.0,0.0,1,False,100,1.934132,2.0073002,2.0138040399999997,0.0,vector_first-9a76384ab2d2,post,2,stark-prime-039,0.0,3,0.0,0.0,vector_first,1.196,0.079,0.534132,0.1,typed_chain,True
auto_derived_v0.2,tridb_live,0.0,3.0,7957.0,,10.0,stark_prime,0.0,0.0,2,False,10,8.099826,8.4723945,8.5055117,0.0,vector_first-9e027ae921ee,during,2,stark-prime-039,0.0,3,0.0,0.0,vector_first,0.941,0.12,1.0814789999999999,5.995,typed_chain,True
auto_derived_v0.2,tridb_live,0.0,0.0,7957.0,,1.0,stark_prime,0.0,0.0,1,False,1,1.966262,2.4533213000000003,2.49661546,0.0,vector_first-9f2a495d4986,during,2,stark-prime-039,0.0,3,0.0,0.0,vector_first,1.451,0.039,0.47626199999999996,0.0,typed_chain,True
auto_derived_v0.2,tridb_live,0.0,3.0,7957.0,,5.0,stark_prime,0.0,0.0,2,False,5,8.079838,8.3196376,8.34095312,0.0,vector_first-a5b8d6da0107,post,2,stark-prime-039,0.0,3,0.0,0.0,vector_first,1.113,0.074,1.1588380000000003,5.924,typed_chain,True
auto_derived_v0.2,tridb_live,0.0,9.0,7957.0,,50.0,stark_prime,0.0,0.0,2,False,50,8.6366,8.8679963,8.888564859999999,0.0,vector_first-a7431c3167bb,post,2,stark-prime-039,0.0,3,0.0,0.0,vector_first,1.375,0.128,1.1175999999999995,6.054,typed_chain,True
auto_derived_v0.2,tridb_live,0.0,3.0,7957.0,,10.0,stark_prime,0.0,0.0,2,False,10,8.087768,8.431133299999999,8.461654659999999,0.0,vector_first-a802c228be07,post,2,stark-prime-039,0.0,3,0.0,0.0,vector_first,1.176,0.075,0.996454,5.896,typed_chain,True
auto_derived_v0.2,tridb_live,0.0,4.0,7957.0,,50.0,stark_prime,0.0,0.0,1,False,50,2.29508,3.159998,3.2368796,0.0,vector_first-b3f469e3373a,during,2,stark-prime-039,0.0,3,0.0,0.0,vector_first,1.399,0.255,0.5440800000000001,0.095,typed_chain,True
auto_derived_v0.2,tridb_live,0.0,12.0,7957.0,,100.0,stark_prime,0.0,0.0,2,False,100,9.029656,9.1997731,9.214894619999999,0.0,vector_first-b9cbe3a2c022,during,2,stark-prime-039,0.0,3,0.0,0.0,vector_first,1.295,0.374,1.132655999999999,6.226,typed_chain,True
auto_derived_v0.2,tridb_live,0.0,0.0,7957.0,,1.0,stark_prime,0.0,0.0,1,False,1,1.3766,1.3915112,1.39283664,0.0,vector_first-c1efa57fb2c2,post,2,stark-prime-039,0.0,3,0.0,0.0,vector_first,0.781,0.0,0.48516799999999993,0.102,typed_chain,True
auto_derived_v0.2,tridb_live,0.0,7.0,7957.0,,20.0,stark_prime,0.0,0.0,2,False,20,8.272432,8.5790944,8.60635328,0.0,vector_first-c9c7dff0ae35,post,2,stark-prime-039,0.0,3,0.0,0.0,vector_first,1.21,0.117,1.0524320000000005,5.916,typed_chain,True
auto_derived_v0.2,tridb_live,0.0,2.0,7957.0,,20.0,stark_prime,0.0,0.0,1,False,20,1.448228,1.4856851,1.4890146199999998,0.0,vector_first-ce905df43902,post,2,stark-prime-039,0.0,3,0.0,0.0,vector_first,0.831,0.043,0.4912280000000001,0.088,typed_chain,True
auto_derived_v0.2,tridb_live,0.0,3.0,7957.0,,8.0,stark_prime,0.0,0.0,2,True,8,8.245052,8.567954,8.5966564,0.0,vector_first-ebaeb868fc9b,post,2,stark-prime-039,0.0,3,0.0,0.0,vector_first,1.207,0.07,1.0970519999999997,5.871,typed_chain,True
auto_derived_v0.2,tridb_live,0.0,0.0,7957.0,,5.0,stark_prime,0.0,0.0,1,False,5,1.700366,2.280569,2.3321426,0.0,vector_first-f0a58d413e0f,during,2,stark-prime-039,0.0,3,0.0,0.0,vector_first,1.024,0.091,0.4963660000000001,0.089,typed_chain,True
